f181ae4e5091ad6f	/home/aobled/Downloads/Aircraft_DATASET/detection/train/c130/f181ae4e5091ad6f.jpg	/home/aobled/Downloads/Aircraft_DATASET/tmp_multi/C130/f181ae4e5091ad6f.jpg
e492936d70c6f938	/home/aobled/Downloads/Aircraft_DATASET/detection/train/c130/e492936d70c6f938.jpg	/home/aobled/Downloads/Aircraft_DATASET/tmp_multi/C130/e492936d70c6f938.jpg
c1661e3171cfc69c	/home/aobled/Downloads/Aircraft_DATASET/detection/train/rafale/c1661e3171cfc69c.jpg	/home/aobled/Downloads/Aircraft_DATASET/detection/train/_multi/c1661e3171cfc69c.jpg
9498d343641db9f6	/home/aobled/Downloads/Aircraft_DATASET/detection/train/flanker/9498d343641db9f6.jpg	/home/aobled/Downloads/Aircraft_DATASET/tmp_multi/Sukhoi/9498d343641db9f6.jpg
eae695199bb44351	/home/aobled/Downloads/Aircraft_DATASET/detection/train/flanker/eae695199bb44351.jpg	/home/aobled/Downloads/Aircraft_DATASET/tmp_multi/Sukhoi/eae695199bb44351.jpg
e8e71ae56518c70e	/home/aobled/Downloads/Aircraft_DATASET/detection/train/flanker/e8e71ae56518c70e.jpg	/home/aobled/Downloads/Aircraft_DATASET/tmp_multi/Sukhoi/e8e71ae56518c70e.jpg
e9c9bdba2286d438	/home/aobled/Downloads/Aircraft_DATASET/detection/train/flanker/e9c9bdba2286d438.jpg	/home/aobled/Downloads/Aircraft_DATASET/tmp_multi/Sukhoi/e9c9bdba2286d438.jpg
eb9516ea259b8a64	/home/aobled/Downloads/Aircraft_DATASET/detection/train/flanker/eb9516ea259b8a64.jpg	/home/aobled/Downloads/Aircraft_DATASET/tmp_multi/Sukhoi/eb9516ea259b8a64.jpg
9ac9a4b293756c1b	/home/aobled/Downloads/Aircraft_DATASET/detection/train/flanker/9ac9a4b293756c1b.jpg	/home/aobled/Downloads/Aircraft_DATASET/tmp_multi/Sukhoi/9ac9a4b293756c1b.jpg
b69dcc60a19b7c34	/home/aobled/Downloads/Aircraft_DATASET/detection/train/flanker/b69dcc60a19b7c34.jpg	/home/aobled/Downloads/Aircraft_DATASET/tmp_multi/Sukhoi/b69dcc60a19b7c34.jpg
c593ac9a5767688c	/home/aobled/Downloads/Aircraft_DATASET/detection/train/flanker/c593ac9a5767688c.jpg	/home/aobled/Downloads/Aircraft_DATASET/tmp_multi/Sukhoi/c593ac9a5767688c.jpg
9287ec1c42a7bcdc	/home/aobled/Downloads/Aircraft_DATASET/detection/train/flanker/9287ec1c42a7bcdc.jpg	/home/aobled/Downloads/Aircraft_DATASET/tmp_multi/Sukhoi/9287ec1c42a7bcdc.jpg
dedcc993a6248c39	/home/aobled/Downloads/Aircraft_DATASET/detection/train/flanker/dedcc993a6248c39.jpg	/home/aobled/Downloads/Aircraft_DATASET/tmp_multi/Sukhoi/dedcc993a6248c39.jpg
b9c706f08d66b18e	/home/aobled/Downloads/Aircraft_DATASET/detection/train/flanker/b9c706f08d66b18e.jpg	/home/aobled/Downloads/Aircraft_DATASET/tmp_multi/Sukhoi/b9c706f08d66b18e.jpg
ee811b95649dc05f	/home/aobled/Downloads/Aircraft_DATASET/detection/train/flanker/ee811b95649dc05f.jpg	/home/aobled/Downloads/Aircraft_DATASET/tmp_multi/Sukhoi/ee811b95649dc05f.jpg
8abcb4c74319647e	/home/aobled/Downloads/Aircraft_DATASET/detection/train/flanker/8abcb4c74319647e.jpg	/home/aobled/Downloads/Aircraft_DATASET/tmp_multi/Sukhoi/8abcb4c74319647e.jpg
8b8ad6f429d1707a	/home/aobled/Downloads/Aircraft_DATASET/detection/train/flanker/8b8ad6f429d1707a.jpg	/home/aobled/Downloads/Aircraft_DATASET/tmp_multi/Sukhoi/8b8ad6f429d1707a.jpg
80d2ff2d4ac6259b	/home/aobled/Downloads/Aircraft_DATASET/detection/train/flanker/80d2ff2d4ac6259b.jpg	/home/aobled/Downloads/Aircraft_DATASET/tmp_multi/Sukhoi/80d2ff2d4ac6259b.jpg
dbc924557bca0535	/home/aobled/Downloads/Aircraft_DATASET/detection/train/flanker/dbc924557bca0535.jpg	/home/aobled/Downloads/Aircraft_DATASET/tmp_multi/Sukhoi/dbc924557bca0535.jpg
83fd7c1b03cd7812	/home/aobled/Downloads/Aircraft_DATASET/detection/train/flanker/83fd7c1b03cd7812.jpg	/home/aobled/Downloads/Aircraft_DATASET/tmp_multi/Sukhoi/83fd7c1b03cd7812.jpg
8bd5e0119fc5345b	/home/aobled/Downloads/Aircraft_DATASET/detection/train/flanker/8bd5e0119fc5345b.jpg	/home/aobled/Downloads/Aircraft_DATASET/tmp_multi/Sukhoi/8bd5e0119fc5345b.jpg
bacec5b290813f2e	/home/aobled/Downloads/Aircraft_DATASET/detection/train/flanker/bacec5b290813f2e.jpg	/home/aobled/Downloads/Aircraft_DATASET/tmp_multi/Sukhoi/bacec5b290813f2e.jpg
b1a9ceb63149c8b6	/home/aobled/Downloads/Aircraft_DATASET/detection/train/flanker/b1a9ceb63149c8b6.jpg	/home/aobled/Downloads/Aircraft_DATASET/tmp_multi/Sukhoi/b1a9ceb63149c8b6.jpg
d5f5c9a83e862271	/home/aobled/Downloads/Aircraft_DATASET/detection/train/flanker/d5f5c9a83e862271.jpg	/home/aobled/Downloads/Aircraft_DATASET/tmp_multi/Sukhoi/d5f5c9a83e862271.jpg
ba9dc52222c5f53a	/home/aobled/Downloads/Aircraft_DATASET/detection/train/flanker/ba9dc52222c5f53a.jpg	/home/aobled/Downloads/Aircraft_DATASET/tmp_multi/Sukhoi/ba9dc52222c5f53a.jpg
d38eec2841563ead	/home/aobled/Downloads/Aircraft_DATASET/detection/train/flanker/d38eec2841563ead.jpg	/home/aobled/Downloads/Aircraft_DATASET/tmp_multi/Sukhoi/d38eec2841563ead.jpg
eb0c90737c9d6362	/home/aobled/Downloads/Aircraft_DATASET/detection/train/flanker/eb0c90737c9d6362.jpg	/home/aobled/Downloads/Aircraft_DATASET/tmp_multi/Sukhoi/eb0c90737c9d6362.jpg
8595fa6b47143999	/home/aobled/Downloads/Aircraft_DATASET/detection/train/flanker/8595fa6b47143999.jpg	/home/aobled/Downloads/Aircraft_DATASET/tmp_multi/Sukhoi/8595fa6b47143999.jpg
9495a3ea6c1c1773	/home/aobled/Downloads/Aircraft_DATASET/detection/train/flanker/9495a3ea6c1c1773.jpg	/home/aobled/Downloads/Aircraft_DATASET/tmp_multi/Sukhoi/9495a3ea6c1c1773.jpg
93cae53798586693	/home/aobled/Downloads/Aircraft_DATASET/detection/train/flanker/93cae53798586693.jpg	/home/aobled/Downloads/Aircraft_DATASET/tmp_multi/Sukhoi/93cae53798586693.jpg
c0dca72348dcd3b3	/home/aobled/Downloads/Aircraft_DATASET/detection/val/c130/c0dca72348dcd3b3.jpg	/home/aobled/Downloads/Aircraft_DATASET/tmp_multi/C130/c0dca72348dcd3b3.jpg
b2b2cde5321a58f1	/home/aobled/Downloads/Aircraft_DATASET/detection/val/c130/b2b2cde5321a58f1.jpg	/home/aobled/Downloads/Aircraft_DATASET/tmp_multi/C130/b2b2cde5321a58f1.jpg
bc9cc363299cd623	/home/aobled/Downloads/Aircraft_DATASET/detection/val/c130/bc9cc363299cd623.jpg	/home/aobled/Downloads/Aircraft_DATASET/tmp_multi/C130/bc9cc363299cd623.jpg
e0c29eed6d999982	/home/aobled/Downloads/Aircraft_DATASET/detection/val/c130/e0c29eed6d999982.jpg	/home/aobled/Downloads/Aircraft_DATASET/tmp_multi/C130/e0c29eed6d999982.jpg
b5c4cabb3344c4dc	/home/aobled/Downloads/Aircraft_DATASET/detection/val/c130/b5c4cabb3344c4dc.jpg	/home/aobled/Downloads/Aircraft_DATASET/tmp_multi/C130/b5c4cabb3344c4dc.jpg
b28acc2bba9c4de2	/home/aobled/Downloads/Aircraft_DATASET/detection/val/c130/b28acc2bba9c4de2.jpg	/home/aobled/Downloads/Aircraft_DATASET/tmp_multi/C130/b28acc2bba9c4de2.jpg
e6ec9893736ccc81	/home/aobled/Downloads/Aircraft_DATASET/detection/val/c130/e6ec9893736ccc81.jpg	/home/aobled/Downloads/Aircraft_DATASET/tmp_multi/C130/e6ec9893736ccc81.jpg
f6f289097cb0e30e	/home/aobled/Downloads/Aircraft_DATASET/detection/val/c130/f6f289097cb0e30e.jpg	/home/aobled/Downloads/Aircraft_DATASET/tmp_multi/C130/f6f289097cb0e30e.jpg
f8b88dc363719c8c	/home/aobled/Downloads/Aircraft_DATASET/detection/val/c130/f8b88dc363719c8c.jpg	/home/aobled/Downloads/Aircraft_DATASET/tmp_multi/C130/f8b88dc363719c8c.jpg
91c6b7ec187b3344	/home/aobled/Downloads/Aircraft_DATASET/detection/val/c130/91c6b7ec187b3344.jpg	/home/aobled/Downloads/Aircraft_DATASET/tmp_multi/C130/91c6b7ec187b3344.jpg
b5adca562569c913	/home/aobled/Downloads/Aircraft_DATASET/detection/val/c130/b5adca562569c913.jpg	/home/aobled/Downloads/Aircraft_DATASET/tmp_multi/C130/b5adca562569c913.jpg
a125ae5ad2952d2f	/home/aobled/Downloads/Aircraft_DATASET/detection/val/c130/a125ae5ad2952d2f.jpg	/home/aobled/Downloads/Aircraft_DATASET/tmp_multi/C130/a125ae5ad2952d2f.jpg
af8fd060209edf61	/home/aobled/Downloads/Aircraft_DATASET/detection/val/c130/af8fd060209edf61.jpg	/home/aobled/Downloads/Aircraft_DATASET/tmp_multi/C130/af8fd060209edf61.jpg
e9cbc516b0699f06	/home/aobled/Downloads/Aircraft_DATASET/detection/val/c130/e9cbc516b0699f06.jpg	/home/aobled/Downloads/Aircraft_DATASET/tmp_multi/C130/e9cbc516b0699f06.jpg
9caec35164a49e5d	/home/aobled/Downloads/Aircraft_DATASET/detection/val/c130/9caec35164a49e5d.jpg	/home/aobled/Downloads/Aircraft_DATASET/tmp_multi/C130/9caec35164a49e5d.jpg
c0d59dab6248793d	/home/aobled/Downloads/Aircraft_DATASET/detection/val/c130/c0d59dab6248793d.jpg	/home/aobled/Downloads/Aircraft_DATASET/tmp_multi/C130/c0d59dab6248793d.jpg
adc192366dc93366	/home/aobled/Downloads/Aircraft_DATASET/detection/val/c130/adc192366dc93366.jpg	/home/aobled/Downloads/Aircraft_DATASET/tmp_multi/C130/adc192366dc93366.jpg
998dc6765989a60f	/home/aobled/Downloads/Aircraft_DATASET/detection/val/c130/998dc6765989a60f.jpg	/home/aobled/Downloads/Aircraft_DATASET/tmp_multi/C130/998dc6765989a60f.jpg
cbd0b54ed9a00dcd	/home/aobled/Downloads/Aircraft_DATASET/detection/val/c130/cbd0b54ed9a00dcd.jpg	/home/aobled/Downloads/Aircraft_DATASET/tmp_multi/C130/cbd0b54ed9a00dcd.jpg
b8d887675bd8a426	/home/aobled/Downloads/Aircraft_DATASET/detection/val/c130/b8d887675bd8a426.jpg	/home/aobled/Downloads/Aircraft_DATASET/tmp_multi/C130/b8d887675bd8a426.jpg
b7bdc8c0630f9c38	/home/aobled/Downloads/Aircraft_DATASET/detection/val/c130/b7bdc8c0630f9c38.jpg	/home/aobled/Downloads/Aircraft_DATASET/tmp_multi/C130/b7bdc8c0630f9c38.jpg
c3e0b43f998036fa	/home/aobled/Downloads/Aircraft_DATASET/detection/val/c130/c3e0b43f998036fa.jpg	/home/aobled/Downloads/Aircraft_DATASET/tmp_multi/C130/c3e0b43f998036fa.jpg
f6ec89a37bcc8023	/home/aobled/Downloads/Aircraft_DATASET/detection/val/c130/f6ec89a37bcc8023.jpg	/home/aobled/Downloads/Aircraft_DATASET/tmp_multi/C130/f6ec89a37bcc8023.jpg
ab93152553cb34f4	/home/aobled/Downloads/Aircraft_DATASET/detection/val/c130/ab93152553cb34f4.jpg	/home/aobled/Downloads/Aircraft_DATASET/tmp_multi/C130/ab93152553cb34f4.jpg
9414d563e59d3969	/home/aobled/Downloads/Aircraft_DATASET/detection/val/c130/9414d563e59d3969.jpg	/home/aobled/Downloads/Aircraft_DATASET/tmp_multi/C130/9414d563e59d3969.jpg
8acaf5f5318a9e30	/home/aobled/Downloads/Aircraft_DATASET/detection/val/c130/8acaf5f5318a9e30.jpg	/home/aobled/Downloads/Aircraft_DATASET/tmp_multi/C130/8acaf5f5318a9e30.jpg
a499fad6d83209ad	/home/aobled/Downloads/Aircraft_DATASET/detection/val/c130/a499fad6d83209ad.jpg	/home/aobled/Downloads/Aircraft_DATASET/tmp_multi/C130/a499fad6d83209ad.jpg
99c8a62739ccb61b	/home/aobled/Downloads/Aircraft_DATASET/detection/val/c130/99c8a62739ccb61b.jpg	/home/aobled/Downloads/Aircraft_DATASET/tmp_multi/C130/99c8a62739ccb61b.jpg
a1a1d9928e8ce9f3	/home/aobled/Downloads/Aircraft_DATASET/detection/val/c130/a1a1d9928e8ce9f3.jpg	/home/aobled/Downloads/Aircraft_DATASET/tmp_multi/C130/a1a1d9928e8ce9f3.jpg
e0e8de172768e83c	/home/aobled/Downloads/Aircraft_DATASET/detection/val/c130/e0e8de172768e83c.jpg	/home/aobled/Downloads/Aircraft_DATASET/tmp_multi/C130/e0e8de172768e83c.jpg
de1a88eaf7912169	/home/aobled/Downloads/Aircraft_DATASET/detection/val/c130/de1a88eaf7912169.jpg	/home/aobled/Downloads/Aircraft_DATASET/tmp_multi/C130/de1a88eaf7912169.jpg
e5a648ddb263b518	/home/aobled/Downloads/Aircraft_DATASET/detection/val/c130/e5a648ddb263b518.jpg	/home/aobled/Downloads/Aircraft_DATASET/tmp_multi/C130/e5a648ddb263b518.jpg
81d1aede17d1612d	/home/aobled/Downloads/Aircraft_DATASET/detection/val/c130/81d1aede17d1612d.jpg	/home/aobled/Downloads/Aircraft_DATASET/tmp_multi/C130/81d1aede17d1612d.jpg
9bcbc4353b9a2465	/home/aobled/Downloads/Aircraft_DATASET/detection/val/c130/9bcbc4353b9a2465.jpg	/home/aobled/Downloads/Aircraft_DATASET/tmp_multi/C130/9bcbc4353b9a2465.jpg
cacb3c24d17652da	/home/aobled/Downloads/Aircraft_DATASET/detection/val/c130/cacb3c24d17652da.jpg	/home/aobled/Downloads/Aircraft_DATASET/tmp_multi/C130/cacb3c24d17652da.jpg
edc993326cc9b126	/home/aobled/Downloads/Aircraft_DATASET/detection/val/c130/edc993326cc9b126.jpg	/home/aobled/Downloads/Aircraft_DATASET/tmp_multi/C130/edc993326cc9b126.jpg
83b0cfe9b6c88cb2	/home/aobled/Downloads/Aircraft_DATASET/detection/val/c130/83b0cfe9b6c88cb2.jpg	/home/aobled/Downloads/Aircraft_DATASET/tmp_multi/C130/83b0cfe9b6c88cb2.jpg
c9db342dc936b2a1	/home/aobled/Downloads/Aircraft_DATASET/detection/val/c130/c9db342dc936b2a1.jpg	/home/aobled/Downloads/Aircraft_DATASET/tmp_multi/C130/c9db342dc936b2a1.jpg
b5c0dbc217a4e8da	/home/aobled/Downloads/Aircraft_DATASET/detection/val/c130/b5c0dbc217a4e8da.jpg	/home/aobled/Downloads/Aircraft_DATASET/tmp_multi/C130/b5c0dbc217a4e8da.jpg
8781baee7cf87208	/home/aobled/Downloads/Aircraft_DATASET/detection/val/c130/8781baee7cf87208.jpg	/home/aobled/Downloads/Aircraft_DATASET/tmp_multi/C130/8781baee7cf87208.jpg
94f789e2c666192e	/home/aobled/Downloads/Aircraft_DATASET/detection/val/c130/94f789e2c666192e.jpg	/home/aobled/Downloads/Aircraft_DATASET/tmp_multi/C130/94f789e2c666192e.jpg
a7c1d137e3c91436	/home/aobled/Downloads/Aircraft_DATASET/detection/val/c130/a7c1d137e3c91436.jpg	/home/aobled/Downloads/Aircraft_DATASET/tmp_multi/C130/a7c1d137e3c91436.jpg
828ac8b73765653d	/home/aobled/Downloads/Aircraft_DATASET/detection/val/c130/828ac8b73765653d.jpg	/home/aobled/Downloads/Aircraft_DATASET/tmp_multi/C130/828ac8b73765653d.jpg
af8791706c9f8370	/home/aobled/Downloads/Aircraft_DATASET/detection/val/c130/af8791706c9f8370.jpg	/home/aobled/Downloads/Aircraft_DATASET/tmp_multi/C130/af8791706c9f8370.jpg
82b0f55f4a88f536	/home/aobled/Downloads/Aircraft_DATASET/detection/val/c130/82b0f55f4a88f536.jpg	/home/aobled/Downloads/Aircraft_DATASET/tmp_multi/C130/82b0f55f4a88f536.jpg
b66ec6e1a4ec4e81	/home/aobled/Downloads/Aircraft_DATASET/detection/val/c130/b66ec6e1a4ec4e81.jpg	/home/aobled/Downloads/Aircraft_DATASET/tmp_multi/C130/b66ec6e1a4ec4e81.jpg
f8bc85e363119c6c	/home/aobled/Downloads/Aircraft_DATASET/detection/val/c130/f8bc85e363119c6c.jpg	/home/aobled/Downloads/Aircraft_DATASET/tmp_multi/C130/f8bc85e363119c6c.jpg
87b5786ac3943d61	/home/aobled/Downloads/Aircraft_DATASET/detection/val/c130/87b5786ac3943d61.jpg	/home/aobled/Downloads/Aircraft_DATASET/tmp_multi/C130/87b5786ac3943d61.jpg
f9c9863638c9e12b	/home/aobled/Downloads/Aircraft_DATASET/detection/val/c130/f9c9863638c9e12b.jpg	/home/aobled/Downloads/Aircraft_DATASET/tmp_multi/C130/f9c9863638c9e12b.jpg
9988a63b99c63b39	/home/aobled/Downloads/Aircraft_DATASET/detection/val/c130/9988a63b99c63b39.jpg	/home/aobled/Downloads/Aircraft_DATASET/tmp_multi/C130/9988a63b99c63b39.jpg
d3d1a0ae0f73f124	/home/aobled/Downloads/Aircraft_DATASET/detection/val/c130/d3d1a0ae0f73f124.jpg	/home/aobled/Downloads/Aircraft_DATASET/tmp_multi/C130/d3d1a0ae0f73f124.jpg
e6bc1266117aeaa9	/home/aobled/Downloads/Aircraft_DATASET/detection/val/c130/e6bc1266117aeaa9.jpg	/home/aobled/Downloads/Aircraft_DATASET/tmp_multi/C130/e6bc1266117aeaa9.jpg
ade9d2f62c8d1924	/home/aobled/Downloads/Aircraft_DATASET/detection/val/c130/ade9d2f62c8d1924.jpg	/home/aobled/Downloads/Aircraft_DATASET/tmp_multi/C130/ade9d2f62c8d1924.jpg
a59394e6a1d91a6e	/home/aobled/Downloads/Aircraft_DATASET/detection/val/c130/a59394e6a1d91a6e.jpg	/home/aobled/Downloads/Aircraft_DATASET/tmp_multi/C130/a59394e6a1d91a6e.jpg
b119446633d9ecb6	/home/aobled/Downloads/Aircraft_DATASET/detection/val/c130/b119446633d9ecb6.jpg	/home/aobled/Downloads/Aircraft_DATASET/tmp_multi/C130/b119446633d9ecb6.jpg
e1f18c8e4e71f10d	/home/aobled/Downloads/Aircraft_DATASET/detection/val/c130/e1f18c8e4e71f10d.jpg	/home/aobled/Downloads/Aircraft_DATASET/tmp_multi/C130/e1f18c8e4e71f10d.jpg
9f8fa0609daf620b	/home/aobled/Downloads/Aircraft_DATASET/detection/val/c130/9f8fa0609daf620b.jpg	/home/aobled/Downloads/Aircraft_DATASET/tmp_multi/C130/9f8fa0609daf620b.jpg
92dded2227dd2a22	/home/aobled/Downloads/Aircraft_DATASET/detection/val/c130/92dded2227dd2a22.jpg	/home/aobled/Downloads/Aircraft_DATASET/tmp_multi/C130/92dded2227dd2a22.jpg
c4a91af2315dd627	/home/aobled/Downloads/Aircraft_DATASET/detection/val/c130/c4a91af2315dd627.jpg	/home/aobled/Downloads/Aircraft_DATASET/tmp_multi/C130/c4a91af2315dd627.jpg
bfaec060369e8969	/home/aobled/Downloads/Aircraft_DATASET/detection/val/c130/bfaec060369e8969.jpg	/home/aobled/Downloads/Aircraft_DATASET/tmp_multi/C130/bfaec060369e8969.jpg
badac625b9185e85	/home/aobled/Downloads/Aircraft_DATASET/detection/val/c130/badac625b9185e85.jpg	/home/aobled/Downloads/Aircraft_DATASET/tmp_multi/C130/badac625b9185e85.jpg
af9fc460239cdc62	/home/aobled/Downloads/Aircraft_DATASET/detection/val/c130/af9fc460239cdc62.jpg	/home/aobled/Downloads/Aircraft_DATASET/tmp_multi/C130/af9fc460239cdc62.jpg
8cccf3268c99f3c2	/home/aobled/Downloads/Aircraft_DATASET/detection/val/c130/8cccf3268c99f3c2.jpg	/home/aobled/Downloads/Aircraft_DATASET/tmp_multi/C130/8cccf3268c99f3c2.jpg
c380849cf36bcfa9	/home/aobled/Downloads/Aircraft_DATASET/detection/val/c130/c380849cf36bcfa9.jpg	/home/aobled/Downloads/Aircraft_DATASET/tmp_multi/C130/c380849cf36bcfa9.jpg
99c2b2a61d7d3343	/home/aobled/Downloads/Aircraft_DATASET/detection/val/c130/99c2b2a61d7d3343.jpg	/home/aobled/Downloads/Aircraft_DATASET/tmp_multi/C130/99c2b2a61d7d3343.jpg
9294ed7a22c5db32	/home/aobled/Downloads/Aircraft_DATASET/detection/val/c130/9294ed7a22c5db32.jpg	/home/aobled/Downloads/Aircraft_DATASET/tmp_multi/C130/9294ed7a22c5db32.jpg
87bef8c04347a63c	/home/aobled/Downloads/Aircraft_DATASET/detection/val/c130/87bef8c04347a63c.jpg	/home/aobled/Downloads/Aircraft_DATASET/tmp_multi/C130/87bef8c04347a63c.jpg
b199cc66671999e2	/home/aobled/Downloads/Aircraft_DATASET/detection/val/c130/b199cc66671999e2.jpg	/home/aobled/Downloads/Aircraft_DATASET/tmp_multi/C130/b199cc66671999e2.jpg
92bfcd603095ee68	/home/aobled/Downloads/Aircraft_DATASET/detection/val/c130/92bfcd603095ee68.jpg	/home/aobled/Downloads/Aircraft_DATASET/tmp_multi/C130/92bfcd603095ee68.jpg
e2d391ada64a8b74	/home/aobled/Downloads/Aircraft_DATASET/detection/val/c130/e2d391ada64a8b74.jpg	/home/aobled/Downloads/Aircraft_DATASET/tmp_multi/C130/e2d391ada64a8b74.jpg
b1b8e4c75b892c72	/home/aobled/Downloads/Aircraft_DATASET/detection/val/c130/b1b8e4c75b892c72.jpg	/home/aobled/Downloads/Aircraft_DATASET/tmp_multi/C130/b1b8e4c75b892c72.jpg
8ea7f0505e8be929	/home/aobled/Downloads/Aircraft_DATASET/detection/val/c130/8ea7f0505e8be929.jpg	/home/aobled/Downloads/Aircraft_DATASET/tmp_multi/C130/8ea7f0505e8be929.jpg
fbad96146039cdc2	/home/aobled/Downloads/Aircraft_DATASET/detection/val/c130/fbad96146039cdc2.jpg	/home/aobled/Downloads/Aircraft_DATASET/tmp_multi/C130/fbad96146039cdc2.jpg
9bcac4e53b9b2c24	/home/aobled/Downloads/Aircraft_DATASET/detection/val/c130/9bcac4e53b9b2c24.jpg	/home/aobled/Downloads/Aircraft_DATASET/tmp_multi/C130/9bcac4e53b9b2c24.jpg
badac5a4389a3a65	/home/aobled/Downloads/Aircraft_DATASET/detection/val/c130/badac5a4389a3a65.jpg	/home/aobled/Downloads/Aircraft_DATASET/tmp_multi/C130/badac5a4389a3a65.jpg
a48bd2ec43328cef	/home/aobled/Downloads/Aircraft_DATASET/detection/val/c130/a48bd2ec43328cef.jpg	/home/aobled/Downloads/Aircraft_DATASET/tmp_multi/C130/a48bd2ec43328cef.jpg
f5961af5d420e8c5	/home/aobled/Downloads/Aircraft_DATASET/detection/val/c130/f5961af5d420e8c5.jpg	/home/aobled/Downloads/Aircraft_DATASET/tmp_multi/C130/f5961af5d420e8c5.jpg
b6caa7a5c20d9ac5	/home/aobled/Downloads/Aircraft_DATASET/detection/val/c130/b6caa7a5c20d9ac5.jpg	/home/aobled/Downloads/Aircraft_DATASET/tmp_multi/C130/b6caa7a5c20d9ac5.jpg
e2b38c4cf333854d	/home/aobled/Downloads/Aircraft_DATASET/detection/val/c130/e2b38c4cf333854d.jpg	/home/aobled/Downloads/Aircraft_DATASET/tmp_multi/C130/e2b38c4cf333854d.jpg
f2fc85a1224a59ed	/home/aobled/Downloads/Aircraft_DATASET/detection/val/c130/f2fc85a1224a59ed.jpg	/home/aobled/Downloads/Aircraft_DATASET/tmp_multi/C130/f2fc85a1224a59ed.jpg
fe9f1b5be4c40124	/home/aobled/Downloads/Aircraft_DATASET/detection/val/c130/fe9f1b5be4c40124.jpg	/home/aobled/Downloads/Aircraft_DATASET/tmp_multi/C130/fe9f1b5be4c40124.jpg
b1b8e6c759092c76	/home/aobled/Downloads/Aircraft_DATASET/detection/val/c130/b1b8e6c759092c76.jpg	/home/aobled/Downloads/Aircraft_DATASET/tmp_multi/C130/b1b8e6c759092c76.jpg
d29a0d27f29866f2	/home/aobled/Downloads/Aircraft_DATASET/detection/val/c130/d29a0d27f29866f2.jpg	/home/aobled/Downloads/Aircraft_DATASET/tmp_multi/C130/d29a0d27f29866f2.jpg
d593ea69941ce361	/home/aobled/Downloads/Aircraft_DATASET/detection/val/c130/d593ea69941ce361.jpg	/home/aobled/Downloads/Aircraft_DATASET/tmp_multi/C130/d593ea69941ce361.jpg
a9c6d2232df8c725	/home/aobled/Downloads/Aircraft_DATASET/detection/val/c130/a9c6d2232df8c725.jpg	/home/aobled/Downloads/Aircraft_DATASET/tmp_multi/C130/a9c6d2232df8c725.jpg
b74748b0b087df70	/home/aobled/Downloads/Aircraft_DATASET/detection/val/c130/b74748b0b087df70.jpg	/home/aobled/Downloads/Aircraft_DATASET/tmp_multi/C130/b74748b0b087df70.jpg
8080e77f5b9b644e	/home/aobled/Downloads/Aircraft_DATASET/detection/val/c130/8080e77f5b9b644e.jpg	/home/aobled/Downloads/Aircraft_DATASET/tmp_multi/C130/8080e77f5b9b644e.jpg
8de6f23d0481f276	/home/aobled/Downloads/Aircraft_DATASET/detection/val/c130/8de6f23d0481f276.jpg	/home/aobled/Downloads/Aircraft_DATASET/tmp_multi/C130/8de6f23d0481f276.jpg
f1111c6422dbedb5	/home/aobled/Downloads/Aircraft_DATASET/detection/val/c130/f1111c6422dbedb5.jpg	/home/aobled/Downloads/Aircraft_DATASET/tmp_multi/C130/f1111c6422dbedb5.jpg
80eed991f23c84e7	/home/aobled/Downloads/Aircraft_DATASET/detection/val/c130/80eed991f23c84e7.jpg	/home/aobled/Downloads/Aircraft_DATASET/tmp_multi/C130/80eed991f23c84e7.jpg
f1115c6622d9edb4	/home/aobled/Downloads/Aircraft_DATASET/detection/val/c130/f1115c6622d9edb4.jpg	/home/aobled/Downloads/Aircraft_DATASET/tmp_multi/C130/f1115c6622d9edb4.jpg
bf9fd620499832e4	/home/aobled/Downloads/Aircraft_DATASET/detection/val/c130/bf9fd620499832e4.jpg	/home/aobled/Downloads/Aircraft_DATASET/tmp_multi/C130/bf9fd620499832e4.jpg
f776aa2884878f68	/home/aobled/Downloads/Aircraft_DATASET/detection/val/c130/f776aa2884878f68.jpg	/home/aobled/Downloads/Aircraft_DATASET/tmp_multi/C130/f776aa2884878f68.jpg
f2ea9c89b3131566	/home/aobled/Downloads/Aircraft_DATASET/detection/val/c130/f2ea9c89b3131566.jpg	/home/aobled/Downloads/Aircraft_DATASET/tmp_multi/C130/f2ea9c89b3131566.jpg
85b29e43e49e5b25	/home/aobled/Downloads/Aircraft_DATASET/detection/val/c130/85b29e43e49e5b25.jpg	/home/aobled/Downloads/Aircraft_DATASET/tmp_multi/C130/85b29e43e49e5b25.jpg
a7a7c070379f8869	/home/aobled/Downloads/Aircraft_DATASET/detection/val/c130/a7a7c070379f8869.jpg	/home/aobled/Downloads/Aircraft_DATASET/tmp_multi/C130/a7a7c070379f8869.jpg
fe8e8931768e8531	/home/aobled/Downloads/Aircraft_DATASET/detection/val/c130/fe8e8931768e8531.jpg	/home/aobled/Downloads/Aircraft_DATASET/tmp_multi/C130/fe8e8931768e8531.jpg
c1b989e4a368ce9b	/home/aobled/Downloads/Aircraft_DATASET/detection/val/c130/c1b989e4a368ce9b.jpg	/home/aobled/Downloads/Aircraft_DATASET/tmp_multi/C130/c1b989e4a368ce9b.jpg
d98fe670190d23a7	/home/aobled/Downloads/Aircraft_DATASET/detection/val/c130/d98fe670190d23a7.jpg	/home/aobled/Downloads/Aircraft_DATASET/tmp_multi/C130/d98fe670190d23a7.jpg
f2f29d0d6fc3060c	/home/aobled/Downloads/Aircraft_DATASET/detection/val/c130/f2f29d0d6fc3060c.jpg	/home/aobled/Downloads/Aircraft_DATASET/tmp_multi/C130/f2f29d0d6fc3060c.jpg
a486db7b348cd878	/home/aobled/Downloads/Aircraft_DATASET/detection/val/c130/a486db7b348cd878.jpg	/home/aobled/Downloads/Aircraft_DATASET/tmp_multi/C130/a486db7b348cd878.jpg
868dc3f1761eb831	/home/aobled/Downloads/Aircraft_DATASET/detection/val/c130/868dc3f1761eb831.jpg	/home/aobled/Downloads/Aircraft_DATASET/tmp_multi/C130/868dc3f1761eb831.jpg
fadaa40531bcc867	/home/aobled/Downloads/Aircraft_DATASET/detection/val/c130/fadaa40531bcc867.jpg	/home/aobled/Downloads/Aircraft_DATASET/tmp_multi/C130/fadaa40531bcc867.jpg
faca85253dda4625	/home/aobled/Downloads/Aircraft_DATASET/detection/val/c130/faca85253dda4625.jpg	/home/aobled/Downloads/Aircraft_DATASET/tmp_multi/C130/faca85253dda4625.jpg
93cccc93c1718d8f	/home/aobled/Downloads/Aircraft_DATASET/detection/val/c130/93cccc93c1718d8f.jpg	/home/aobled/Downloads/Aircraft_DATASET/tmp_multi/C130/93cccc93c1718d8f.jpg
a5cd987247c7b858	/home/aobled/Downloads/Aircraft_DATASET/detection/val/c130/a5cd987247c7b858.jpg	/home/aobled/Downloads/Aircraft_DATASET/tmp_multi/C130/a5cd987247c7b858.jpg
b7c1cd94c3e21e8c	/home/aobled/Downloads/Aircraft_DATASET/detection/val/c130/b7c1cd94c3e21e8c.jpg	/home/aobled/Downloads/Aircraft_DATASET/tmp_multi/C130/b7c1cd94c3e21e8c.jpg
91eec991f23c84a7	/home/aobled/Downloads/Aircraft_DATASET/detection/val/c130/91eec991f23c84a7.jpg	/home/aobled/Downloads/Aircraft_DATASET/tmp_multi/C130/91eec991f23c84a7.jpg
abc984363389c97e	/home/aobled/Downloads/Aircraft_DATASET/detection/val/c130/abc984363389c97e.jpg	/home/aobled/Downloads/Aircraft_DATASET/tmp_multi/C130/abc984363389c97e.jpg
b8b8de672398d864	/home/aobled/Downloads/Aircraft_DATASET/detection/val/c130/b8b8de672398d864.jpg	/home/aobled/Downloads/Aircraft_DATASET/tmp_multi/C130/b8b8de672398d864.jpg
99c8a63319c6373b	/home/aobled/Downloads/Aircraft_DATASET/detection/val/c130/99c8a63319c6373b.jpg	/home/aobled/Downloads/Aircraft_DATASET/tmp_multi/C130/99c8a63319c6373b.jpg
a09d87af944e1ae6	/home/aobled/Downloads/Aircraft_DATASET/detection/val/c130/a09d87af944e1ae6.jpg	/home/aobled/Downloads/Aircraft_DATASET/tmp_multi/C130/a09d87af944e1ae6.jpg
b6758c85a0b4de53	/home/aobled/Downloads/Aircraft_DATASET/detection/val/c130/b6758c85a0b4de53.jpg	/home/aobled/Downloads/Aircraft_DATASET/tmp_multi/C130/b6758c85a0b4de53.jpg
f121ae5e5091ed2e	/home/aobled/Downloads/Aircraft_DATASET/detection/val/c130/f121ae5e5091ed2e.jpg	/home/aobled/Downloads/Aircraft_DATASET/tmp_multi/C130/f121ae5e5091ed2e.jpg
b69cc8e1631c98f5	/home/aobled/Downloads/Aircraft_DATASET/detection/val/c130/b69cc8e1631c98f5.jpg	/home/aobled/Downloads/Aircraft_DATASET/tmp_multi/C130/b69cc8e1631c98f5.jpg
ee4991323ec5c539	/home/aobled/Downloads/Aircraft_DATASET/detection/val/c130/ee4991323ec5c539.jpg	/home/aobled/Downloads/Aircraft_DATASET/tmp_multi/C130/ee4991323ec5c539.jpg
e8e8593bf4e4642c	/home/aobled/Downloads/Aircraft_DATASET/detection/val/c130/e8e8593bf4e4642c.jpg	/home/aobled/Downloads/Aircraft_DATASET/tmp_multi/C130/e8e8593bf4e4642c.jpg
83b0cecbf7c18cb0	/home/aobled/Downloads/Aircraft_DATASET/detection/val/c130/83b0cecbf7c18cb0.jpg	/home/aobled/Downloads/Aircraft_DATASET/tmp_multi/C130/83b0cecbf7c18cb0.jpg
ebc9d2346ccbd034	/home/aobled/Downloads/Aircraft_DATASET/detection/val/c130/ebc9d2346ccbd034.jpg	/home/aobled/Downloads/Aircraft_DATASET/tmp_multi/C130/ebc9d2346ccbd034.jpg
bae785883063d79c	/home/aobled/Downloads/Aircraft_DATASET/detection/val/c130/bae785883063d79c.jpg	/home/aobled/Downloads/Aircraft_DATASET/tmp_multi/C130/bae785883063d79c.jpg
f6eb9cccb6011166	/home/aobled/Downloads/Aircraft_DATASET/detection/val/c130/f6eb9cccb6011166.jpg	/home/aobled/Downloads/Aircraft_DATASET/tmp_multi/C130/f6eb9cccb6011166.jpg
b1dc8e4351ad6c9a	/home/aobled/Downloads/Aircraft_DATASET/detection/val/c130/b1dc8e4351ad6c9a.jpg	/home/aobled/Downloads/Aircraft_DATASET/tmp_multi/C130/b1dc8e4351ad6c9a.jpg
eb8f943069cf7032	/home/aobled/Downloads/Aircraft_DATASET/detection/val/c130/eb8f943069cf7032.jpg	/home/aobled/Downloads/Aircraft_DATASET/tmp_multi/C130/eb8f943069cf7032.jpg
b505a6b4d44e361f	/home/aobled/Downloads/Aircraft_DATASET/detection/val/c130/b505a6b4d44e361f.jpg	/home/aobled/Downloads/Aircraft_DATASET/tmp_multi/C130/b505a6b4d44e361f.jpg
eacf953068cd7132	/home/aobled/Downloads/Aircraft_DATASET/detection/val/c130/eacf953068cd7132.jpg	/home/aobled/Downloads/Aircraft_DATASET/tmp_multi/C130/eacf953068cd7132.jpg
dac584bbaab66582	/home/aobled/Downloads/Aircraft_DATASET/detection/val/c130/dac584bbaab66582.jpg	/home/aobled/Downloads/Aircraft_DATASET/tmp_multi/C130/dac584bbaab66582.jpg
c381849ef36dcfa0	/home/aobled/Downloads/Aircraft_DATASET/detection/val/c130/c381849ef36dcfa0.jpg	/home/aobled/Downloads/Aircraft_DATASET/tmp_multi/C130/c381849ef36dcfa0.jpg
8b8bb4350dcae29d	/home/aobled/Downloads/Aircraft_DATASET/detection/val/c130/8b8bb4350dcae29d.jpg	/home/aobled/Downloads/Aircraft_DATASET/tmp_multi/C130/8b8bb4350dcae29d.jpg
9b90e46133e6cccb	/home/aobled/Downloads/Aircraft_DATASET/detection/val/c130/9b90e46133e6cccb.jpg	/home/aobled/Downloads/Aircraft_DATASET/tmp_multi/C130/9b90e46133e6cccb.jpg
a78791686a9c9771	/home/aobled/Downloads/Aircraft_DATASET/detection/val/c130/a78791686a9c9771.jpg	/home/aobled/Downloads/Aircraft_DATASET/tmp_multi/C130/a78791686a9c9771.jpg
ebcbd23424c8db34	/home/aobled/Downloads/Aircraft_DATASET/detection/val/c130/ebcbd23424c8db34.jpg	/home/aobled/Downloads/Aircraft_DATASET/tmp_multi/C130/ebcbd23424c8db34.jpg
c6ca993666db3924	/home/aobled/Downloads/Aircraft_DATASET/detection/val/c130/c6ca993666db3924.jpg	/home/aobled/Downloads/Aircraft_DATASET/tmp_multi/C130/c6ca993666db3924.jpg
c5a9b2760cb9e30e	/home/aobled/Downloads/Aircraft_DATASET/detection/val/c130/c5a9b2760cb9e30e.jpg	/home/aobled/Downloads/Aircraft_DATASET/tmp_multi/C130/c5a9b2760cb9e30e.jpg
a69fdd6060909dad	/home/aobled/Downloads/Aircraft_DATASET/detection/val/c130/a69fdd6060909dad.jpg	/home/aobled/Downloads/Aircraft_DATASET/tmp_multi/C130/a69fdd6060909dad.jpg
94d5eb28098e36f6	/home/aobled/Downloads/Aircraft_DATASET/detection/val/c130/94d5eb28098e36f6.jpg	/home/aobled/Downloads/Aircraft_DATASET/tmp_multi/C130/94d5eb28098e36f6.jpg
b7b6ccc040c9ad3d	/home/aobled/Downloads/Aircraft_DATASET/detection/val/c130/b7b6ccc040c9ad3d.jpg	/home/aobled/Downloads/Aircraft_DATASET/tmp_multi/C130/b7b6ccc040c9ad3d.jpg
83d3c86c37b34b86	/home/aobled/Downloads/Aircraft_DATASET/detection/val/c130/83d3c86c37b34b86.jpg	/home/aobled/Downloads/Aircraft_DATASET/tmp_multi/C130/83d3c86c37b34b86.jpg
b199ee6633998466	/home/aobled/Downloads/Aircraft_DATASET/detection/val/c130/b199ee6633998466.jpg	/home/aobled/Downloads/Aircraft_DATASET/tmp_multi/C130/b199ee6633998466.jpg
b2a395790bceb099	/home/aobled/Downloads/Aircraft_DATASET/detection/val/c130/b2a395790bceb099.jpg	/home/aobled/Downloads/Aircraft_DATASET/tmp_multi/C130/b2a395790bceb099.jpg
a88c978368ece573	/home/aobled/Downloads/Aircraft_DATASET/detection/val/c130/a88c978368ece573.jpg	/home/aobled/Downloads/Aircraft_DATASET/tmp_multi/C130/a88c978368ece573.jpg
9080efef7e1819c3	/home/aobled/Downloads/Aircraft_DATASET/detection/val/c130/9080efef7e1819c3.jpg	/home/aobled/Downloads/Aircraft_DATASET/tmp_multi/C130/9080efef7e1819c3.jpg
af9fc060209fcf62	/home/aobled/Downloads/Aircraft_DATASET/detection/val/c130/af9fc060209fcf62.jpg	/home/aobled/Downloads/Aircraft_DATASET/tmp_multi/C130/af9fc060209fcf62.jpg
b511dceee6a89a82	/home/aobled/Downloads/Aircraft_DATASET/detection/val/c130/b511dceee6a89a82.jpg	/home/aobled/Downloads/Aircraft_DATASET/tmp_multi/C130/b511dceee6a89a82.jpg
b191ee661391ec65	/home/aobled/Downloads/Aircraft_DATASET/detection/val/c130/b191ee661391ec65.jpg	/home/aobled/Downloads/Aircraft_DATASET/tmp_multi/C130/b191ee661391ec65.jpg
b387c8bcd2930e78	/home/aobled/Downloads/Aircraft_DATASET/detection/val/c130/b387c8bcd2930e78.jpg	/home/aobled/Downloads/Aircraft_DATASET/tmp_multi/C130/b387c8bcd2930e78.jpg
badac5a431cb3274	/home/aobled/Downloads/Aircraft_DATASET/detection/val/c130/badac5a431cb3274.jpg	/home/aobled/Downloads/Aircraft_DATASET/tmp_multi/C130/badac5a431cb3274.jpg
a4dbf49bc429181f	/home/aobled/Downloads/Aircraft_DATASET/detection/val/c130/a4dbf49bc429181f.jpg	/home/aobled/Downloads/Aircraft_DATASET/tmp_multi/C130/a4dbf49bc429181f.jpg
c8e5b65acc331e4c	/home/aobled/Downloads/Aircraft_DATASET/detection/val/c130/c8e5b65acc331e4c.jpg	/home/aobled/Downloads/Aircraft_DATASET/tmp_multi/C130/c8e5b65acc331e4c.jpg
c2dafd25028efd60	/home/aobled/Downloads/Aircraft_DATASET/detection/val/c130/c2dafd25028efd60.jpg	/home/aobled/Downloads/Aircraft_DATASET/tmp_multi/C130/c2dafd25028efd60.jpg
f3bac4a52d1b9aa0	/home/aobled/Downloads/Aircraft_DATASET/detection/val/c130/f3bac4a52d1b9aa0.jpg	/home/aobled/Downloads/Aircraft_DATASET/tmp_multi/C130/f3bac4a52d1b9aa0.jpg
98ace3631b9ce863	/home/aobled/Downloads/Aircraft_DATASET/detection/val/c130/98ace3631b9ce863.jpg	/home/aobled/Downloads/Aircraft_DATASET/tmp_multi/C130/98ace3631b9ce863.jpg
cbd0a54ed9a04dcd	/home/aobled/Downloads/Aircraft_DATASET/detection/val/c130/cbd0a54ed9a04dcd.jpg	/home/aobled/Downloads/Aircraft_DATASET/tmp_multi/C130/cbd0a54ed9a04dcd.jpg
af87c85077af8a50	/home/aobled/Downloads/Aircraft_DATASET/detection/val/c130/af87c85077af8a50.jpg	/home/aobled/Downloads/Aircraft_DATASET/tmp_multi/C130/af87c85077af8a50.jpg
fefe8c0474f26a08	/home/aobled/Downloads/Aircraft_DATASET/detection/val/c130/fefe8c0474f26a08.jpg	/home/aobled/Downloads/Aircraft_DATASET/tmp_multi/C130/fefe8c0474f26a08.jpg
f2ce8c8bb31f0c46	/home/aobled/Downloads/Aircraft_DATASET/detection/val/c130/f2ce8c8bb31f0c46.jpg	/home/aobled/Downloads/Aircraft_DATASET/tmp_multi/C130/f2ce8c8bb31f0c46.jpg
b21699e9e9d46263	/home/aobled/Downloads/Aircraft_DATASET/detection/val/c130/b21699e9e9d46263.jpg	/home/aobled/Downloads/Aircraft_DATASET/tmp_multi/C130/b21699e9e9d46263.jpg
a29accd2b48b4de6	/home/aobled/Downloads/Aircraft_DATASET/detection/val/c130/a29accd2b48b4de6.jpg	/home/aobled/Downloads/Aircraft_DATASET/tmp_multi/C130/a29accd2b48b4de6.jpg
af8fd06028978f69	/home/aobled/Downloads/Aircraft_DATASET/detection/val/c130/af8fd06028978f69.jpg	/home/aobled/Downloads/Aircraft_DATASET/tmp_multi/C130/af8fd06028978f69.jpg
f68a89b5644b3a3c	/home/aobled/Downloads/Aircraft_DATASET/detection/val/c130/f68a89b5644b3a3c.jpg	/home/aobled/Downloads/Aircraft_DATASET/tmp_multi/C130/f68a89b5644b3a3c.jpg
b199e6661b99a466	/home/aobled/Downloads/Aircraft_DATASET/detection/val/c130/b199e6661b99a466.jpg	/home/aobled/Downloads/Aircraft_DATASET/tmp_multi/C130/b199e6661b99a466.jpg
c8b1b7485cb33c59	/home/aobled/Downloads/Aircraft_DATASET/detection/val/c130/c8b1b7485cb33c59.jpg	/home/aobled/Downloads/Aircraft_DATASET/tmp_multi/C130/c8b1b7485cb33c59.jpg
ec98a747798c1a27	/home/aobled/Downloads/Aircraft_DATASET/detection/val/c130/ec98a747798c1a27.jpg	/home/aobled/Downloads/Aircraft_DATASET/tmp_multi/C130/ec98a747798c1a27.jpg
c6bd9b62b4cc3131	/home/aobled/Downloads/Aircraft_DATASET/detection/val/c130/c6bd9b62b4cc3131.jpg	/home/aobled/Downloads/Aircraft_DATASET/tmp_multi/C130/c6bd9b62b4cc3131.jpg
ca5ad27175943c2e	/home/aobled/Downloads/Aircraft_DATASET/detection/val/c130/ca5ad27175943c2e.jpg	/home/aobled/Downloads/Aircraft_DATASET/tmp_multi/C130/ca5ad27175943c2e.jpg
b940c6a5edc237ac	/home/aobled/Downloads/Aircraft_DATASET/detection/val/c130/b940c6a5edc237ac.jpg	/home/aobled/Downloads/Aircraft_DATASET/tmp_multi/C130/b940c6a5edc237ac.jpg
99cca63319c6363b	/home/aobled/Downloads/Aircraft_DATASET/detection/val/c130/99cca63319c6363b.jpg	/home/aobled/Downloads/Aircraft_DATASET/tmp_multi/C130/99cca63319c6363b.jpg
89b6b0a9f6975c12	/home/aobled/Downloads/Aircraft_DATASET/detection/val/c130/89b6b0a9f6975c12.jpg	/home/aobled/Downloads/Aircraft_DATASET/tmp_multi/C130/89b6b0a9f6975c12.jpg
808989f6e6c67637	/home/aobled/Downloads/Aircraft_DATASET/detection/val/c130/808989f6e6c67637.jpg	/home/aobled/Downloads/Aircraft_DATASET/tmp_multi/C130/808989f6e6c67637.jpg
b5c5cafaaa80362d	/home/aobled/Downloads/Aircraft_DATASET/detection/val/c130/b5c5cafaaa80362d.jpg	/home/aobled/Downloads/Aircraft_DATASET/tmp_multi/C130/b5c5cafaaa80362d.jpg
86a3f1584a88fd3d	/home/aobled/Downloads/Aircraft_DATASET/detection/val/c130/86a3f1584a88fd3d.jpg	/home/aobled/Downloads/Aircraft_DATASET/tmp_multi/C130/86a3f1584a88fd3d.jpg
ea921535daca35e4	/home/aobled/Downloads/Aircraft_DATASET/detection/val/c130/ea921535daca35e4.jpg	/home/aobled/Downloads/Aircraft_DATASET/tmp_multi/C130/ea921535daca35e4.jpg
f6a91cd2a529dc89	/home/aobled/Downloads/Aircraft_DATASET/detection/val/c130/f6a91cd2a529dc89.jpg	/home/aobled/Downloads/Aircraft_DATASET/tmp_multi/C130/f6a91cd2a529dc89.jpg
9a1ad261759c3d6c	/home/aobled/Downloads/Aircraft_DATASET/detection/val/c130/9a1ad261759c3d6c.jpg	/home/aobled/Downloads/Aircraft_DATASET/tmp_multi/C130/9a1ad261759c3d6c.jpg
cfddb0b0024f5974	/home/aobled/Downloads/Aircraft_DATASET/detection/val/c130/cfddb0b0024f5974.jpg	/home/aobled/Downloads/Aircraft_DATASET/tmp_multi/C130/cfddb0b0024f5974.jpg
ee9d11e21d1cea51	/home/aobled/Downloads/Aircraft_DATASET/detection/val/c130/ee9d11e21d1cea51.jpg	/home/aobled/Downloads/Aircraft_DATASET/tmp_multi/C130/ee9d11e21d1cea51.jpg
fae9c51614a4c76a	/home/aobled/Downloads/Aircraft_DATASET/detection/val/c130/fae9c51614a4c76a.jpg	/home/aobled/Downloads/Aircraft_DATASET/tmp_multi/C130/fae9c51614a4c76a.jpg
b332b83683933db1	/home/aobled/Downloads/Aircraft_DATASET/detection/val/c130/b332b83683933db1.jpg	/home/aobled/Downloads/Aircraft_DATASET/tmp_multi/C130/b332b83683933db1.jpg
fbc0d6256b189665	/home/aobled/Downloads/Aircraft_DATASET/detection/val/c130/fbc0d6256b189665.jpg	/home/aobled/Downloads/Aircraft_DATASET/tmp_multi/C130/fbc0d6256b189665.jpg
f3a28c1d73e68c19	/home/aobled/Downloads/Aircraft_DATASET/detection/val/c130/f3a28c1d73e68c19.jpg	/home/aobled/Downloads/Aircraft_DATASET/tmp_multi/C130/f3a28c1d73e68c19.jpg
d7fbe870568ea820	/home/aobled/Downloads/Aircraft_DATASET/detection/val/c130/d7fbe870568ea820.jpg	/home/aobled/Downloads/Aircraft_DATASET/tmp_multi/C130/d7fbe870568ea820.jpg
87e1ccc2f51fc0b2	/home/aobled/Downloads/Aircraft_DATASET/detection/val/c130/87e1ccc2f51fc0b2.jpg	/home/aobled/Downloads/Aircraft_DATASET/tmp_multi/C130/87e1ccc2f51fc0b2.jpg
f1f988866f599826	/home/aobled/Downloads/Aircraft_DATASET/detection/val/c130/f1f988866f599826.jpg	/home/aobled/Downloads/Aircraft_DATASET/tmp_multi/C130/f1f988866f599826.jpg
c58ab8f48b784f94	/home/aobled/Downloads/Aircraft_DATASET/detection/val/c130/c58ab8f48b784f94.jpg	/home/aobled/Downloads/Aircraft_DATASET/tmp_multi/C130/c58ab8f48b784f94.jpg
a711dce49297a59a	/home/aobled/Downloads/Aircraft_DATASET/detection/val/c130/a711dce49297a59a.jpg	/home/aobled/Downloads/Aircraft_DATASET/tmp_multi/C130/a711dce49297a59a.jpg
b03a0aaab6d9dc66	/home/aobled/Downloads/Aircraft_DATASET/detection/val/c130/b03a0aaab6d9dc66.jpg	/home/aobled/Downloads/Aircraft_DATASET/tmp_multi/C130/b03a0aaab6d9dc66.jpg
e6c7d9b0244ec672	/home/aobled/Downloads/Aircraft_DATASET/detection/val/c130/e6c7d9b0244ec672.jpg	/home/aobled/Downloads/Aircraft_DATASET/tmp_multi/C130/e6c7d9b0244ec672.jpg
d3b42c1bc3e43c1b	/home/aobled/Downloads/Aircraft_DATASET/detection/val/c130/d3b42c1bc3e43c1b.jpg	/home/aobled/Downloads/Aircraft_DATASET/tmp_multi/C130/d3b42c1bc3e43c1b.jpg
b1c8ce6721d99467	/home/aobled/Downloads/Aircraft_DATASET/detection/val/c130/b1c8ce6721d99467.jpg	/home/aobled/Downloads/Aircraft_DATASET/tmp_multi/C130/b1c8ce6721d99467.jpg
c2bacd653a9ecc21	/home/aobled/Downloads/Aircraft_DATASET/detection/val/c130/c2bacd653a9ecc21.jpg	/home/aobled/Downloads/Aircraft_DATASET/tmp_multi/C130/c2bacd653a9ecc21.jpg
b4c338c3e4bbc932	/home/aobled/Downloads/Aircraft_DATASET/detection/val/c130/b4c338c3e4bbc932.jpg	/home/aobled/Downloads/Aircraft_DATASET/tmp_multi/C130/b4c338c3e4bbc932.jpg
a69a8ba7c0385ee3	/home/aobled/Downloads/Aircraft_DATASET/detection/val/c130/a69a8ba7c0385ee3.jpg	/home/aobled/Downloads/Aircraft_DATASET/tmp_multi/C130/a69a8ba7c0385ee3.jpg
b09412e29edb9676	/home/aobled/Downloads/Aircraft_DATASET/detection/val/c130/b09412e29edb9676.jpg	/home/aobled/Downloads/Aircraft_DATASET/tmp_multi/C130/b09412e29edb9676.jpg
87947c6ac3d63c61	/home/aobled/Downloads/Aircraft_DATASET/detection/val/c130/87947c6ac3d63c61.jpg	/home/aobled/Downloads/Aircraft_DATASET/tmp_multi/C130/87947c6ac3d63c61.jpg
d0c9bfaf1250686d	/home/aobled/Downloads/Aircraft_DATASET/detection/val/c130/d0c9bfaf1250686d.jpg	/home/aobled/Downloads/Aircraft_DATASET/tmp_multi/C130/d0c9bfaf1250686d.jpg
bfdec061299e9621	/home/aobled/Downloads/Aircraft_DATASET/detection/val/c130/bfdec061299e9621.jpg	/home/aobled/Downloads/Aircraft_DATASET/tmp_multi/C130/bfdec061299e9621.jpg
b1050fb7b2d8d833	/home/aobled/Downloads/Aircraft_DATASET/detection/val/c130/b1050fb7b2d8d833.jpg	/home/aobled/Downloads/Aircraft_DATASET/tmp_multi/C130/b1050fb7b2d8d833.jpg
f08b96606b8e34db	/home/aobled/Downloads/Aircraft_DATASET/detection/val/c130/f08b96606b8e34db.jpg	/home/aobled/Downloads/Aircraft_DATASET/tmp_multi/C130/f08b96606b8e34db.jpg
ef89d036e4c93166	/home/aobled/Downloads/Aircraft_DATASET/detection/val/c130/ef89d036e4c93166.jpg	/home/aobled/Downloads/Aircraft_DATASET/tmp_multi/C130/ef89d036e4c93166.jpg
badac5a429eb3234	/home/aobled/Downloads/Aircraft_DATASET/detection/val/c130/badac5a429eb3234.jpg	/home/aobled/Downloads/Aircraft_DATASET/tmp_multi/C130/badac5a429eb3234.jpg
86947969c3d6343d	/home/aobled/Downloads/Aircraft_DATASET/detection/val/c130/86947969c3d6343d.jpg	/home/aobled/Downloads/Aircraft_DATASET/tmp_multi/C130/86947969c3d6343d.jpg
b8d8876779d8a426	/home/aobled/Downloads/Aircraft_DATASET/detection/val/c130/b8d8876779d8a426.jpg	/home/aobled/Downloads/Aircraft_DATASET/tmp_multi/C130/b8d8876779d8a426.jpg
b3129c1c67b2b07b	/home/aobled/Downloads/Aircraft_DATASET/detection/val/c130/b3129c1c67b2b07b.jpg	/home/aobled/Downloads/Aircraft_DATASET/tmp_multi/C130/b3129c1c67b2b07b.jpg
d7dce860519dad22	/home/aobled/Downloads/Aircraft_DATASET/detection/val/c130/d7dce860519dad22.jpg	/home/aobled/Downloads/Aircraft_DATASET/tmp_multi/C130/d7dce860519dad22.jpg
fbd4a4339a84e1d8	/home/aobled/Downloads/Aircraft_DATASET/detection/val/c130/fbd4a4339a84e1d8.jpg	/home/aobled/Downloads/Aircraft_DATASET/tmp_multi/C130/fbd4a4339a84e1d8.jpg
e8db9e24c9d93264	/home/aobled/Downloads/Aircraft_DATASET/detection/val/c130/e8db9e24c9d93264.jpg	/home/aobled/Downloads/Aircraft_DATASET/tmp_multi/C130/e8db9e24c9d93264.jpg
a1d98d6673d92c26	/home/aobled/Downloads/Aircraft_DATASET/detection/val/c130/a1d98d6673d92c26.jpg	/home/aobled/Downloads/Aircraft_DATASET/tmp_multi/C130/a1d98d6673d92c26.jpg
a0c798d3bec1d986	/home/aobled/Downloads/Aircraft_DATASET/detection/val/c130/a0c798d3bec1d986.jpg	/home/aobled/Downloads/Aircraft_DATASET/tmp_multi/C130/a0c798d3bec1d986.jpg
d1d9b93f96828287	/home/aobled/Downloads/Aircraft_DATASET/detection/val/c130/d1d9b93f96828287.jpg	/home/aobled/Downloads/Aircraft_DATASET/tmp_multi/C130/d1d9b93f96828287.jpg
99c8a63719c6363b	/home/aobled/Downloads/Aircraft_DATASET/detection/val/c130/99c8a63719c6363b.jpg	/home/aobled/Downloads/Aircraft_DATASET/tmp_multi/C130/99c8a63719c6363b.jpg
a3c9cc346beb3498	/home/aobled/Downloads/Aircraft_DATASET/detection/val/c130/a3c9cc346beb3498.jpg	/home/aobled/Downloads/Aircraft_DATASET/tmp_multi/C130/a3c9cc346beb3498.jpg
c1c9bf36368d4c61	/home/aobled/Downloads/Aircraft_DATASET/detection/val/c130/c1c9bf36368d4c61.jpg	/home/aobled/Downloads/Aircraft_DATASET/tmp_multi/C130/c1c9bf36368d4c61.jpg
f7c88832764419bf	/home/aobled/Downloads/Aircraft_DATASET/detection/val/c130/f7c88832764419bf.jpg	/home/aobled/Downloads/Aircraft_DATASET/tmp_multi/C130/f7c88832764419bf.jpg
da9ac62539de6642	/home/aobled/Downloads/Aircraft_DATASET/detection/val/c130/da9ac62539de6642.jpg	/home/aobled/Downloads/Aircraft_DATASET/tmp_multi/C130/da9ac62539de6642.jpg
e3819c96f16998b6	/home/aobled/Downloads/Aircraft_DATASET/detection/val/c130/e3819c96f16998b6.jpg	/home/aobled/Downloads/Aircraft_DATASET/tmp_multi/C130/e3819c96f16998b6.jpg
d2c18df6c0bd6d84	/home/aobled/Downloads/Aircraft_DATASET/detection/val/c130/d2c18df6c0bd6d84.jpg	/home/aobled/Downloads/Aircraft_DATASET/tmp_multi/C130/d2c18df6c0bd6d84.jpg
b416c8e9e9d46627	/home/aobled/Downloads/Aircraft_DATASET/detection/val/c130/b416c8e9e9d46627.jpg	/home/aobled/Downloads/Aircraft_DATASET/tmp_multi/C130/b416c8e9e9d46627.jpg
9399dce637191866	/home/aobled/Downloads/Aircraft_DATASET/detection/val/c130/9399dce637191866.jpg	/home/aobled/Downloads/Aircraft_DATASET/tmp_multi/C130/9399dce637191866.jpg
bc9cc363219cde62	/home/aobled/Downloads/Aircraft_DATASET/detection/val/c130/bc9cc363219cde62.jpg	/home/aobled/Downloads/Aircraft_DATASET/tmp_multi/C130/bc9cc363219cde62.jpg
a6a2bd8952f031cf	/home/aobled/Downloads/Aircraft_DATASET/detection/val/c130/a6a2bd8952f031cf.jpg	/home/aobled/Downloads/Aircraft_DATASET/tmp_multi/C130/a6a2bd8952f031cf.jpg
e2da9d2561da1e64	/home/aobled/Downloads/Aircraft_DATASET/detection/val/c130/e2da9d2561da1e64.jpg	/home/aobled/Downloads/Aircraft_DATASET/tmp_multi/C130/e2da9d2561da1e64.jpg
a48bd3eccd73108d	/home/aobled/Downloads/Aircraft_DATASET/detection/val/c130/a48bd3eccd73108d.jpg	/home/aobled/Downloads/Aircraft_DATASET/tmp_multi/C130/a48bd3eccd73108d.jpg
f2cacebd0d452561	/home/aobled/Downloads/Aircraft_DATASET/detection/val/c130/f2cacebd0d452561.jpg	/home/aobled/Downloads/Aircraft_DATASET/tmp_multi/C130/f2cacebd0d452561.jpg
ebcbd03525ca5235	/home/aobled/Downloads/Aircraft_DATASET/detection/val/c130/ebcbd03525ca5235.jpg	/home/aobled/Downloads/Aircraft_DATASET/tmp_multi/C130/ebcbd03525ca5235.jpg
efabd0042f1bb264	/home/aobled/Downloads/Aircraft_DATASET/detection/val/c130/efabd0042f1bb264.jpg	/home/aobled/Downloads/Aircraft_DATASET/tmp_multi/C130/efabd0042f1bb264.jpg
86f98916fc0bd632	/home/aobled/Downloads/Aircraft_DATASET/detection/val/c130/86f98916fc0bd632.jpg	/home/aobled/Downloads/Aircraft_DATASET/tmp_multi/C130/86f98916fc0bd632.jpg
8acad5f5318b9a26	/home/aobled/Downloads/Aircraft_DATASET/detection/val/c130/8acad5f5318b9a26.jpg	/home/aobled/Downloads/Aircraft_DATASET/tmp_multi/C130/8acad5f5318b9a26.jpg
b0b998a7b05b92e6	/home/aobled/Downloads/Aircraft_DATASET/detection/val/c130/b0b998a7b05b92e6.jpg	/home/aobled/Downloads/Aircraft_DATASET/tmp_multi/C130/b0b998a7b05b92e6.jpg
a98892e4bdd34766	/home/aobled/Downloads/Aircraft_DATASET/detection/val/c130/a98892e4bdd34766.jpg	/home/aobled/Downloads/Aircraft_DATASET/tmp_multi/C130/a98892e4bdd34766.jpg
a0f9cf0630e9cf86	/home/aobled/Downloads/Aircraft_DATASET/detection/val/c130/a0f9cf0630e9cf86.jpg	/home/aobled/Downloads/Aircraft_DATASET/tmp_multi/C130/a0f9cf0630e9cf86.jpg
d98de2121cadc373	/home/aobled/Downloads/Aircraft_DATASET/detection/val/c130/d98de2121cadc373.jpg	/home/aobled/Downloads/Aircraft_DATASET/tmp_multi/C130/d98de2121cadc373.jpg
e3ed9c127248a9a7	/home/aobled/Downloads/Aircraft_DATASET/detection/val/c130/e3ed9c127248a9a7.jpg	/home/aobled/Downloads/Aircraft_DATASET/tmp_multi/C130/e3ed9c127248a9a7.jpg
b19c8a63609c9b6f	/home/aobled/Downloads/Aircraft_DATASET/detection/val/c130/b19c8a63609c9b6f.jpg	/home/aobled/Downloads/Aircraft_DATASET/tmp_multi/C130/b19c8a63609c9b6f.jpg
9694786bc3963c65	/home/aobled/Downloads/Aircraft_DATASET/detection/val/c130/9694786bc3963c65.jpg	/home/aobled/Downloads/Aircraft_DATASET/tmp_multi/C130/9694786bc3963c65.jpg
e6ec9893734ccc23	/home/aobled/Downloads/Aircraft_DATASET/detection/val/c130/e6ec9893734ccc23.jpg	/home/aobled/Downloads/Aircraft_DATASET/tmp_multi/C130/e6ec9893734ccc23.jpg
8cd3403eefd0283f	/home/aobled/Downloads/Aircraft_DATASET/detection/val/c130/8cd3403eefd0283f.jpg	/home/aobled/Downloads/Aircraft_DATASET/tmp_multi/C130/8cd3403eefd0283f.jpg
b5a4cedb37009879	/home/aobled/Downloads/Aircraft_DATASET/detection/val/c130/b5a4cedb37009879.jpg	/home/aobled/Downloads/Aircraft_DATASET/tmp_multi/C130/b5a4cedb37009879.jpg
e5ed9e92324ecd20	/home/aobled/Downloads/Aircraft_DATASET/detection/val/c130/e5ed9e92324ecd20.jpg	/home/aobled/Downloads/Aircraft_DATASET/tmp_multi/C130/e5ed9e92324ecd20.jpg
cd91c897661d4a6d	/home/aobled/Downloads/Aircraft_DATASET/detection/val/c130/cd91c897661d4a6d.jpg	/home/aobled/Downloads/Aircraft_DATASET/tmp_multi/C130/cd91c897661d4a6d.jpg
afa7c070379f0869	/home/aobled/Downloads/Aircraft_DATASET/detection/val/c130/afa7c070379f0869.jpg	/home/aobled/Downloads/Aircraft_DATASET/tmp_multi/C130/afa7c070379f0869.jpg
a489fbda4d330437	/home/aobled/Downloads/Aircraft_DATASET/detection/val/c130/a489fbda4d330437.jpg	/home/aobled/Downloads/Aircraft_DATASET/tmp_multi/C130/a489fbda4d330437.jpg
9adac4e53b9b2c24	/home/aobled/Downloads/Aircraft_DATASET/detection/val/c130/9adac4e53b9b2c24.jpg	/home/aobled/Downloads/Aircraft_DATASET/tmp_multi/C130/9adac4e53b9b2c24.jpg
b3d7cc60b39e4c21	/home/aobled/Downloads/Aircraft_DATASET/detection/val/c130/b3d7cc60b39e4c21.jpg	/home/aobled/Downloads/Aircraft_DATASET/tmp_multi/C130/b3d7cc60b39e4c21.jpg
93eec891f27984a5	/home/aobled/Downloads/Aircraft_DATASET/detection/val/c130/93eec891f27984a5.jpg	/home/aobled/Downloads/Aircraft_DATASET/tmp_multi/C130/93eec891f27984a5.jpg
a6d959867489d2a7	/home/aobled/Downloads/Aircraft_DATASET/detection/val/c130/a6d959867489d2a7.jpg	/home/aobled/Downloads/Aircraft_DATASET/tmp_multi/C130/a6d959867489d2a7.jpg
b2d8c5253bda348d	/home/aobled/Downloads/Aircraft_DATASET/detection/val/c130/b2d8c5253bda348d.jpg	/home/aobled/Downloads/Aircraft_DATASET/tmp_multi/C130/b2d8c5253bda348d.jpg
a1a1d992ae84e9f3	/home/aobled/Downloads/Aircraft_DATASET/detection/val/c130/a1a1d992ae84e9f3.jpg	/home/aobled/Downloads/Aircraft_DATASET/tmp_multi/C130/a1a1d992ae84e9f3.jpg
d1d1c4362aa8ea77	/home/aobled/Downloads/Aircraft_DATASET/detection/val/c130/d1d1c4362aa8ea77.jpg	/home/aobled/Downloads/Aircraft_DATASET/tmp_multi/C130/d1d1c4362aa8ea77.jpg
c884f77f4880b23f	/home/aobled/Downloads/Aircraft_DATASET/detection/val/c130/c884f77f4880b23f.jpg	/home/aobled/Downloads/Aircraft_DATASET/tmp_multi/C130/c884f77f4880b23f.jpg
f7898ce2d3b388b0	/home/aobled/Downloads/Aircraft_DATASET/detection/val/c130/f7898ce2d3b388b0.jpg	/home/aobled/Downloads/Aircraft_DATASET/tmp_multi/C130/f7898ce2d3b388b0.jpg
8484db7b2caeda0b	/home/aobled/Downloads/Aircraft_DATASET/detection/val/c130/8484db7b2caeda0b.jpg	/home/aobled/Downloads/Aircraft_DATASET/tmp_multi/C130/8484db7b2caeda0b.jpg
f85891357dcf4234	/home/aobled/Downloads/Aircraft_DATASET/detection/val/c130/f85891357dcf4234.jpg	/home/aobled/Downloads/Aircraft_DATASET/tmp_multi/C130/f85891357dcf4234.jpg
c7c899334648b9b7	/home/aobled/Downloads/Aircraft_DATASET/detection/val/c130/c7c899334648b9b7.jpg	/home/aobled/Downloads/Aircraft_DATASET/tmp_multi/C130/c7c899334648b9b7.jpg
e9cb9424cbb9344e	/home/aobled/Downloads/Aircraft_DATASET/detection/val/c130/e9cb9424cbb9344e.jpg	/home/aobled/Downloads/Aircraft_DATASET/tmp_multi/C130/e9cb9424cbb9344e.jpg
a4fbca0511b62ecb	/home/aobled/Downloads/Aircraft_DATASET/detection/val/c130/a4fbca0511b62ecb.jpg	/home/aobled/Downloads/Aircraft_DATASET/tmp_multi/C130/a4fbca0511b62ecb.jpg
968aedf5510aaa1e	/home/aobled/Downloads/Aircraft_DATASET/detection/val/c130/968aedf5510aaa1e.jpg	/home/aobled/Downloads/Aircraft_DATASET/tmp_multi/C130/968aedf5510aaa1e.jpg
fbfac0b527489886	/home/aobled/Downloads/Aircraft_DATASET/detection/val/c130/fbfac0b527489886.jpg	/home/aobled/Downloads/Aircraft_DATASET/tmp_multi/C130/fbfac0b527489886.jpg
e4ec8e93334fcc30	/home/aobled/Downloads/Aircraft_DATASET/detection/val/c130/e4ec8e93334fcc30.jpg	/home/aobled/Downloads/Aircraft_DATASET/tmp_multi/C130/e4ec8e93334fcc30.jpg
dcc4219f8f219667	/home/aobled/Downloads/Aircraft_DATASET/detection/val/c130/dcc4219f8f219667.jpg	/home/aobled/Downloads/Aircraft_DATASET/tmp_multi/C130/dcc4219f8f219667.jpg
e4ec9893736cccc1	/home/aobled/Downloads/Aircraft_DATASET/detection/val/c130/e4ec9893736cccc1.jpg	/home/aobled/Downloads/Aircraft_DATASET/tmp_multi/C130/e4ec9893736cccc1.jpg
f0644ce6f199ce26	/home/aobled/Downloads/Aircraft_DATASET/detection/val/c130/f0644ce6f199ce26.jpg	/home/aobled/Downloads/Aircraft_DATASET/tmp_multi/C130/f0644ce6f199ce26.jpg
f3c68c11f3e60c99	/home/aobled/Downloads/Aircraft_DATASET/detection/val/c130/f3c68c11f3e60c99.jpg	/home/aobled/Downloads/Aircraft_DATASET/tmp_multi/C130/f3c68c11f3e60c99.jpg
b099ce6767999826	/home/aobled/Downloads/Aircraft_DATASET/detection/val/c130/b099ce6767999826.jpg	/home/aobled/Downloads/Aircraft_DATASET/tmp_multi/C130/b099ce6767999826.jpg
86947969c3d7143d	/home/aobled/Downloads/Aircraft_DATASET/detection/val/c130/86947969c3d7143d.jpg	/home/aobled/Downloads/Aircraft_DATASET/tmp_multi/C130/86947969c3d7143d.jpg
b505a6b4955e361e	/home/aobled/Downloads/Aircraft_DATASET/detection/val/c130/b505a6b4955e361e.jpg	/home/aobled/Downloads/Aircraft_DATASET/tmp_multi/C130/b505a6b4955e361e.jpg
96947869c3d63c35	/home/aobled/Downloads/Aircraft_DATASET/detection/val/c130/96947869c3d63c35.jpg	/home/aobled/Downloads/Aircraft_DATASET/tmp_multi/C130/96947869c3d63c35.jpg
c7cd8830724dadba	/home/aobled/Downloads/Aircraft_DATASET/detection/val/c130/c7cd8830724dadba.jpg	/home/aobled/Downloads/Aircraft_DATASET/tmp_multi/C130/c7cd8830724dadba.jpg
bc9cc363219cd663	/home/aobled/Downloads/Aircraft_DATASET/detection/val/c130/bc9cc363219cd663.jpg	/home/aobled/Downloads/Aircraft_DATASET/tmp_multi/C130/bc9cc363219cd663.jpg
c2caf77d3da88244	/home/aobled/Downloads/Aircraft_DATASET/detection/val/c130/c2caf77d3da88244.jpg	/home/aobled/Downloads/Aircraft_DATASET/tmp_multi/C130/c2caf77d3da88244.jpg
b4daa7a0c22d9ae9	/home/aobled/Downloads/Aircraft_DATASET/detection/val/c130/b4daa7a0c22d9ae9.jpg	/home/aobled/Downloads/Aircraft_DATASET/tmp_multi/C130/b4daa7a0c22d9ae9.jpg
eaaac30338fad331	/home/aobled/Downloads/Aircraft_DATASET/detection/val/c130/eaaac30338fad331.jpg	/home/aobled/Downloads/Aircraft_DATASET/tmp_multi/C130/eaaac30338fad331.jpg
f4644ce6f298ce26	/home/aobled/Downloads/Aircraft_DATASET/detection/val/c130/f4644ce6f298ce26.jpg	/home/aobled/Downloads/Aircraft_DATASET/tmp_multi/C130/f4644ce6f298ce26.jpg
c7c5b832424db9b6	/home/aobled/Downloads/Aircraft_DATASET/detection/val/c130/c7c5b832424db9b6.jpg	/home/aobled/Downloads/Aircraft_DATASET/tmp_multi/C130/c7c5b832424db9b6.jpg
bb1b85e0e89a7263	/home/aobled/Downloads/Aircraft_DATASET/detection/val/c130/bb1b85e0e89a7263.jpg	/home/aobled/Downloads/Aircraft_DATASET/tmp_multi/C130/bb1b85e0e89a7263.jpg
96c6a8f1e30e5aa9	/home/aobled/Downloads/Aircraft_DATASET/detection/val/c130/96c6a8f1e30e5aa9.jpg	/home/aobled/Downloads/Aircraft_DATASET/tmp_multi/C130/96c6a8f1e30e5aa9.jpg
9199ee671391ac66	/home/aobled/Downloads/Aircraft_DATASET/detection/val/c130/9199ee671391ac66.jpg	/home/aobled/Downloads/Aircraft_DATASET/tmp_multi/C130/9199ee671391ac66.jpg
a733988c6ec7a43c	/home/aobled/Downloads/Aircraft_DATASET/detection/val/c130/a733988c6ec7a43c.jpg	/home/aobled/Downloads/Aircraft_DATASET/tmp_multi/C130/a733988c6ec7a43c.jpg
90bd8f78b38d4c32	/home/aobled/Downloads/Aircraft_DATASET/detection/val/c130/90bd8f78b38d4c32.jpg	/home/aobled/Downloads/Aircraft_DATASET/tmp_multi/C130/90bd8f78b38d4c32.jpg
b78fc8e073038f34	/home/aobled/Downloads/Aircraft_DATASET/detection/val/c130/b78fc8e073038f34.jpg	/home/aobled/Downloads/Aircraft_DATASET/tmp_multi/C130/b78fc8e073038f34.jpg
969bd92226ddd922	/home/aobled/Downloads/Aircraft_DATASET/detection/val/c130/969bd92226ddd922.jpg	/home/aobled/Downloads/Aircraft_DATASET/tmp_multi/C130/969bd92226ddd922.jpg
b38fcce0717f8c10	/home/aobled/Downloads/Aircraft_DATASET/detection/val/c130/b38fcce0717f8c10.jpg	/home/aobled/Downloads/Aircraft_DATASET/tmp_multi/C130/b38fcce0717f8c10.jpg
8785a27af86d1596	/home/aobled/Downloads/Aircraft_DATASET/detection/val/c130/8785a27af86d1596.jpg	/home/aobled/Downloads/Aircraft_DATASET/tmp_multi/C130/8785a27af86d1596.jpg
aeacbea604919373	/home/aobled/Downloads/Aircraft_DATASET/detection/val/c130/aeacbea604919373.jpg	/home/aobled/Downloads/Aircraft_DATASET/tmp_multi/C130/aeacbea604919373.jpg
be12923ce8ca7635	/home/aobled/Downloads/Aircraft_DATASET/detection/val/c130/be12923ce8ca7635.jpg	/home/aobled/Downloads/Aircraft_DATASET/tmp_multi/C130/be12923ce8ca7635.jpg
a58bd0ec43328deb	/home/aobled/Downloads/Aircraft_DATASET/detection/val/c130/a58bd0ec43328deb.jpg	/home/aobled/Downloads/Aircraft_DATASET/tmp_multi/C130/a58bd0ec43328deb.jpg
b78d8ce2c39988f8	/home/aobled/Downloads/Aircraft_DATASET/detection/val/c130/b78d8ce2c39988f8.jpg	/home/aobled/Downloads/Aircraft_DATASET/tmp_multi/C130/b78d8ce2c39988f8.jpg
b942c4a5edc236bc	/home/aobled/Downloads/Aircraft_DATASET/detection/val/c130/b942c4a5edc236bc.jpg	/home/aobled/Downloads/Aircraft_DATASET/tmp_multi/C130/b942c4a5edc236bc.jpg
82eac9f10ef7b1c0	/home/aobled/Downloads/Aircraft_DATASET/detection/val/c130/82eac9f10ef7b1c0.jpg	/home/aobled/Downloads/Aircraft_DATASET/tmp_multi/C130/82eac9f10ef7b1c0.jpg
b49885d3b4dccc4b	/home/aobled/Downloads/Aircraft_DATASET/detection/val/c130/b49885d3b4dccc4b.jpg	/home/aobled/Downloads/Aircraft_DATASET/tmp_multi/C130/b49885d3b4dccc4b.jpg
859ddbb224194d67	/home/aobled/Downloads/Aircraft_DATASET/detection/val/c130/859ddbb224194d67.jpg	/home/aobled/Downloads/Aircraft_DATASET/tmp_multi/C130/859ddbb224194d67.jpg
a1b0d44f4bacf623	/home/aobled/Downloads/Aircraft_DATASET/detection/val/c130/a1b0d44f4bacf623.jpg	/home/aobled/Downloads/Aircraft_DATASET/tmp_multi/C130/a1b0d44f4bacf623.jpg
97d84d8126ab1677	/home/aobled/Downloads/Aircraft_DATASET/detection/val/c130/97d84d8126ab1677.jpg	/home/aobled/Downloads/Aircraft_DATASET/tmp_multi/C130/97d84d8126ab1677.jpg
eead9113768e9432	/home/aobled/Downloads/Aircraft_DATASET/detection/val/c130/eead9113768e9432.jpg	/home/aobled/Downloads/Aircraft_DATASET/tmp_multi/C130/eead9113768e9432.jpg
c498c3372fc850bf	/home/aobled/Downloads/Aircraft_DATASET/detection/val/c130/c498c3372fc850bf.jpg	/home/aobled/Downloads/Aircraft_DATASET/tmp_multi/C130/c498c3372fc850bf.jpg
82daf5f5339a1c24	/home/aobled/Downloads/Aircraft_DATASET/detection/val/c130/82daf5f5339a1c24.jpg	/home/aobled/Downloads/Aircraft_DATASET/tmp_multi/C130/82daf5f5339a1c24.jpg
f1c916b239c9d632	/home/aobled/Downloads/Aircraft_DATASET/detection/val/c130/f1c916b239c9d632.jpg	/home/aobled/Downloads/Aircraft_DATASET/tmp_multi/C130/f1c916b239c9d632.jpg
b099ce6763998867	/home/aobled/Downloads/Aircraft_DATASET/detection/val/c130/b099ce6763998867.jpg	/home/aobled/Downloads/Aircraft_DATASET/tmp_multi/C130/b099ce6763998867.jpg
8783f874269b5966	/home/aobled/Downloads/Aircraft_DATASET/detection/val/c130/8783f874269b5966.jpg	/home/aobled/Downloads/Aircraft_DATASET/tmp_multi/C130/8783f874269b5966.jpg
a5a792f236868b33	/home/aobled/Downloads/Aircraft_DATASET/detection/val/c130/a5a792f236868b33.jpg	/home/aobled/Downloads/Aircraft_DATASET/tmp_multi/C130/a5a792f236868b33.jpg
b8d8ae675398ac64	/home/aobled/Downloads/Aircraft_DATASET/detection/val/c130/b8d8ae675398ac64.jpg	/home/aobled/Downloads/Aircraft_DATASET/tmp_multi/C130/b8d8ae675398ac64.jpg
a18bdeec41328ce7	/home/aobled/Downloads/Aircraft_DATASET/detection/val/c130/a18bdeec41328ce7.jpg	/home/aobled/Downloads/Aircraft_DATASET/tmp_multi/C130/a18bdeec41328ce7.jpg
e4d4da1d35ab8b0c	/home/aobled/Downloads/Aircraft_DATASET/detection/val/c130/e4d4da1d35ab8b0c.jpg	/home/aobled/Downloads/Aircraft_DATASET/tmp_multi/C130/e4d4da1d35ab8b0c.jpg
9390ec675f9e8861	/home/aobled/Downloads/Aircraft_DATASET/detection/val/c130/9390ec675f9e8861.jpg	/home/aobled/Downloads/Aircraft_DATASET/tmp_multi/C130/9390ec675f9e8861.jpg
c6d81837b7c96836	/home/aobled/Downloads/Aircraft_DATASET/detection/val/c130/c6d81837b7c96836.jpg	/home/aobled/Downloads/Aircraft_DATASET/tmp_multi/C130/c6d81837b7c96836.jpg
b49ccae3751c9c8a	/home/aobled/Downloads/Aircraft_DATASET/detection/val/c130/b49ccae3751c9c8a.jpg	/home/aobled/Downloads/Aircraft_DATASET/tmp_multi/C130/b49ccae3751c9c8a.jpg
b6d4c9cba3e83415	/home/aobled/Downloads/Aircraft_DATASET/detection/val/c130/b6d4c9cba3e83415.jpg	/home/aobled/Downloads/Aircraft_DATASET/tmp_multi/C130/b6d4c9cba3e83415.jpg
b1bae6c75b092c70	/home/aobled/Downloads/Aircraft_DATASET/detection/val/c130/b1bae6c75b092c70.jpg	/home/aobled/Downloads/Aircraft_DATASET/tmp_multi/C130/b1bae6c75b092c70.jpg
90bfc9e5e204c8bd	/home/aobled/Downloads/Aircraft_DATASET/detection/val/c130/90bfc9e5e204c8bd.jpg	/home/aobled/Downloads/Aircraft_DATASET/tmp_multi/C130/90bfc9e5e204c8bd.jpg
928aedf5510aaa1f	/home/aobled/Downloads/Aircraft_DATASET/detection/val/c130/928aedf5510aaa1f.jpg	/home/aobled/Downloads/Aircraft_DATASET/tmp_multi/C130/928aedf5510aaa1f.jpg
9588cda2d0785b77	/home/aobled/Downloads/Aircraft_DATASET/detection/val/c130/9588cda2d0785b77.jpg	/home/aobled/Downloads/Aircraft_DATASET/tmp_multi/C130/9588cda2d0785b77.jpg
c7b6b14c6613d8e4	/home/aobled/Downloads/Aircraft_DATASET/detection/val/c130/c7b6b14c6613d8e4.jpg	/home/aobled/Downloads/Aircraft_DATASET/tmp_multi/C130/c7b6b14c6613d8e4.jpg
808a89a7d66d5df2	/home/aobled/Downloads/Aircraft_DATASET/detection/val/c130/808a89a7d66d5df2.jpg	/home/aobled/Downloads/Aircraft_DATASET/tmp_multi/C130/808a89a7d66d5df2.jpg
caeaae1293974595	/home/aobled/Downloads/Aircraft_DATASET/detection/val/c130/caeaae1293974595.jpg	/home/aobled/Downloads/Aircraft_DATASET/tmp_multi/C130/caeaae1293974595.jpg
969ea961568ee171	/home/aobled/Downloads/Aircraft_DATASET/detection/val/c130/969ea961568ee171.jpg	/home/aobled/Downloads/Aircraft_DATASET/tmp_multi/C130/969ea961568ee171.jpg
b6aec8d3370c8c59	/home/aobled/Downloads/Aircraft_DATASET/detection/val/c130/b6aec8d3370c8c59.jpg	/home/aobled/Downloads/Aircraft_DATASET/tmp_multi/C130/b6aec8d3370c8c59.jpg
b3888ef3c29988fa	/home/aobled/Downloads/Aircraft_DATASET/detection/val/c130/b3888ef3c29988fa.jpg	/home/aobled/Downloads/Aircraft_DATASET/tmp_multi/C130/b3888ef3c29988fa.jpg
f5e616e5d402e8c5	/home/aobled/Downloads/Aircraft_DATASET/detection/val/c130/f5e616e5d402e8c5.jpg	/home/aobled/Downloads/Aircraft_DATASET/tmp_multi/C130/f5e616e5d402e8c5.jpg
c0b1bfae40c172be	/home/aobled/Downloads/Aircraft_DATASET/detection/val/c130/c0b1bfae40c172be.jpg	/home/aobled/Downloads/Aircraft_DATASET/tmp_multi/C130/c0b1bfae40c172be.jpg
83f8b40769f894e6	/home/aobled/Downloads/Aircraft_DATASET/detection/val/c130/83f8b40769f894e6.jpg	/home/aobled/Downloads/Aircraft_DATASET/tmp_multi/C130/83f8b40769f894e6.jpg
b5b3c88f5db0e052	/home/aobled/Downloads/Aircraft_DATASET/detection/val/c130/b5b3c88f5db0e052.jpg	/home/aobled/Downloads/Aircraft_DATASET/tmp_multi/C130/b5b3c88f5db0e052.jpg
b8dc87633ad8a427	/home/aobled/Downloads/Aircraft_DATASET/detection/val/c130/b8dc87633ad8a427.jpg	/home/aobled/Downloads/Aircraft_DATASET/tmp_multi/C130/b8dc87633ad8a427.jpg
af9fc060269f8f21	/home/aobled/Downloads/Aircraft_DATASET/detection/val/c130/af9fc060269f8f21.jpg	/home/aobled/Downloads/Aircraft_DATASET/tmp_multi/C130/af9fc060269f8f21.jpg
a4a6db596186dc59	/home/aobled/Downloads/Aircraft_DATASET/detection/val/c130/a4a6db596186dc59.jpg	/home/aobled/Downloads/Aircraft_DATASET/tmp_multi/C130/a4a6db596186dc59.jpg
9ec7a57008cdf534	/home/aobled/Downloads/Aircraft_DATASET/detection/val/c130/9ec7a57008cdf534.jpg	/home/aobled/Downloads/Aircraft_DATASET/tmp_multi/C130/9ec7a57008cdf534.jpg
b63db1a6b29038f2	/home/aobled/Downloads/Aircraft_DATASET/detection/val/c130/b63db1a6b29038f2.jpg	/home/aobled/Downloads/Aircraft_DATASET/tmp_multi/C130/b63db1a6b29038f2.jpg
b7ae402b37885ca7	/home/aobled/Downloads/Aircraft_DATASET/detection/val/c130/b7ae402b37885ca7.jpg	/home/aobled/Downloads/Aircraft_DATASET/tmp_multi/C130/b7ae402b37885ca7.jpg
b8d0ee675398ac64	/home/aobled/Downloads/Aircraft_DATASET/detection/val/c130/b8d0ee675398ac64.jpg	/home/aobled/Downloads/Aircraft_DATASET/tmp_multi/C130/b8d0ee675398ac64.jpg
9bc9862739cd861b	/home/aobled/Downloads/Aircraft_DATASET/detection/val/c130/9bc9862739cd861b.jpg	/home/aobled/Downloads/Aircraft_DATASET/tmp_multi/C130/9bc9862739cd861b.jpg
b3ccc5bfb0c11368	/home/aobled/Downloads/Aircraft_DATASET/detection/val/c130/b3ccc5bfb0c11368.jpg	/home/aobled/Downloads/Aircraft_DATASET/tmp_multi/C130/b3ccc5bfb0c11368.jpg
bf9ec061619e9e21	/home/aobled/Downloads/Aircraft_DATASET/detection/val/c130/bf9ec061619e9e21.jpg	/home/aobled/Downloads/Aircraft_DATASET/tmp_multi/C130/bf9ec061619e9e21.jpg
a4ecd89307e67839	/home/aobled/Downloads/Aircraft_DATASET/detection/val/c130/a4ecd89307e67839.jpg	/home/aobled/Downloads/Aircraft_DATASET/tmp_multi/C130/a4ecd89307e67839.jpg
af9f9160609c9dc3	/home/aobled/Downloads/Aircraft_DATASET/detection/val/c130/af9f9160609c9dc3.jpg	/home/aobled/Downloads/Aircraft_DATASET/tmp_multi/C130/af9f9160609c9dc3.jpg
eaaa433b78fa1238	/home/aobled/Downloads/Aircraft_DATASET/detection/val/c130/eaaa433b78fa1238.jpg	/home/aobled/Downloads/Aircraft_DATASET/tmp_multi/C130/eaaa433b78fa1238.jpg
a69b9ba684c923d6	/home/aobled/Downloads/Aircraft_DATASET/detection/val/c130/a69b9ba684c923d6.jpg	/home/aobled/Downloads/Aircraft_DATASET/tmp_multi/C130/a69b9ba684c923d6.jpg
f6ce8c81b190ce6b	/home/aobled/Downloads/Aircraft_DATASET/detection/val/c130/f6ce8c81b190ce6b.jpg	/home/aobled/Downloads/Aircraft_DATASET/tmp_multi/C130/f6ce8c81b190ce6b.jpg
f272e8e043c3866f	/home/aobled/Downloads/Aircraft_DATASET/detection/val/c130/f272e8e043c3866f.jpg	/home/aobled/Downloads/Aircraft_DATASET/tmp_multi/C130/f272e8e043c3866f.jpg
86760cb1a98de6a7	/home/aobled/Downloads/Aircraft_DATASET/detection/val/c130/86760cb1a98de6a7.jpg	/home/aobled/Downloads/Aircraft_DATASET/tmp_multi/C130/86760cb1a98de6a7.jpg
85b5786ac6943d69	/home/aobled/Downloads/Aircraft_DATASET/detection/val/c130/85b5786ac6943d69.jpg	/home/aobled/Downloads/Aircraft_DATASET/tmp_multi/C130/85b5786ac6943d69.jpg
d5d4d434fcd82278	/home/aobled/Downloads/Aircraft_DATASET/detection/val/c130/d5d4d434fcd82278.jpg	/home/aobled/Downloads/Aircraft_DATASET/tmp_multi/C130/d5d4d434fcd82278.jpg
8f9fd8f06203b136	/home/aobled/Downloads/Aircraft_DATASET/detection/val/c130/8f9fd8f06203b136.jpg	/home/aobled/Downloads/Aircraft_DATASET/tmp_multi/C130/8f9fd8f06203b136.jpg
b9c6cfb091422df1	/home/aobled/Downloads/Aircraft_DATASET/detection/val/c130/b9c6cfb091422df1.jpg	/home/aobled/Downloads/Aircraft_DATASET/tmp_multi/C130/b9c6cfb091422df1.jpg
8884f77f48c0927f	/home/aobled/Downloads/Aircraft_DATASET/detection/val/c130/8884f77f48c0927f.jpg	/home/aobled/Downloads/Aircraft_DATASET/tmp_multi/C130/8884f77f48c0927f.jpg
fada85253bca8465	/home/aobled/Downloads/Aircraft_DATASET/detection/val/c130/fada85253bca8465.jpg	/home/aobled/Downloads/Aircraft_DATASET/tmp_multi/C130/fada85253bca8465.jpg
d1c4ceba3111c66f	/home/aobled/Downloads/Aircraft_DATASET/detection/val/c130/d1c4ceba3111c66f.jpg	/home/aobled/Downloads/Aircraft_DATASET/tmp_multi/C130/d1c4ceba3111c66f.jpg
b8d887637bd8a426	/home/aobled/Downloads/Aircraft_DATASET/detection/val/c130/b8d887637bd8a426.jpg	/home/aobled/Downloads/Aircraft_DATASET/tmp_multi/C130/b8d887637bd8a426.jpg
b646c8f0b7cf1330	/home/aobled/Downloads/Aircraft_DATASET/detection/val/c130/b646c8f0b7cf1330.jpg	/home/aobled/Downloads/Aircraft_DATASET/tmp_multi/C130/b646c8f0b7cf1330.jpg
ca91c5ec966d1aca	/home/aobled/Downloads/Aircraft_DATASET/detection/val/c130/ca91c5ec966d1aca.jpg	/home/aobled/Downloads/Aircraft_DATASET/tmp_multi/C130/ca91c5ec966d1aca.jpg
be9ec061619e9e23	/home/aobled/Downloads/Aircraft_DATASET/detection/val/c130/be9ec061619e9e23.jpg	/home/aobled/Downloads/Aircraft_DATASET/tmp_multi/C130/be9ec061619e9e23.jpg
bcdec06131dece21	/home/aobled/Downloads/Aircraft_DATASET/detection/val/c130/bcdec06131dece21.jpg	/home/aobled/Downloads/Aircraft_DATASET/tmp_multi/C130/bcdec06131dece21.jpg
b21a8de9e89c7263	/home/aobled/Downloads/Aircraft_DATASET/detection/val/c130/b21a8de9e89c7263.jpg	/home/aobled/Downloads/Aircraft_DATASET/tmp_multi/C130/b21a8de9e89c7263.jpg
e1ae9c73698c1663	/home/aobled/Downloads/Aircraft_DATASET/detection/val/c130/e1ae9c73698c1663.jpg	/home/aobled/Downloads/Aircraft_DATASET/tmp_multi/C130/e1ae9c73698c1663.jpg
ad92d0f5d3640bc9	/home/aobled/Downloads/Aircraft_DATASET/detection/val/c130/ad92d0f5d3640bc9.jpg	/home/aobled/Downloads/Aircraft_DATASET/tmp_multi/C130/ad92d0f5d3640bc9.jpg
f2ca8d3573c2886d	/home/aobled/Downloads/Aircraft_DATASET/detection/val/c130/f2ca8d3573c2886d.jpg	/home/aobled/Downloads/Aircraft_DATASET/tmp_multi/C130/f2ca8d3573c2886d.jpg
ae9cd061239efe21	/home/aobled/Downloads/Aircraft_DATASET/detection/val/c130/ae9cd061239efe21.jpg	/home/aobled/Downloads/Aircraft_DATASET/tmp_multi/C130/ae9cd061239efe21.jpg
bcace0111f9ee22b	/home/aobled/Downloads/Aircraft_DATASET/detection/val/c130/bcace0111f9ee22b.jpg	/home/aobled/Downloads/Aircraft_DATASET/tmp_multi/C130/bcace0111f9ee22b.jpg
a59bf2d058330d67	/home/aobled/Downloads/Aircraft_DATASET/detection/val/c130/a59bf2d058330d67.jpg	/home/aobled/Downloads/Aircraft_DATASET/tmp_multi/C130/a59bf2d058330d67.jpg
bcdec26131dece20	/home/aobled/Downloads/Aircraft_DATASET/detection/val/c130/bcdec26131dece20.jpg	/home/aobled/Downloads/Aircraft_DATASET/tmp_multi/C130/bcdec26131dece20.jpg
87f77c67839830e0	/home/aobled/Downloads/Aircraft_DATASET/detection/val/c130/87f77c67839830e0.jpg	/home/aobled/Downloads/Aircraft_DATASET/tmp_multi/C130/87f77c67839830e0.jpg
ea9215355acb35b4	/home/aobled/Downloads/Aircraft_DATASET/detection/val/c130/ea9215355acb35b4.jpg	/home/aobled/Downloads/Aircraft_DATASET/tmp_multi/C130/ea9215355acb35b4.jpg
998187575da8b457	/home/aobled/Downloads/Aircraft_DATASET/detection/val/c130/998187575da8b457.jpg	/home/aobled/Downloads/Aircraft_DATASET/tmp_multi/C130/998187575da8b457.jpg
99c9a62739cc961b	/home/aobled/Downloads/Aircraft_DATASET/detection/val/c130/99c9a62739cc961b.jpg	/home/aobled/Downloads/Aircraft_DATASET/tmp_multi/C130/99c9a62739cc961b.jpg
af8fd0606a8f9760	/home/aobled/Downloads/Aircraft_DATASET/detection/val/c130/af8fd0606a8f9760.jpg	/home/aobled/Downloads/Aircraft_DATASET/tmp_multi/C130/af8fd0606a8f9760.jpg
b4daafa0c23d92c9	/home/aobled/Downloads/Aircraft_DATASET/detection/val/c130/b4daafa0c23d92c9.jpg	/home/aobled/Downloads/Aircraft_DATASET/tmp_multi/C130/b4daafa0c23d92c9.jpg
f04085253d8fcf67	/home/aobled/Downloads/Aircraft_DATASET/detection/val/c130/f04085253d8fcf67.jpg	/home/aobled/Downloads/Aircraft_DATASET/tmp_multi/C130/f04085253d8fcf67.jpg
badac5252151deaa	/home/aobled/Downloads/Aircraft_DATASET/detection/val/c130/badac5252151deaa.jpg	/home/aobled/Downloads/Aircraft_DATASET/tmp_multi/C130/badac5252151deaa.jpg
868ee9f9118626af	/home/aobled/Downloads/Aircraft_DATASET/detection/val/c130/868ee9f9118626af.jpg	/home/aobled/Downloads/Aircraft_DATASET/tmp_multi/C130/868ee9f9118626af.jpg
bedec061699e9621	/home/aobled/Downloads/Aircraft_DATASET/detection/val/c130/bedec061699e9621.jpg	/home/aobled/Downloads/Aircraft_DATASET/tmp_multi/C130/bedec061699e9621.jpg
b199e6663b998466	/home/aobled/Downloads/Aircraft_DATASET/detection/val/c130/b199e6663b998466.jpg	/home/aobled/Downloads/Aircraft_DATASET/tmp_multi/C130/b199e6663b998466.jpg
c5be49b2e78c8872	/home/aobled/Downloads/Aircraft_DATASET/detection/val/c130/c5be49b2e78c8872.jpg	/home/aobled/Downloads/Aircraft_DATASET/tmp_multi/C130/c5be49b2e78c8872.jpg
f0408ba3b79ed871	/home/aobled/Downloads/Aircraft_DATASET/detection/val/c130/f0408ba3b79ed871.jpg	/home/aobled/Downloads/Aircraft_DATASET/tmp_multi/C130/f0408ba3b79ed871.jpg
f4888b33768da972	/home/aobled/Downloads/Aircraft_DATASET/detection/val/c130/f4888b33768da972.jpg	/home/aobled/Downloads/Aircraft_DATASET/tmp_multi/C130/f4888b33768da972.jpg
c1bdc1a8b2eaccb2	/home/aobled/Downloads/Aircraft_DATASET/detection/val/c130/c1bdc1a8b2eaccb2.jpg	/home/aobled/Downloads/Aircraft_DATASET/tmp_multi/C130/c1bdc1a8b2eaccb2.jpg
a9f8d64723f8d424	/home/aobled/Downloads/Aircraft_DATASET/detection/val/c130/a9f8d64723f8d424.jpg	/home/aobled/Downloads/Aircraft_DATASET/tmp_multi/C130/a9f8d64723f8d424.jpg
f3828c1d73e68c1d	/home/aobled/Downloads/Aircraft_DATASET/detection/val/c130/f3828c1d73e68c1d.jpg	/home/aobled/Downloads/Aircraft_DATASET/tmp_multi/C130/f3828c1d73e68c1d.jpg
ca88354bd8119ffa	/home/aobled/Downloads/Aircraft_DATASET/detection/val/c130/ca88354bd8119ffa.jpg	/home/aobled/Downloads/Aircraft_DATASET/tmp_multi/C130/ca88354bd8119ffa.jpg
99c8a63399c63739	/home/aobled/Downloads/Aircraft_DATASET/detection/val/c130/99c8a63399c63739.jpg	/home/aobled/Downloads/Aircraft_DATASET/tmp_multi/C130/99c8a63399c63739.jpg
eaca903535e9c257	/home/aobled/Downloads/Aircraft_DATASET/detection/val/c130/eaca903535e9c257.jpg	/home/aobled/Downloads/Aircraft_DATASET/tmp_multi/C130/eaca903535e9c257.jpg
beaec061369e8969	/home/aobled/Downloads/Aircraft_DATASET/detection/val/c130/beaec061369e8969.jpg	/home/aobled/Downloads/Aircraft_DATASET/tmp_multi/C130/beaec061369e8969.jpg
83a37c1d83e37e18	/home/aobled/Downloads/Aircraft_DATASET/detection/val/c130/83a37c1d83e37e18.jpg	/home/aobled/Downloads/Aircraft_DATASET/tmp_multi/C130/83a37c1d83e37e18.jpg
8295b7e2d81b27d4	/home/aobled/Downloads/Aircraft_DATASET/detection/val/c130/8295b7e2d81b27d4.jpg	/home/aobled/Downloads/Aircraft_DATASET/tmp_multi/C130/8295b7e2d81b27d4.jpg
a7e8d80727fc4187	/home/aobled/Downloads/Aircraft_DATASET/detection/val/c130/a7e8d80727fc4187.jpg	/home/aobled/Downloads/Aircraft_DATASET/tmp_multi/C130/a7e8d80727fc4187.jpg
a20a9c3d27c2da3f	/home/aobled/Downloads/Aircraft_DATASET/detection/val/c130/a20a9c3d27c2da3f.jpg	/home/aobled/Downloads/Aircraft_DATASET/tmp_multi/C130/a20a9c3d27c2da3f.jpg
d2dc0d62729d4d72	/home/aobled/Downloads/Aircraft_DATASET/detection/val/c130/d2dc0d62729d4d72.jpg	/home/aobled/Downloads/Aircraft_DATASET/tmp_multi/C130/d2dc0d62729d4d72.jpg
90c4a3e999ec366e	/home/aobled/Downloads/Aircraft_DATASET/detection/val/c130/90c4a3e999ec366e.jpg	/home/aobled/Downloads/Aircraft_DATASET/tmp_multi/C130/90c4a3e999ec366e.jpg
a58ad0ec43328def	/home/aobled/Downloads/Aircraft_DATASET/detection/val/c130/a58ad0ec43328def.jpg	/home/aobled/Downloads/Aircraft_DATASET/tmp_multi/C130/a58ad0ec43328def.jpg
83a37c1d83e77c18	/home/aobled/Downloads/Aircraft_DATASET/detection/val/c130/83a37c1d83e77c18.jpg	/home/aobled/Downloads/Aircraft_DATASET/tmp_multi/C130/83a37c1d83e77c18.jpg
a99ed669189463da	/home/aobled/Downloads/Aircraft_DATASET/detection/val/c130/a99ed669189463da.jpg	/home/aobled/Downloads/Aircraft_DATASET/tmp_multi/C130/a99ed669189463da.jpg
f49c98a3238b9ec6	/home/aobled/Downloads/Aircraft_DATASET/detection/val/c130/f49c98a3238b9ec6.jpg	/home/aobled/Downloads/Aircraft_DATASET/tmp_multi/C130/f49c98a3238b9ec6.jpg
9acac4f5379b1a24	/home/aobled/Downloads/Aircraft_DATASET/detection/val/c130/9acac4f5379b1a24.jpg	/home/aobled/Downloads/Aircraft_DATASET/tmp_multi/C130/9acac4f5379b1a24.jpg
91b08d6732c8ec5f	/home/aobled/Downloads/Aircraft_DATASET/detection/val/c130/91b08d6732c8ec5f.jpg	/home/aobled/Downloads/Aircraft_DATASET/tmp_multi/C130/91b08d6732c8ec5f.jpg
86947969c3d7343c	/home/aobled/Downloads/Aircraft_DATASET/detection/val/c130/86947969c3d7343c.jpg	/home/aobled/Downloads/Aircraft_DATASET/tmp_multi/C130/86947969c3d7343c.jpg
da9ac72539de2642	/home/aobled/Downloads/Aircraft_DATASET/detection/val/c130/da9ac72539de2642.jpg	/home/aobled/Downloads/Aircraft_DATASET/tmp_multi/C130/da9ac72539de2642.jpg
aba8d44329acbcd3	/home/aobled/Downloads/Aircraft_DATASET/detection/val/c130/aba8d44329acbcd3.jpg	/home/aobled/Downloads/Aircraft_DATASET/tmp_multi/C130/aba8d44329acbcd3.jpg
b198ce6663199de2	/home/aobled/Downloads/Aircraft_DATASET/detection/val/c130/b198ce6663199de2.jpg	/home/aobled/Downloads/Aircraft_DATASET/tmp_multi/C130/b198ce6663199de2.jpg
f6fa8c8071d2ea2a	/home/aobled/Downloads/Aircraft_DATASET/detection/val/c130/f6fa8c8071d2ea2a.jpg	/home/aobled/Downloads/Aircraft_DATASET/tmp_multi/C130/f6fa8c8071d2ea2a.jpg
8f9fd060369f4760	/home/aobled/Downloads/Aircraft_DATASET/detection/val/c130/8f9fd060369f4760.jpg	/home/aobled/Downloads/Aircraft_DATASET/tmp_multi/C130/8f9fd060369f4760.jpg
b1b0e6c75b892c72	/home/aobled/Downloads/Aircraft_DATASET/detection/val/c130/b1b0e6c75b892c72.jpg	/home/aobled/Downloads/Aircraft_DATASET/tmp_multi/C130/b1b0e6c75b892c72.jpg
ae9ec1612c9e9f21	/home/aobled/Downloads/Aircraft_DATASET/detection/val/c130/ae9ec1612c9e9f21.jpg	/home/aobled/Downloads/Aircraft_DATASET/tmp_multi/C130/ae9ec1612c9e9f21.jpg
94a1eb6f75b08847	/home/aobled/Downloads/Aircraft_DATASET/detection/val/c130/94a1eb6f75b08847.jpg	/home/aobled/Downloads/Aircraft_DATASET/tmp_multi/C130/94a1eb6f75b08847.jpg
b20f8da8afc73033	/home/aobled/Downloads/Aircraft_DATASET/detection/val/c130/b20f8da8afc73033.jpg	/home/aobled/Downloads/Aircraft_DATASET/tmp_multi/C130/b20f8da8afc73033.jpg
a7bfc8c0670f8a31	/home/aobled/Downloads/Aircraft_DATASET/detection/val/c130/a7bfc8c0670f8a31.jpg	/home/aobled/Downloads/Aircraft_DATASET/tmp_multi/C130/a7bfc8c0670f8a31.jpg
be9cc5633b90c46c	/home/aobled/Downloads/Aircraft_DATASET/detection/val/c130/be9cc5633b90c46c.jpg	/home/aobled/Downloads/Aircraft_DATASET/tmp_multi/C130/be9cc5633b90c46c.jpg
9fc7a0709aa7349a	/home/aobled/Downloads/Aircraft_DATASET/detection/val/c130/9fc7a0709aa7349a.jpg	/home/aobled/Downloads/Aircraft_DATASET/tmp_multi/C130/9fc7a0709aa7349a.jpg
d4835b32edc113f4	/home/aobled/Downloads/Aircraft_DATASET/detection/val/c130/d4835b32edc113f4.jpg	/home/aobled/Downloads/Aircraft_DATASET/tmp_multi/C130/d4835b32edc113f4.jpg
99c9862739ccb61b	/home/aobled/Downloads/Aircraft_DATASET/detection/val/c130/99c9862739ccb61b.jpg	/home/aobled/Downloads/Aircraft_DATASET/tmp_multi/C130/99c9862739ccb61b.jpg
81f5be7ecd813482	/home/aobled/Downloads/Aircraft_DATASET/detection/val/c130/81f5be7ecd813482.jpg	/home/aobled/Downloads/Aircraft_DATASET/tmp_multi/C130/81f5be7ecd813482.jpg
f4e21dd92277285c	/home/aobled/Downloads/Aircraft_DATASET/detection/val/c130/f4e21dd92277285c.jpg	/home/aobled/Downloads/Aircraft_DATASET/tmp_multi/C130/f4e21dd92277285c.jpg
c7c49833464cb9b7	/home/aobled/Downloads/Aircraft_DATASET/detection/val/c130/c7c49833464cb9b7.jpg	/home/aobled/Downloads/Aircraft_DATASET/tmp_multi/C130/c7c49833464cb9b7.jpg
9dace2631d8ce863	/home/aobled/Downloads/Aircraft_DATASET/detection/val/c130/9dace2631d8ce863.jpg	/home/aobled/Downloads/Aircraft_DATASET/tmp_multi/C130/9dace2631d8ce863.jpg
d6f8e92512d2e469	/home/aobled/Downloads/Aircraft_DATASET/detection/val/c130/d6f8e92512d2e469.jpg	/home/aobled/Downloads/Aircraft_DATASET/tmp_multi/C130/d6f8e92512d2e469.jpg
a18fde70308fcf60	/home/aobled/Downloads/Aircraft_DATASET/detection/val/c130/a18fde70308fcf60.jpg	/home/aobled/Downloads/Aircraft_DATASET/tmp_multi/C130/a18fde70308fcf60.jpg
86e6f91913a66e1c	/home/aobled/Downloads/Aircraft_DATASET/detection/val/c130/86e6f91913a66e1c.jpg	/home/aobled/Downloads/Aircraft_DATASET/tmp_multi/C130/86e6f91913a66e1c.jpg
85ecd3f886a999c2	/home/aobled/Downloads/Aircraft_DATASET/detection/val/c130/85ecd3f886a999c2.jpg	/home/aobled/Downloads/Aircraft_DATASET/tmp_multi/C130/85ecd3f886a999c2.jpg
a2121be4eeda1d35	/home/aobled/Downloads/Aircraft_DATASET/detection/val/c130/a2121be4eeda1d35.jpg	/home/aobled/Downloads/Aircraft_DATASET/tmp_multi/C130/a2121be4eeda1d35.jpg
f4654fe2f098cc26	/home/aobled/Downloads/Aircraft_DATASET/detection/val/c130/f4654fe2f098cc26.jpg	/home/aobled/Downloads/Aircraft_DATASET/tmp_multi/C130/f4654fe2f098cc26.jpg
a4b4db5b648cce45	/home/aobled/Downloads/Aircraft_DATASET/detection/val/c130/a4b4db5b648cce45.jpg	/home/aobled/Downloads/Aircraft_DATASET/tmp_multi/C130/a4b4db5b648cce45.jpg
af9fd0602c9e8f21	/home/aobled/Downloads/Aircraft_DATASET/detection/val/c130/af9fd0602c9e8f21.jpg	/home/aobled/Downloads/Aircraft_DATASET/tmp_multi/C130/af9fd0602c9e8f21.jpg
96dec821251ed6f4	/home/aobled/Downloads/Aircraft_DATASET/detection/val/c130/96dec821251ed6f4.jpg	/home/aobled/Downloads/Aircraft_DATASET/tmp_multi/C130/96dec821251ed6f4.jpg
99c8f6730986a6d9	/home/aobled/Downloads/Aircraft_DATASET/detection/val/c130/99c8f6730986a6d9.jpg	/home/aobled/Downloads/Aircraft_DATASET/tmp_multi/C130/99c8f6730986a6d9.jpg
a3c8d2326bcdb436	/home/aobled/Downloads/Aircraft_DATASET/detection/val/c130/a3c8d2326bcdb436.jpg	/home/aobled/Downloads/Aircraft_DATASET/tmp_multi/C130/a3c8d2326bcdb436.jpg
99cca63b19c63339	/home/aobled/Downloads/Aircraft_DATASET/detection/val/c130/99cca63b19c63339.jpg	/home/aobled/Downloads/Aircraft_DATASET/tmp_multi/C130/99cca63b19c63339.jpg
e5ec9893736cccc0	/home/aobled/Downloads/Aircraft_DATASET/detection/val/c130/e5ec9893736cccc0.jpg	/home/aobled/Downloads/Aircraft_DATASET/tmp_multi/C130/e5ec9893736cccc0.jpg
e98916b669cbc634	/home/aobled/Downloads/Aircraft_DATASET/detection/val/c130/e98916b669cbc634.jpg	/home/aobled/Downloads/Aircraft_DATASET/tmp_multi/C130/e98916b669cbc634.jpg
a78bd4e8433689ea	/home/aobled/Downloads/Aircraft_DATASET/detection/val/c130/a78bd4e8433689ea.jpg	/home/aobled/Downloads/Aircraft_DATASET/tmp_multi/C130/a78bd4e8433689ea.jpg
bc1cd878399b5361	/home/aobled/Downloads/Aircraft_DATASET/detection/val/c130/bc1cd878399b5361.jpg	/home/aobled/Downloads/Aircraft_DATASET/tmp_multi/C130/bc1cd878399b5361.jpg
b099ce6767998866	/home/aobled/Downloads/Aircraft_DATASET/detection/val/c130/b099ce6767998866.jpg	/home/aobled/Downloads/Aircraft_DATASET/tmp_multi/C130/b099ce6767998866.jpg
c7cf8830724dadb2	/home/aobled/Downloads/Aircraft_DATASET/detection/val/c130/c7cf8830724dadb2.jpg	/home/aobled/Downloads/Aircraft_DATASET/tmp_multi/C130/c7cf8830724dadb2.jpg
8eaee0111f9fe129	/home/aobled/Downloads/Aircraft_DATASET/detection/val/c130/8eaee0111f9fe129.jpg	/home/aobled/Downloads/Aircraft_DATASET/tmp_multi/C130/8eaee0111f9fe129.jpg
b4eace0573f20cc9	/home/aobled/Downloads/Aircraft_DATASET/detection/val/c130/b4eace0573f20cc9.jpg	/home/aobled/Downloads/Aircraft_DATASET/tmp_multi/C130/b4eace0573f20cc9.jpg
e2fa9d2562da1a25	/home/aobled/Downloads/Aircraft_DATASET/detection/val/c130/e2fa9d2562da1a25.jpg	/home/aobled/Downloads/Aircraft_DATASET/tmp_multi/C130/e2fa9d2562da1a25.jpg
b0c89ddbe419d1e4	/home/aobled/Downloads/Aircraft_DATASET/detection/val/c130/b0c89ddbe419d1e4.jpg	/home/aobled/Downloads/Aircraft_DATASET/tmp_multi/C130/b0c89ddbe419d1e4.jpg
f89c87677a988463	/home/aobled/Downloads/Aircraft_DATASET/detection/val/c130/f89c87677a988463.jpg	/home/aobled/Downloads/Aircraft_DATASET/tmp_multi/C130/f89c87677a988463.jpg
d79db87057ad2052	/home/aobled/Downloads/Aircraft_DATASET/detection/val/c130/d79db87057ad2052.jpg	/home/aobled/Downloads/Aircraft_DATASET/tmp_multi/C130/d79db87057ad2052.jpg
ff9f8020779f88a0	/home/aobled/Downloads/Aircraft_DATASET/detection/val/c130/ff9f8020779f88a0.jpg	/home/aobled/Downloads/Aircraft_DATASET/tmp_multi/C130/ff9f8020779f88a0.jpg
a43c4ca6a2f9dc36	/home/aobled/Downloads/Aircraft_DATASET/detection/val/c130/a43c4ca6a2f9dc36.jpg	/home/aobled/Downloads/Aircraft_DATASET/tmp_multi/C130/a43c4ca6a2f9dc36.jpg
86c8bdf13546ce2a	/home/aobled/Downloads/Aircraft_DATASET/detection/val/c130/86c8bdf13546ce2a.jpg	/home/aobled/Downloads/Aircraft_DATASET/tmp_multi/C130/86c8bdf13546ce2a.jpg
b29ccd63f29c48e2	/home/aobled/Downloads/Aircraft_DATASET/detection/val/c130/b29ccd63f29c48e2.jpg	/home/aobled/Downloads/Aircraft_DATASET/tmp_multi/C130/b29ccd63f29c48e2.jpg
9190ee5719c4e6cb	/home/aobled/Downloads/Aircraft_DATASET/detection/val/c130/9190ee5719c4e6cb.jpg	/home/aobled/Downloads/Aircraft_DATASET/tmp_multi/C130/9190ee5719c4e6cb.jpg
f068858babaecc55	/home/aobled/Downloads/Aircraft_DATASET/detection/val/c130/f068858babaecc55.jpg	/home/aobled/Downloads/Aircraft_DATASET/tmp_multi/C130/f068858babaecc55.jpg
be9ec061639e9c23	/home/aobled/Downloads/Aircraft_DATASET/detection/val/c130/be9ec061639e9c23.jpg	/home/aobled/Downloads/Aircraft_DATASET/tmp_multi/C130/be9ec061639e9c23.jpg
e4ec8e93336fcc10	/home/aobled/Downloads/Aircraft_DATASET/detection/val/c130/e4ec8e93336fcc10.jpg	/home/aobled/Downloads/Aircraft_DATASET/tmp_multi/C130/e4ec8e93336fcc10.jpg
b6caa5a5c3059ad5	/home/aobled/Downloads/Aircraft_DATASET/detection/val/c130/b6caa5a5c3059ad5.jpg	/home/aobled/Downloads/Aircraft_DATASET/tmp_multi/C130/b6caa5a5c3059ad5.jpg
9a9acce5311b8e36	/home/aobled/Downloads/Aircraft_DATASET/detection/val/c130/9a9acce5311b8e36.jpg	/home/aobled/Downloads/Aircraft_DATASET/tmp_multi/C130/9a9acce5311b8e36.jpg
c9c2c26b69bbc361	/home/aobled/Downloads/Aircraft_DATASET/detection/val/c130/c9c2c26b69bbc361.jpg	/home/aobled/Downloads/Aircraft_DATASET/tmp_multi/C130/c9c2c26b69bbc361.jpg
d2fa89f576054c38	/home/aobled/Downloads/Aircraft_DATASET/detection/val/c130/d2fa89f576054c38.jpg	/home/aobled/Downloads/Aircraft_DATASET/tmp_multi/C130/d2fa89f576054c38.jpg
d4d4d430ecdc317c	/home/aobled/Downloads/Aircraft_DATASET/detection/val/c130/d4d4d430ecdc317c.jpg	/home/aobled/Downloads/Aircraft_DATASET/tmp_multi/C130/d4d4d430ecdc317c.jpg
e4ed8ee4e8d90686	/home/aobled/Downloads/Aircraft_DATASET/detection/val/c130/e4ed8ee4e8d90686.jpg	/home/aobled/Downloads/Aircraft_DATASET/tmp_multi/C130/e4ed8ee4e8d90686.jpg
c8edb25acc331e4c	/home/aobled/Downloads/Aircraft_DATASET/detection/val/c130/c8edb25acc331e4c.jpg	/home/aobled/Downloads/Aircraft_DATASET/tmp_multi/C130/c8edb25acc331e4c.jpg
8ce1db3c00e1ff16	/home/aobled/Downloads/Aircraft_DATASET/detection/val/c130/8ce1db3c00e1ff16.jpg	/home/aobled/Downloads/Aircraft_DATASET/tmp_multi/C130/8ce1db3c00e1ff16.jpg
91b1be9f1560683b	/home/aobled/Downloads/Aircraft_DATASET/detection/val/c130/91b1be9f1560683b.jpg	/home/aobled/Downloads/Aircraft_DATASET/tmp_multi/C130/91b1be9f1560683b.jpg
85fc8ec1f604c8bb	/home/aobled/Downloads/Aircraft_DATASET/detection/val/c130/85fc8ec1f604c8bb.jpg	/home/aobled/Downloads/Aircraft_DATASET/tmp_multi/C130/85fc8ec1f604c8bb.jpg
ee3bd1609949316d	/home/aobled/Downloads/Aircraft_DATASET/detection/val/c130/ee3bd1609949316d.jpg	/home/aobled/Downloads/Aircraft_DATASET/tmp_multi/C130/ee3bd1609949316d.jpg
b199ce66631999e2	/home/aobled/Downloads/Aircraft_DATASET/detection/val/c130/b199ce66631999e2.jpg	/home/aobled/Downloads/Aircraft_DATASET/tmp_multi/C130/b199ce66631999e2.jpg
adead20d2dacd252	/home/aobled/Downloads/Aircraft_DATASET/detection/val/c130/adead20d2dacd252.jpg	/home/aobled/Downloads/Aircraft_DATASET/tmp_multi/C130/adead20d2dacd252.jpg
b71e48b0b58fc338	/home/aobled/Downloads/Aircraft_DATASET/detection/val/c130/b71e48b0b58fc338.jpg	/home/aobled/Downloads/Aircraft_DATASET/tmp_multi/C130/b71e48b0b58fc338.jpg
d5d75541aaae2aa2	/home/aobled/Downloads/Aircraft_DATASET/detection/val/c130/d5d75541aaae2aa2.jpg	/home/aobled/Downloads/Aircraft_DATASET/tmp_multi/C130/d5d75541aaae2aa2.jpg
a399d0262fd9e4a6	/home/aobled/Downloads/Aircraft_DATASET/detection/val/c130/a399d0262fd9e4a6.jpg	/home/aobled/Downloads/Aircraft_DATASET/tmp_multi/C130/a399d0262fd9e4a6.jpg
aba644157bee4c91	/home/aobled/Downloads/Aircraft_DATASET/detection/val/c130/aba644157bee4c91.jpg	/home/aobled/Downloads/Aircraft_DATASET/tmp_multi/C130/aba644157bee4c91.jpg
849bcf6638998766	/home/aobled/Downloads/Aircraft_DATASET/detection/val/c130/849bcf6638998766.jpg	/home/aobled/Downloads/Aircraft_DATASET/tmp_multi/C130/849bcf6638998766.jpg
bb12853d6dca7234	/home/aobled/Downloads/Aircraft_DATASET/detection/val/c130/bb12853d6dca7234.jpg	/home/aobled/Downloads/Aircraft_DATASET/tmp_multi/C130/bb12853d6dca7234.jpg
c9cb963434c95b36	/home/aobled/Downloads/Aircraft_DATASET/detection/val/c130/c9cb963434c95b36.jpg	/home/aobled/Downloads/Aircraft_DATASET/tmp_multi/C130/c9cb963434c95b36.jpg
a1a0d9928c8debf3	/home/aobled/Downloads/Aircraft_DATASET/detection/val/c130/a1a0d9928c8debf3.jpg	/home/aobled/Downloads/Aircraft_DATASET/tmp_multi/C130/a1a0d9928c8debf3.jpg
be9dc152b60c8d33	/home/aobled/Downloads/Aircraft_DATASET/detection/val/c130/be9dc152b60c8d33.jpg	/home/aobled/Downloads/Aircraft_DATASET/tmp_multi/C130/be9dc152b60c8d33.jpg
9353d4ac3d9b9226	/home/aobled/Downloads/Aircraft_DATASET/detection/val/c130/9353d4ac3d9b9226.jpg	/home/aobled/Downloads/Aircraft_DATASET/tmp_multi/C130/9353d4ac3d9b9226.jpg
e1acde31618cde31	/home/aobled/Downloads/Aircraft_DATASET/detection/val/c130/e1acde31618cde31.jpg	/home/aobled/Downloads/Aircraft_DATASET/tmp_multi/C130/e1acde31618cde31.jpg
9198ee4f13a0789f	/home/aobled/Downloads/Aircraft_DATASET/detection/val/c130/9198ee4f13a0789f.jpg	/home/aobled/Downloads/Aircraft_DATASET/tmp_multi/C130/9198ee4f13a0789f.jpg
b191ee661391ac67	/home/aobled/Downloads/Aircraft_DATASET/detection/val/c130/b191ee661391ac67.jpg	/home/aobled/Downloads/Aircraft_DATASET/tmp_multi/C130/b191ee661391ac67.jpg
bc9dc36230998f66	/home/aobled/Downloads/Aircraft_DATASET/detection/val/c130/bc9dc36230998f66.jpg	/home/aobled/Downloads/Aircraft_DATASET/tmp_multi/C130/bc9dc36230998f66.jpg
e1e58c1ad2e46d8d	/home/aobled/Downloads/Aircraft_DATASET/detection/val/c130/e1e58c1ad2e46d8d.jpg	/home/aobled/Downloads/Aircraft_DATASET/tmp_multi/C130/e1e58c1ad2e46d8d.jpg
b0d8ee675398ac64	/home/aobled/Downloads/Aircraft_DATASET/detection/val/c130/b0d8ee675398ac64.jpg	/home/aobled/Downloads/Aircraft_DATASET/tmp_multi/C130/b0d8ee675398ac64.jpg
eedec1a0240ccf6d	/home/aobled/Downloads/Aircraft_DATASET/detection/val/c130/eedec1a0240ccf6d.jpg	/home/aobled/Downloads/Aircraft_DATASET/tmp_multi/C130/eedec1a0240ccf6d.jpg
8747caf3e6ce1190	/home/aobled/Downloads/Aircraft_DATASET/detection/val/c130/8747caf3e6ce1190.jpg	/home/aobled/Downloads/Aircraft_DATASET/tmp_multi/C130/8747caf3e6ce1190.jpg
b898df67611898e6	/home/aobled/Downloads/Aircraft_DATASET/detection/val/c130/b898df67611898e6.jpg	/home/aobled/Downloads/Aircraft_DATASET/tmp_multi/C130/b898df67611898e6.jpg
ceceb3b1090c6766	/home/aobled/Downloads/Aircraft_DATASET/detection/val/c130/ceceb3b1090c6766.jpg	/home/aobled/Downloads/Aircraft_DATASET/tmp_multi/C130/ceceb3b1090c6766.jpg
a09edf61804a673f	/home/aobled/Downloads/Aircraft_DATASET/detection/val/c130/a09edf61804a673f.jpg	/home/aobled/Downloads/Aircraft_DATASET/tmp_multi/C130/a09edf61804a673f.jpg
e1121c6c22dbedb5	/home/aobled/Downloads/Aircraft_DATASET/detection/val/c130/e1121c6c22dbedb5.jpg	/home/aobled/Downloads/Aircraft_DATASET/tmp_multi/C130/e1121c6c22dbedb5.jpg
818dde12b54f9a35	/home/aobled/Downloads/Aircraft_DATASET/detection/val/c130/818dde12b54f9a35.jpg	/home/aobled/Downloads/Aircraft_DATASET/tmp_multi/C130/818dde12b54f9a35.jpg
c28addb565a10d3d	/home/aobled/Downloads/Aircraft_DATASET/detection/val/c130/c28addb565a10d3d.jpg	/home/aobled/Downloads/Aircraft_DATASET/tmp_multi/C130/c28addb565a10d3d.jpg
a3a69e36bac64683	/home/aobled/Downloads/Aircraft_DATASET/detection/val/c130/a3a69e36bac64683.jpg	/home/aobled/Downloads/Aircraft_DATASET/tmp_multi/C130/a3a69e36bac64683.jpg
feee811151ce6e24	/home/aobled/Downloads/Aircraft_DATASET/detection/val/c130/feee811151ce6e24.jpg	/home/aobled/Downloads/Aircraft_DATASET/tmp_multi/C130/feee811151ce6e24.jpg
a664993b3f84e079	/home/aobled/Downloads/Aircraft_DATASET/detection/val/c130/a664993b3f84e079.jpg	/home/aobled/Downloads/Aircraft_DATASET/tmp_multi/C130/a664993b3f84e079.jpg
cdc98236ed8b324d	/home/aobled/Downloads/Aircraft_DATASET/detection/val/c130/cdc98236ed8b324d.jpg	/home/aobled/Downloads/Aircraft_DATASET/tmp_multi/C130/cdc98236ed8b324d.jpg
b2d8cc262bcb369c	/home/aobled/Downloads/Aircraft_DATASET/detection/val/c130/b2d8cc262bcb369c.jpg	/home/aobled/Downloads/Aircraft_DATASET/tmp_multi/C130/b2d8cc262bcb369c.jpg
b198e6662b999c66	/home/aobled/Downloads/Aircraft_DATASET/detection/val/c130/b198e6662b999c66.jpg	/home/aobled/Downloads/Aircraft_DATASET/tmp_multi/C130/b198e6662b999c66.jpg
b397cc20739f4c61	/home/aobled/Downloads/Aircraft_DATASET/detection/val/c130/b397cc20739f4c61.jpg	/home/aobled/Downloads/Aircraft_DATASET/tmp_multi/C130/b397cc20739f4c61.jpg
99c9a62719ccb61b	/home/aobled/Downloads/Aircraft_DATASET/detection/val/c130/99c9a62719ccb61b.jpg	/home/aobled/Downloads/Aircraft_DATASET/tmp_multi/C130/99c9a62719ccb61b.jpg
df5f9774050368b0	/home/aobled/Downloads/Aircraft_DATASET/detection/val/c130/df5f9774050368b0.jpg	/home/aobled/Downloads/Aircraft_DATASET/tmp_multi/C130/df5f9774050368b0.jpg
bab8c9c7273898d4	/home/aobled/Downloads/Aircraft_DATASET/detection/val/c130/bab8c9c7273898d4.jpg	/home/aobled/Downloads/Aircraft_DATASET/tmp_multi/C130/bab8c9c7273898d4.jpg
e6dd983227cd7812	/home/aobled/Downloads/Aircraft_DATASET/detection/val/c130/e6dd983227cd7812.jpg	/home/aobled/Downloads/Aircraft_DATASET/tmp_multi/C130/e6dd983227cd7812.jpg
92a3e6545393e87c	/home/aobled/Downloads/Aircraft_DATASET/detection/val/c130/92a3e6545393e87c.jpg	/home/aobled/Downloads/Aircraft_DATASET/tmp_multi/C130/92a3e6545393e87c.jpg
d084cbbce6394d72	/home/aobled/Downloads/Aircraft_DATASET/detection/val/c130/d084cbbce6394d72.jpg	/home/aobled/Downloads/Aircraft_DATASET/tmp_multi/C130/d084cbbce6394d72.jpg
a6f9d1223cfcc311	/home/aobled/Downloads/Aircraft_DATASET/detection/val/c130/a6f9d1223cfcc311.jpg	/home/aobled/Downloads/Aircraft_DATASET/tmp_multi/C130/a6f9d1223cfcc311.jpg
be9ec161749c8b23	/home/aobled/Downloads/Aircraft_DATASET/detection/val/c130/be9ec161749c8b23.jpg	/home/aobled/Downloads/Aircraft_DATASET/tmp_multi/C130/be9ec161749c8b23.jpg
e7c4ca333344ccba	/home/aobled/Downloads/Aircraft_DATASET/detection/val/c130/e7c4ca333344ccba.jpg	/home/aobled/Downloads/Aircraft_DATASET/tmp_multi/C130/e7c4ca333344ccba.jpg
87df7820269d6936	/home/aobled/Downloads/Aircraft_DATASET/detection/val/c130/87df7820269d6936.jpg	/home/aobled/Downloads/Aircraft_DATASET/tmp_multi/C130/87df7820269d6936.jpg
a4d924dbe6d10cd9	/home/aobled/Downloads/Aircraft_DATASET/detection/val/c130/a4d924dbe6d10cd9.jpg	/home/aobled/Downloads/Aircraft_DATASET/tmp_multi/C130/a4d924dbe6d10cd9.jpg
af9fc0602c9e9f21	/home/aobled/Downloads/Aircraft_DATASET/detection/val/c130/af9fc0602c9e9f21.jpg	/home/aobled/Downloads/Aircraft_DATASET/tmp_multi/C130/af9fc0602c9e9f21.jpg
99c8a63399c6363b	/home/aobled/Downloads/Aircraft_DATASET/detection/val/c130/99c8a63399c6363b.jpg	/home/aobled/Downloads/Aircraft_DATASET/tmp_multi/C130/99c8a63399c6363b.jpg
e88f973068ed32b2	/home/aobled/Downloads/Aircraft_DATASET/detection/val/c130/e88f973068ed32b2.jpg	/home/aobled/Downloads/Aircraft_DATASET/tmp_multi/C130/e88f973068ed32b2.jpg
86f8e982b861df38	/home/aobled/Downloads/Aircraft_DATASET/detection/val/c130/86f8e982b861df38.jpg	/home/aobled/Downloads/Aircraft_DATASET/tmp_multi/C130/86f8e982b861df38.jpg
ad89ce7233418d9d	/home/aobled/Downloads/Aircraft_DATASET/detection/val/c130/ad89ce7233418d9d.jpg	/home/aobled/Downloads/Aircraft_DATASET/tmp_multi/C130/ad89ce7233418d9d.jpg
97cacab4350bca74	/home/aobled/Downloads/Aircraft_DATASET/detection/val/c130/97cacab4350bca74.jpg	/home/aobled/Downloads/Aircraft_DATASET/tmp_multi/C130/97cacab4350bca74.jpg
d2c28d0462f6fe69	/home/aobled/Downloads/Aircraft_DATASET/detection/val/c130/d2c28d0462f6fe69.jpg	/home/aobled/Downloads/Aircraft_DATASET/tmp_multi/C130/d2c28d0462f6fe69.jpg
a4efcb90304d6e35	/home/aobled/Downloads/Aircraft_DATASET/detection/val/c130/a4efcb90304d6e35.jpg	/home/aobled/Downloads/Aircraft_DATASET/tmp_multi/C130/a4efcb90304d6e35.jpg
e9c9cc323249c9bd	/home/aobled/Downloads/Aircraft_DATASET/detection/val/c130/e9c9cc323249c9bd.jpg	/home/aobled/Downloads/Aircraft_DATASET/tmp_multi/C130/e9c9cc323249c9bd.jpg
d2dacca71178b92c	/home/aobled/Downloads/Aircraft_DATASET/detection/val/c130/d2dacca71178b92c.jpg	/home/aobled/Downloads/Aircraft_DATASET/tmp_multi/C130/d2dacca71178b92c.jpg
ae963726179226e9	/home/aobled/Downloads/Aircraft_DATASET/detection/val/c130/ae963726179226e9.jpg	/home/aobled/Downloads/Aircraft_DATASET/tmp_multi/C130/ae963726179226e9.jpg
c39df0ac130dd2ae	/home/aobled/Downloads/Aircraft_DATASET/detection/val/c130/c39df0ac130dd2ae.jpg	/home/aobled/Downloads/Aircraft_DATASET/tmp_multi/C130/c39df0ac130dd2ae.jpg
efcd803276cda930	/home/aobled/Downloads/Aircraft_DATASET/detection/val/c130/efcd803276cda930.jpg	/home/aobled/Downloads/Aircraft_DATASET/tmp_multi/C130/efcd803276cda930.jpg
fbc9903476c99934	/home/aobled/Downloads/Aircraft_DATASET/detection/val/c130/fbc9903476c99934.jpg	/home/aobled/Downloads/Aircraft_DATASET/tmp_multi/C130/fbc9903476c99934.jpg
b5b5caeb49843478	/home/aobled/Downloads/Aircraft_DATASET/detection/val/c130/b5b5caeb49843478.jpg	/home/aobled/Downloads/Aircraft_DATASET/tmp_multi/C130/b5b5caeb49843478.jpg
ebca903565ca5a35	/home/aobled/Downloads/Aircraft_DATASET/detection/val/c130/ebca903565ca5a35.jpg	/home/aobled/Downloads/Aircraft_DATASET/tmp_multi/C130/ebca903565ca5a35.jpg
beaec161269e9869	/home/aobled/Downloads/Aircraft_DATASET/detection/val/c130/beaec161269e9869.jpg	/home/aobled/Downloads/Aircraft_DATASET/tmp_multi/C130/beaec161269e9869.jpg
ed49c0b8e9c37634	/home/aobled/Downloads/Aircraft_DATASET/detection/val/c130/ed49c0b8e9c37634.jpg	/home/aobled/Downloads/Aircraft_DATASET/tmp_multi/C130/ed49c0b8e9c37634.jpg
a60a892b6fc3c98f	/home/aobled/Downloads/Aircraft_DATASET/detection/val/c130/a60a892b6fc3c98f.jpg	/home/aobled/Downloads/Aircraft_DATASET/tmp_multi/C130/a60a892b6fc3c98f.jpg
d1dfa6281e7bc0c4	/home/aobled/Downloads/Aircraft_DATASET/detection/val/f16/d1dfa6281e7bc0c4.jpg	/home/aobled/Downloads/Aircraft_DATASET/tmp_multi/F16/d1dfa6281e7bc0c4.jpg
f9d886067df98226	/home/aobled/Downloads/Aircraft_DATASET/detection/val/f16/f9d886067df98226.jpg	/home/aobled/Downloads/Aircraft_DATASET/tmp_multi/F16/f9d886067df98226.jpg
93e4c4b97e0687f0	/home/aobled/Downloads/Aircraft_DATASET/detection/val/f16/93e4c4b97e0687f0.jpg	/home/aobled/Downloads/Aircraft_DATASET/tmp_multi/F16/93e4c4b97e0687f0.jpg
d3cf9d202c0dc35e	/home/aobled/Downloads/Aircraft_DATASET/detection/val/f16/d3cf9d202c0dc35e.jpg	/home/aobled/Downloads/Aircraft_DATASET/tmp_multi/F16/d3cf9d202c0dc35e.jpg
e9919a6e2c9b4b34	/home/aobled/Downloads/Aircraft_DATASET/detection/val/f16/e9919a6e2c9b4b34.jpg	/home/aobled/Downloads/Aircraft_DATASET/tmp_multi/F16/e9919a6e2c9b4b34.jpg
edc9123e84344bbd	/home/aobled/Downloads/Aircraft_DATASET/detection/val/f16/edc9123e84344bbd.jpg	/home/aobled/Downloads/Aircraft_DATASET/tmp_multi/F16/edc9123e84344bbd.jpg
da9ac5250d997ac6	/home/aobled/Downloads/Aircraft_DATASET/detection/val/f16/da9ac5250d997ac6.jpg	/home/aobled/Downloads/Aircraft_DATASET/tmp_multi/F16/da9ac5250d997ac6.jpg
ed831ae6201dcee3	/home/aobled/Downloads/Aircraft_DATASET/detection/val/f16/ed831ae6201dcee3.jpg	/home/aobled/Downloads/Aircraft_DATASET/tmp_multi/F16/ed831ae6201dcee3.jpg
bd81927ebcd25921	/home/aobled/Downloads/Aircraft_DATASET/detection/val/f16/bd81927ebcd25921.jpg	/home/aobled/Downloads/Aircraft_DATASET/tmp_multi/F16/bd81927ebcd25921.jpg
a1cf4c20df7d24c6	/home/aobled/Downloads/Aircraft_DATASET/detection/val/f16/a1cf4c20df7d24c6.jpg	/home/aobled/Downloads/Aircraft_DATASET/tmp_multi/F16/a1cf4c20df7d24c6.jpg
c5c8fab316947474	/home/aobled/Downloads/Aircraft_DATASET/detection/val/f16/c5c8fab316947474.jpg	/home/aobled/Downloads/Aircraft_DATASET/tmp_multi/F16/c5c8fab316947474.jpg
852da7a69d85e48b	/home/aobled/Downloads/Aircraft_DATASET/detection/val/f16/852da7a69d85e48b.jpg	/home/aobled/Downloads/Aircraft_DATASET/tmp_multi/F16/852da7a69d85e48b.jpg
e66c9933668c99c6	/home/aobled/Downloads/Aircraft_DATASET/detection/val/f16/e66c9933668c99c6.jpg	/home/aobled/Downloads/Aircraft_DATASET/tmp_multi/F16/e66c9933668c99c6.jpg
d6dbd124465b3aa4	/home/aobled/Downloads/Aircraft_DATASET/detection/val/f16/d6dbd124465b3aa4.jpg	/home/aobled/Downloads/Aircraft_DATASET/tmp_multi/F16/d6dbd124465b3aa4.jpg
835897279899e3e3	/home/aobled/Downloads/Aircraft_DATASET/detection/val/f16/835897279899e3e3.jpg	/home/aobled/Downloads/Aircraft_DATASET/tmp_multi/F16/835897279899e3e3.jpg
a6e6e3590c8cd971	/home/aobled/Downloads/Aircraft_DATASET/detection/val/f16/a6e6e3590c8cd971.jpg	/home/aobled/Downloads/Aircraft_DATASET/tmp_multi/F16/a6e6e3590c8cd971.jpg
d05894b56bdbd825	/home/aobled/Downloads/Aircraft_DATASET/detection/val/f16/d05894b56bdbd825.jpg	/home/aobled/Downloads/Aircraft_DATASET/tmp_multi/F16/d05894b56bdbd825.jpg
d2cb8f1e30a477c1	/home/aobled/Downloads/Aircraft_DATASET/detection/val/f16/d2cb8f1e30a477c1.jpg	/home/aobled/Downloads/Aircraft_DATASET/tmp_multi/F16/d2cb8f1e30a477c1.jpg
9586cad06927738f	/home/aobled/Downloads/Aircraft_DATASET/detection/val/f16/9586cad06927738f.jpg	/home/aobled/Downloads/Aircraft_DATASET/tmp_multi/F16/9586cad06927738f.jpg
b74300a78dc537c7	/home/aobled/Downloads/Aircraft_DATASET/detection/val/f16/b74300a78dc537c7.jpg	/home/aobled/Downloads/Aircraft_DATASET/tmp_multi/F16/b74300a78dc537c7.jpg
c4ccb1334e4cf4b6	/home/aobled/Downloads/Aircraft_DATASET/detection/val/f16/c4ccb1334e4cf4b6.jpg	/home/aobled/Downloads/Aircraft_DATASET/tmp_multi/F16/c4ccb1334e4cf4b6.jpg
f0b0817972b3cd6c	/home/aobled/Downloads/Aircraft_DATASET/detection/val/f16/f0b0817972b3cd6c.jpg	/home/aobled/Downloads/Aircraft_DATASET/tmp_multi/F16/f0b0817972b3cd6c.jpg
8abab8d5c4c5e94a	/home/aobled/Downloads/Aircraft_DATASET/detection/val/f16/8abab8d5c4c5e94a.jpg	/home/aobled/Downloads/Aircraft_DATASET/tmp_multi/F16/8abab8d5c4c5e94a.jpg
919eca790186e3fc	/home/aobled/Downloads/Aircraft_DATASET/detection/val/f16/919eca790186e3fc.jpg	/home/aobled/Downloads/Aircraft_DATASET/tmp_multi/F16/919eca790186e3fc.jpg
a28098fc7f57e225	/home/aobled/Downloads/Aircraft_DATASET/detection/val/f16/a28098fc7f57e225.jpg	/home/aobled/Downloads/Aircraft_DATASET/tmp_multi/F16/a28098fc7f57e225.jpg
b0d9d5668fe07819	/home/aobled/Downloads/Aircraft_DATASET/detection/val/f16/b0d9d5668fe07819.jpg	/home/aobled/Downloads/Aircraft_DATASET/tmp_multi/F16/b0d9d5668fe07819.jpg
f3998c645a8f8770	/home/aobled/Downloads/Aircraft_DATASET/detection/val/f16/f3998c645a8f8770.jpg	/home/aobled/Downloads/Aircraft_DATASET/tmp_multi/F16/f3998c645a8f8770.jpg
8af5d5402aafd532	/home/aobled/Downloads/Aircraft_DATASET/detection/val/f16/8af5d5402aafd532.jpg	/home/aobled/Downloads/Aircraft_DATASET/tmp_multi/F16/8af5d5402aafd532.jpg
e2b3994874bc6b13	/home/aobled/Downloads/Aircraft_DATASET/detection/val/f16/e2b3994874bc6b13.jpg	/home/aobled/Downloads/Aircraft_DATASET/tmp_multi/F16/e2b3994874bc6b13.jpg
d1cba5a634047dd9	/home/aobled/Downloads/Aircraft_DATASET/detection/val/f16/d1cba5a634047dd9.jpg	/home/aobled/Downloads/Aircraft_DATASET/tmp_multi/F16/d1cba5a634047dd9.jpg
f0988f7720994f63	/home/aobled/Downloads/Aircraft_DATASET/detection/val/f16/f0988f7720994f63.jpg	/home/aobled/Downloads/Aircraft_DATASET/tmp_multi/F16/f0988f7720994f63.jpg
a727a7250ace4799	/home/aobled/Downloads/Aircraft_DATASET/detection/val/f16/a727a7250ace4799.jpg	/home/aobled/Downloads/Aircraft_DATASET/tmp_multi/F16/a727a7250ace4799.jpg
e0281f976569cb9a	/home/aobled/Downloads/Aircraft_DATASET/detection/val/f16/e0281f976569cb9a.jpg	/home/aobled/Downloads/Aircraft_DATASET/tmp_multi/F16/e0281f976569cb9a.jpg
af61988dc7fa7024	/home/aobled/Downloads/Aircraft_DATASET/detection/val/f16/af61988dc7fa7024.jpg	/home/aobled/Downloads/Aircraft_DATASET/tmp_multi/F16/af61988dc7fa7024.jpg
e4d5dbaa93172468	/home/aobled/Downloads/Aircraft_DATASET/detection/val/f16/e4d5dbaa93172468.jpg	/home/aobled/Downloads/Aircraft_DATASET/tmp_multi/F16/e4d5dbaa93172468.jpg
f2c98d6772d98524	/home/aobled/Downloads/Aircraft_DATASET/detection/val/f16/f2c98d6772d98524.jpg	/home/aobled/Downloads/Aircraft_DATASET/tmp_multi/F16/f2c98d6772d98524.jpg
d0ec8f3330cc8fb2	/home/aobled/Downloads/Aircraft_DATASET/detection/val/f16/d0ec8f3330cc8fb2.jpg	/home/aobled/Downloads/Aircraft_DATASET/tmp_multi/F16/d0ec8f3330cc8fb2.jpg
c395fda3d8103476	/home/aobled/Downloads/Aircraft_DATASET/detection/val/f16/c395fda3d8103476.jpg	/home/aobled/Downloads/Aircraft_DATASET/tmp_multi/F16/c395fda3d8103476.jpg
d4cdbb2303027cbd	/home/aobled/Downloads/Aircraft_DATASET/detection/val/f16/d4cdbb2303027cbd.jpg	/home/aobled/Downloads/Aircraft_DATASET/tmp_multi/F16/d4cdbb2303027cbd.jpg
c493ce6d326c99b2	/home/aobled/Downloads/Aircraft_DATASET/detection/val/f16/c493ce6d326c99b2.jpg	/home/aobled/Downloads/Aircraft_DATASET/tmp_multi/F16/c493ce6d326c99b2.jpg
8d8daede16e27484	/home/aobled/Downloads/Aircraft_DATASET/detection/val/f16/8d8daede16e27484.jpg	/home/aobled/Downloads/Aircraft_DATASET/tmp_multi/F16/8d8daede16e27484.jpg
96828b64fcf1711e	/home/aobled/Downloads/Aircraft_DATASET/detection/val/f16/96828b64fcf1711e.jpg	/home/aobled/Downloads/Aircraft_DATASET/tmp_multi/F16/96828b64fcf1711e.jpg
b6b3c3580c8cd979	/home/aobled/Downloads/Aircraft_DATASET/detection/val/f16/b6b3c3580c8cd979.jpg	/home/aobled/Downloads/Aircraft_DATASET/tmp_multi/F16/b6b3c3580c8cd979.jpg
f2e6853978c33634	/home/aobled/Downloads/Aircraft_DATASET/detection/val/f16/f2e6853978c33634.jpg	/home/aobled/Downloads/Aircraft_DATASET/tmp_multi/F16/f2e6853978c33634.jpg
918fe87c1583abcc	/home/aobled/Downloads/Aircraft_DATASET/detection/val/f16/918fe87c1583abcc.jpg	/home/aobled/Downloads/Aircraft_DATASET/tmp_multi/F16/918fe87c1583abcc.jpg
9583c2fc7e532139	/home/aobled/Downloads/Aircraft_DATASET/detection/val/f16/9583c2fc7e532139.jpg	/home/aobled/Downloads/Aircraft_DATASET/tmp_multi/F16/9583c2fc7e532139.jpg
b3ccb699334c7291	/home/aobled/Downloads/Aircraft_DATASET/detection/val/f16/b3ccb699334c7291.jpg	/home/aobled/Downloads/Aircraft_DATASET/tmp_multi/F16/b3ccb699334c7291.jpg
a523e2b095d5e267	/home/aobled/Downloads/Aircraft_DATASET/detection/val/f16/a523e2b095d5e267.jpg	/home/aobled/Downloads/Aircraft_DATASET/tmp_multi/F16/a523e2b095d5e267.jpg
c6da89e5761aace0	/home/aobled/Downloads/Aircraft_DATASET/detection/val/f16/c6da89e5761aace0.jpg	/home/aobled/Downloads/Aircraft_DATASET/tmp_multi/F16/c6da89e5761aace0.jpg
e60c997366cc9933	/home/aobled/Downloads/Aircraft_DATASET/detection/val/f16/e60c997366cc9933.jpg	/home/aobled/Downloads/Aircraft_DATASET/tmp_multi/F16/e60c997366cc9933.jpg
b0cfafe3c03c0f48	/home/aobled/Downloads/Aircraft_DATASET/detection/val/f16/b0cfafe3c03c0f48.jpg	/home/aobled/Downloads/Aircraft_DATASET/tmp_multi/F16/b0cfafe3c03c0f48.jpg
e1848e7b93a4631f	/home/aobled/Downloads/Aircraft_DATASET/detection/val/f16/e1848e7b93a4631f.jpg	/home/aobled/Downloads/Aircraft_DATASET/tmp_multi/F16/e1848e7b93a4631f.jpg
8688dd4767bb18c6	/home/aobled/Downloads/Aircraft_DATASET/detection/val/f16/8688dd4767bb18c6.jpg	/home/aobled/Downloads/Aircraft_DATASET/tmp_multi/F16/8688dd4767bb18c6.jpg
b4d9ca472598d8e5	/home/aobled/Downloads/Aircraft_DATASET/detection/val/f16/b4d9ca472598d8e5.jpg	/home/aobled/Downloads/Aircraft_DATASET/tmp_multi/F16/b4d9ca472598d8e5.jpg
e9b39a2621999e66	/home/aobled/Downloads/Aircraft_DATASET/detection/val/f16/e9b39a2621999e66.jpg	/home/aobled/Downloads/Aircraft_DATASET/tmp_multi/F16/e9b39a2621999e66.jpg
d6fe99a085897934	/home/aobled/Downloads/Aircraft_DATASET/detection/val/f16/d6fe99a085897934.jpg	/home/aobled/Downloads/Aircraft_DATASET/tmp_multi/F16/d6fe99a085897934.jpg
a5e1d88e2775598a	/home/aobled/Downloads/Aircraft_DATASET/detection/val/f16/a5e1d88e2775598a.jpg	/home/aobled/Downloads/Aircraft_DATASET/tmp_multi/F16/a5e1d88e2775598a.jpg
d24ecc302fec315e	/home/aobled/Downloads/Aircraft_DATASET/detection/val/f16/d24ecc302fec315e.jpg	/home/aobled/Downloads/Aircraft_DATASET/tmp_multi/F16/d24ecc302fec315e.jpg
f189ce7681ee7281	/home/aobled/Downloads/Aircraft_DATASET/detection/val/f16/f189ce7681ee7281.jpg	/home/aobled/Downloads/Aircraft_DATASET/tmp_multi/F16/f189ce7681ee7281.jpg
c0699fbe0241bd3e	/home/aobled/Downloads/Aircraft_DATASET/detection/val/f16/c0699fbe0241bd3e.jpg	/home/aobled/Downloads/Aircraft_DATASET/tmp_multi/F16/c0699fbe0241bd3e.jpg
96baf99946463938	/home/aobled/Downloads/Aircraft_DATASET/detection/val/f16/96baf99946463938.jpg	/home/aobled/Downloads/Aircraft_DATASET/tmp_multi/F16/96baf99946463938.jpg
c64381d79783e393	/home/aobled/Downloads/Aircraft_DATASET/detection/val/f16/c64381d79783e393.jpg	/home/aobled/Downloads/Aircraft_DATASET/tmp_multi/F16/c64381d79783e393.jpg
bf8fc0303ecc9439	/home/aobled/Downloads/Aircraft_DATASET/detection/val/f16/bf8fc0303ecc9439.jpg	/home/aobled/Downloads/Aircraft_DATASET/tmp_multi/F16/bf8fc0303ecc9439.jpg
d6d0ade43f092b62	/home/aobled/Downloads/Aircraft_DATASET/detection/val/f16/d6d0ade43f092b62.jpg	/home/aobled/Downloads/Aircraft_DATASET/tmp_multi/F16/d6d0ade43f092b62.jpg
e3cdffb098243449	/home/aobled/Downloads/Aircraft_DATASET/detection/val/f16/e3cdffb098243449.jpg	/home/aobled/Downloads/Aircraft_DATASET/tmp_multi/F16/e3cdffb098243449.jpg
ed99e2e45863071d	/home/aobled/Downloads/Aircraft_DATASET/detection/val/f16/ed99e2e45863071d.jpg	/home/aobled/Downloads/Aircraft_DATASET/tmp_multi/F16/ed99e2e45863071d.jpg
a3cbfcb48745701a	/home/aobled/Downloads/Aircraft_DATASET/detection/val/f16/a3cbfcb48745701a.jpg	/home/aobled/Downloads/Aircraft_DATASET/tmp_multi/F16/a3cbfcb48745701a.jpg
95119ada9297973c	/home/aobled/Downloads/Aircraft_DATASET/detection/val/f16/95119ada9297973c.jpg	/home/aobled/Downloads/Aircraft_DATASET/tmp_multi/F16/95119ada9297973c.jpg
d4d6d12897a56cc9	/home/aobled/Downloads/Aircraft_DATASET/detection/val/f16/d4d6d12897a56cc9.jpg	/home/aobled/Downloads/Aircraft_DATASET/tmp_multi/F16/d4d6d12897a56cc9.jpg
febf85c0c170664a	/home/aobled/Downloads/Aircraft_DATASET/detection/val/f16/febf85c0c170664a.jpg	/home/aobled/Downloads/Aircraft_DATASET/tmp_multi/F16/febf85c0c170664a.jpg
9acacb35148ceb65	/home/aobled/Downloads/Aircraft_DATASET/detection/val/f16/9acacb35148ceb65.jpg	/home/aobled/Downloads/Aircraft_DATASET/tmp_multi/F16/9acacb35148ceb65.jpg
c8f6a20d3e714f98	/home/aobled/Downloads/Aircraft_DATASET/detection/val/f16/c8f6a20d3e714f98.jpg	/home/aobled/Downloads/Aircraft_DATASET/tmp_multi/F16/c8f6a20d3e714f98.jpg
e89c876322b89ccf	/home/aobled/Downloads/Aircraft_DATASET/detection/val/f16/e89c876322b89ccf.jpg	/home/aobled/Downloads/Aircraft_DATASET/tmp_multi/F16/e89c876322b89ccf.jpg
a700e8ebcacaba39	/home/aobled/Downloads/Aircraft_DATASET/detection/val/f16/a700e8ebcacaba39.jpg	/home/aobled/Downloads/Aircraft_DATASET/tmp_multi/F16/a700e8ebcacaba39.jpg
c6c4e5a58ac8e1bb	/home/aobled/Downloads/Aircraft_DATASET/detection/val/f16/c6c4e5a58ac8e1bb.jpg	/home/aobled/Downloads/Aircraft_DATASET/tmp_multi/F16/c6c4e5a58ac8e1bb.jpg
b3f984a4cf5e4c22	/home/aobled/Downloads/Aircraft_DATASET/detection/val/f16/b3f984a4cf5e4c22.jpg	/home/aobled/Downloads/Aircraft_DATASET/tmp_multi/F16/b3f984a4cf5e4c22.jpg
91cdbcbac7612459	/home/aobled/Downloads/Aircraft_DATASET/detection/val/f16/91cdbcbac7612459.jpg	/home/aobled/Downloads/Aircraft_DATASET/tmp_multi/F16/91cdbcbac7612459.jpg
b4c5833b59be904b	/home/aobled/Downloads/Aircraft_DATASET/detection/val/f16/b4c5833b59be904b.jpg	/home/aobled/Downloads/Aircraft_DATASET/tmp_multi/F16/b4c5833b59be904b.jpg
8189fef64c7c2709	/home/aobled/Downloads/Aircraft_DATASET/detection/val/f16/8189fef64c7c2709.jpg	/home/aobled/Downloads/Aircraft_DATASET/tmp_multi/F16/8189fef64c7c2709.jpg
b68ecd713086a73c	/home/aobled/Downloads/Aircraft_DATASET/detection/val/f16/b68ecd713086a73c.jpg	/home/aobled/Downloads/Aircraft_DATASET/tmp_multi/F16/b68ecd713086a73c.jpg
d9c7a6b0f0dcc168	/home/aobled/Downloads/Aircraft_DATASET/detection/val/f16/d9c7a6b0f0dcc168.jpg	/home/aobled/Downloads/Aircraft_DATASET/tmp_multi/F16/d9c7a6b0f0dcc168.jpg
a28ece2a828fafaa	/home/aobled/Downloads/Aircraft_DATASET/detection/val/f16/a28ece2a828fafaa.jpg	/home/aobled/Downloads/Aircraft_DATASET/tmp_multi/F16/a28ece2a828fafaa.jpg
bc9c472383e3589e	/home/aobled/Downloads/Aircraft_DATASET/detection/val/f16/bc9c472383e3589e.jpg	/home/aobled/Downloads/Aircraft_DATASET/tmp_multi/F16/bc9c472383e3589e.jpg
8b15f66a849c3c75	/home/aobled/Downloads/Aircraft_DATASET/detection/val/f16/8b15f66a849c3c75.jpg	/home/aobled/Downloads/Aircraft_DATASET/tmp_multi/F16/8b15f66a849c3c75.jpg
e1f09f48606db71a	/home/aobled/Downloads/Aircraft_DATASET/detection/val/f16/e1f09f48606db71a.jpg	/home/aobled/Downloads/Aircraft_DATASET/tmp_multi/F16/e1f09f48606db71a.jpg
b1ce39710fce312a	/home/aobled/Downloads/Aircraft_DATASET/detection/val/f16/b1ce39710fce312a.jpg	/home/aobled/Downloads/Aircraft_DATASET/tmp_multi/F16/b1ce39710fce312a.jpg
cc59a32489fc66a7	/home/aobled/Downloads/Aircraft_DATASET/detection/val/f16/cc59a32489fc66a7.jpg	/home/aobled/Downloads/Aircraft_DATASET/tmp_multi/F16/cc59a32489fc66a7.jpg
c49ff1f00e2f6158	/home/aobled/Downloads/Aircraft_DATASET/detection/val/f16/c49ff1f00e2f6158.jpg	/home/aobled/Downloads/Aircraft_DATASET/tmp_multi/F16/c49ff1f00e2f6158.jpg
d3dbaea0c0367c49	/home/aobled/Downloads/Aircraft_DATASET/detection/val/f16/d3dbaea0c0367c49.jpg	/home/aobled/Downloads/Aircraft_DATASET/tmp_multi/F16/d3dbaea0c0367c49.jpg
c6c0cca9b1b3939e	/home/aobled/Downloads/Aircraft_DATASET/detection/val/f16/c6c0cca9b1b3939e.jpg	/home/aobled/Downloads/Aircraft_DATASET/tmp_multi/F16/c6c0cca9b1b3939e.jpg
eec9b1364dc8aa91	/home/aobled/Downloads/Aircraft_DATASET/detection/val/f16/eec9b1364dc8aa91.jpg	/home/aobled/Downloads/Aircraft_DATASET/tmp_multi/F16/eec9b1364dc8aa91.jpg
a5d2f629c09f72a4	/home/aobled/Downloads/Aircraft_DATASET/detection/val/f16/a5d2f629c09f72a4.jpg	/home/aobled/Downloads/Aircraft_DATASET/tmp_multi/F16/a5d2f629c09f72a4.jpg
9cdd836a91916cce	/home/aobled/Downloads/Aircraft_DATASET/detection/val/f16/9cdd836a91916cce.jpg	/home/aobled/Downloads/Aircraft_DATASET/tmp_multi/F16/9cdd836a91916cce.jpg
d0d0b4e58d2f6ab2	/home/aobled/Downloads/Aircraft_DATASET/detection/val/f16/d0d0b4e58d2f6ab2.jpg	/home/aobled/Downloads/Aircraft_DATASET/tmp_multi/F16/d0d0b4e58d2f6ab2.jpg
92f30e4eb35c831d	/home/aobled/Downloads/Aircraft_DATASET/detection/val/f16/92f30e4eb35c831d.jpg	/home/aobled/Downloads/Aircraft_DATASET/tmp_multi/F16/92f30e4eb35c831d.jpg
e456df7b98046e88	/home/aobled/Downloads/Aircraft_DATASET/detection/val/f16/e456df7b98046e88.jpg	/home/aobled/Downloads/Aircraft_DATASET/tmp_multi/F16/e456df7b98046e88.jpg
e8e2933e68c38fa8	/home/aobled/Downloads/Aircraft_DATASET/detection/val/f16/e8e2933e68c38fa8.jpg	/home/aobled/Downloads/Aircraft_DATASET/tmp_multi/F16/e8e2933e68c38fa8.jpg
b3384837a696d768	/home/aobled/Downloads/Aircraft_DATASET/detection/val/f16/b3384837a696d768.jpg	/home/aobled/Downloads/Aircraft_DATASET/tmp_multi/F16/b3384837a696d768.jpg
919cac62ee6a54d6	/home/aobled/Downloads/Aircraft_DATASET/detection/val/f16/919cac62ee6a54d6.jpg	/home/aobled/Downloads/Aircraft_DATASET/tmp_multi/F16/919cac62ee6a54d6.jpg
dde6b01873b3442d	/home/aobled/Downloads/Aircraft_DATASET/detection/val/f16/dde6b01873b3442d.jpg	/home/aobled/Downloads/Aircraft_DATASET/tmp_multi/F16/dde6b01873b3442d.jpg
e9919a6e3c936634	/home/aobled/Downloads/Aircraft_DATASET/detection/val/f16/e9919a6e3c936634.jpg	/home/aobled/Downloads/Aircraft_DATASET/tmp_multi/F16/e9919a6e3c936634.jpg
cee2b199c7341cc3	/home/aobled/Downloads/Aircraft_DATASET/detection/val/f16/cee2b199c7341cc3.jpg	/home/aobled/Downloads/Aircraft_DATASET/tmp_multi/F16/cee2b199c7341cc3.jpg
8581fa7d7e0da318	/home/aobled/Downloads/Aircraft_DATASET/detection/val/f16/8581fa7d7e0da318.jpg	/home/aobled/Downloads/Aircraft_DATASET/tmp_multi/F16/8581fa7d7e0da318.jpg
91caaf7910c2adbc	/home/aobled/Downloads/Aircraft_DATASET/detection/val/f16/91caaf7910c2adbc.jpg	/home/aobled/Downloads/Aircraft_DATASET/tmp_multi/F16/91caaf7910c2adbc.jpg
80c7f77e0881376e	/home/aobled/Downloads/Aircraft_DATASET/detection/val/f16/80c7f77e0881376e.jpg	/home/aobled/Downloads/Aircraft_DATASET/tmp_multi/F16/80c7f77e0881376e.jpg
b1c28f3b7040a7af	/home/aobled/Downloads/Aircraft_DATASET/detection/val/f16/b1c28f3b7040a7af.jpg	/home/aobled/Downloads/Aircraft_DATASET/tmp_multi/F16/b1c28f3b7040a7af.jpg
c7eda8b202187677	/home/aobled/Downloads/Aircraft_DATASET/detection/val/f16/c7eda8b202187677.jpg	/home/aobled/Downloads/Aircraft_DATASET/tmp_multi/F16/c7eda8b202187677.jpg
a5c8da322780e5fd	/home/aobled/Downloads/Aircraft_DATASET/detection/val/f16/a5c8da322780e5fd.jpg	/home/aobled/Downloads/Aircraft_DATASET/tmp_multi/F16/a5c8da322780e5fd.jpg
968ea4becfc096c1	/home/aobled/Downloads/Aircraft_DATASET/detection/val/f16/968ea4becfc096c1.jpg	/home/aobled/Downloads/Aircraft_DATASET/tmp_multi/F16/968ea4becfc096c1.jpg
eb91936e2c93c32c	/home/aobled/Downloads/Aircraft_DATASET/detection/val/f16/eb91936e2c93c32c.jpg	/home/aobled/Downloads/Aircraft_DATASET/tmp_multi/F16/eb91936e2c93c32c.jpg
c2caeedecac2e038	/home/aobled/Downloads/Aircraft_DATASET/detection/val/f16/c2caeedecac2e038.jpg	/home/aobled/Downloads/Aircraft_DATASET/tmp_multi/F16/c2caeedecac2e038.jpg
b08fcf3036cc9933	/home/aobled/Downloads/Aircraft_DATASET/detection/val/f16/b08fcf3036cc9933.jpg	/home/aobled/Downloads/Aircraft_DATASET/tmp_multi/F16/b08fcf3036cc9933.jpg
a4bc9ae265d9c664	/home/aobled/Downloads/Aircraft_DATASET/detection/val/f16/a4bc9ae265d9c664.jpg	/home/aobled/Downloads/Aircraft_DATASET/tmp_multi/F16/a4bc9ae265d9c664.jpg
dada952d29dad244	/home/aobled/Downloads/Aircraft_DATASET/detection/val/f16/dada952d29dad244.jpg	/home/aobled/Downloads/Aircraft_DATASET/tmp_multi/F16/dada952d29dad244.jpg
ea8ba697310b19ad	/home/aobled/Downloads/Aircraft_DATASET/detection/val/f16/ea8ba697310b19ad.jpg	/home/aobled/Downloads/Aircraft_DATASET/tmp_multi/F16/ea8ba697310b19ad.jpg
d616d4e6d199e688	/home/aobled/Downloads/Aircraft_DATASET/detection/val/f16/d616d4e6d199e688.jpg	/home/aobled/Downloads/Aircraft_DATASET/tmp_multi/F16/d616d4e6d199e688.jpg
aa9d15e22d5bc265	/home/aobled/Downloads/Aircraft_DATASET/detection/val/f16/aa9d15e22d5bc265.jpg	/home/aobled/Downloads/Aircraft_DATASET/tmp_multi/F16/aa9d15e22d5bc265.jpg
ac98d3652f9be064	/home/aobled/Downloads/Aircraft_DATASET/detection/val/f16/ac98d3652f9be064.jpg	/home/aobled/Downloads/Aircraft_DATASET/tmp_multi/F16/ac98d3652f9be064.jpg
a51d996ac2d23637	/home/aobled/Downloads/Aircraft_DATASET/detection/val/f16/a51d996ac2d23637.jpg	/home/aobled/Downloads/Aircraft_DATASET/tmp_multi/F16/a51d996ac2d23637.jpg
e99c9e6770988c36	/home/aobled/Downloads/Aircraft_DATASET/detection/val/f16/e99c9e6770988c36.jpg	/home/aobled/Downloads/Aircraft_DATASET/tmp_multi/F16/e99c9e6770988c36.jpg
e1fc9a4665b99846	/home/aobled/Downloads/Aircraft_DATASET/detection/val/f16/e1fc9a4665b99846.jpg	/home/aobled/Downloads/Aircraft_DATASET/tmp_multi/F16/e1fc9a4665b99846.jpg
9594f8f48dcb251c	/home/aobled/Downloads/Aircraft_DATASET/detection/val/f16/9594f8f48dcb251c.jpg	/home/aobled/Downloads/Aircraft_DATASET/tmp_multi/F16/9594f8f48dcb251c.jpg
c1c0bebd134b68b6	/home/aobled/Downloads/Aircraft_DATASET/detection/val/f16/c1c0bebd134b68b6.jpg	/home/aobled/Downloads/Aircraft_DATASET/tmp_multi/F16/c1c0bebd134b68b6.jpg
d0dfa42750d896a7	/home/aobled/Downloads/Aircraft_DATASET/detection/val/f16/d0dfa42750d896a7.jpg	/home/aobled/Downloads/Aircraft_DATASET/tmp_multi/F16/d0dfa42750d896a7.jpg
daca963435a9adc1	/home/aobled/Downloads/Aircraft_DATASET/detection/val/f16/daca963435a9adc1.jpg	/home/aobled/Downloads/Aircraft_DATASET/tmp_multi/F16/daca963435a9adc1.jpg
a58cfa7ac3732984	/home/aobled/Downloads/Aircraft_DATASET/detection/val/f16/a58cfa7ac3732984.jpg	/home/aobled/Downloads/Aircraft_DATASET/tmp_multi/F16/a58cfa7ac3732984.jpg
f248e706d8734fc8	/home/aobled/Downloads/Aircraft_DATASET/detection/val/f16/f248e706d8734fc8.jpg	/home/aobled/Downloads/Aircraft_DATASET/tmp_multi/F16/f248e706d8734fc8.jpg
a514b4adc9b23d9a	/home/aobled/Downloads/Aircraft_DATASET/detection/val/f16/a514b4adc9b23d9a.jpg	/home/aobled/Downloads/Aircraft_DATASET/tmp_multi/F16/a514b4adc9b23d9a.jpg
b9ec8617e3a1b845	/home/aobled/Downloads/Aircraft_DATASET/detection/val/f16/b9ec8617e3a1b845.jpg	/home/aobled/Downloads/Aircraft_DATASET/tmp_multi/F16/b9ec8617e3a1b845.jpg
b89cc56303d33d9c	/home/aobled/Downloads/Aircraft_DATASET/detection/val/f16/b89cc56303d33d9c.jpg	/home/aobled/Downloads/Aircraft_DATASET/tmp_multi/F16/b89cc56303d33d9c.jpg
e89f0372698cc673	/home/aobled/Downloads/Aircraft_DATASET/detection/val/f16/e89f0372698cc673.jpg	/home/aobled/Downloads/Aircraft_DATASET/tmp_multi/F16/e89f0372698cc673.jpg
a295d26dbf1a25a4	/home/aobled/Downloads/Aircraft_DATASET/detection/val/f16/a295d26dbf1a25a4.jpg	/home/aobled/Downloads/Aircraft_DATASET/tmp_multi/F16/a295d26dbf1a25a4.jpg
c1c3c1c59d3d3378	/home/aobled/Downloads/Aircraft_DATASET/detection/val/f16/c1c3c1c59d3d3378.jpg	/home/aobled/Downloads/Aircraft_DATASET/tmp_multi/F16/c1c3c1c59d3d3378.jpg
e0b69f30e09e5be0	/home/aobled/Downloads/Aircraft_DATASET/detection/val/f16/e0b69f30e09e5be0.jpg	/home/aobled/Downloads/Aircraft_DATASET/tmp_multi/F16/e0b69f30e09e5be0.jpg
e29895657a9ac665	/home/aobled/Downloads/Aircraft_DATASET/detection/val/f16/e29895657a9ac665.jpg	/home/aobled/Downloads/Aircraft_DATASET/tmp_multi/F16/e29895657a9ac665.jpg
b8bcc70f41b9d416	/home/aobled/Downloads/Aircraft_DATASET/detection/val/f16/b8bcc70f41b9d416.jpg	/home/aobled/Downloads/Aircraft_DATASET/tmp_multi/F16/b8bcc70f41b9d416.jpg
8525accadada52e5	/home/aobled/Downloads/Aircraft_DATASET/detection/val/f16/8525accadada52e5.jpg	/home/aobled/Downloads/Aircraft_DATASET/tmp_multi/F16/8525accadada52e5.jpg
b5cac435eb85306b	/home/aobled/Downloads/Aircraft_DATASET/detection/val/f16/b5cac435eb85306b.jpg	/home/aobled/Downloads/Aircraft_DATASET/tmp_multi/F16/b5cac435eb85306b.jpg
8c92f3ad34526b2d	/home/aobled/Downloads/Aircraft_DATASET/detection/val/f16/8c92f3ad34526b2d.jpg	/home/aobled/Downloads/Aircraft_DATASET/tmp_multi/F16/8c92f3ad34526b2d.jpg
a5cdc71a94cb9265	/home/aobled/Downloads/Aircraft_DATASET/detection/val/f16/a5cdc71a94cb9265.jpg	/home/aobled/Downloads/Aircraft_DATASET/tmp_multi/F16/a5cdc71a94cb9265.jpg
b04acd35de82396d	/home/aobled/Downloads/Aircraft_DATASET/detection/val/f16/b04acd35de82396d.jpg	/home/aobled/Downloads/Aircraft_DATASET/tmp_multi/F16/b04acd35de82396d.jpg
9ebdade3d08062e2	/home/aobled/Downloads/Aircraft_DATASET/detection/val/f16/9ebdade3d08062e2.jpg	/home/aobled/Downloads/Aircraft_DATASET/tmp_multi/F16/9ebdade3d08062e2.jpg
a509fa7695c46333	/home/aobled/Downloads/Aircraft_DATASET/detection/val/f16/a509fa7695c46333.jpg	/home/aobled/Downloads/Aircraft_DATASET/tmp_multi/F16/a509fa7695c46333.jpg
dceac3035cdce321	/home/aobled/Downloads/Aircraft_DATASET/detection/val/f16/dceac3035cdce321.jpg	/home/aobled/Downloads/Aircraft_DATASET/tmp_multi/F16/dceac3035cdce321.jpg
9293eded65423233	/home/aobled/Downloads/Aircraft_DATASET/detection/val/f16/9293eded65423233.jpg	/home/aobled/Downloads/Aircraft_DATASET/tmp_multi/F16/9293eded65423233.jpg
d1c7ae30105f6dc5	/home/aobled/Downloads/Aircraft_DATASET/detection/val/f16/d1c7ae30105f6dc5.jpg	/home/aobled/Downloads/Aircraft_DATASET/tmp_multi/F16/d1c7ae30105f6dc5.jpg
bc2d0746f9b91a52	/home/aobled/Downloads/Aircraft_DATASET/detection/val/f16/bc2d0746f9b91a52.jpg	/home/aobled/Downloads/Aircraft_DATASET/tmp_multi/F16/bc2d0746f9b91a52.jpg
e39c0563bc1de334	/home/aobled/Downloads/Aircraft_DATASET/detection/val/f16/e39c0563bc1de334.jpg	/home/aobled/Downloads/Aircraft_DATASET/tmp_multi/F16/e39c0563bc1de334.jpg
e38d9a66a5998666	/home/aobled/Downloads/Aircraft_DATASET/detection/val/f16/e38d9a66a5998666.jpg	/home/aobled/Downloads/Aircraft_DATASET/tmp_multi/F16/e38d9a66a5998666.jpg
e6e786a49cd6e228	/home/aobled/Downloads/Aircraft_DATASET/detection/val/f16/e6e786a49cd6e228.jpg	/home/aobled/Downloads/Aircraft_DATASET/tmp_multi/F16/e6e786a49cd6e228.jpg
cce6f71992a66988	/home/aobled/Downloads/Aircraft_DATASET/detection/val/f16/cce6f71992a66988.jpg	/home/aobled/Downloads/Aircraft_DATASET/tmp_multi/F16/cce6f71992a66988.jpg
d8c38fb82c477338	/home/aobled/Downloads/Aircraft_DATASET/detection/val/f16/d8c38fb82c477338.jpg	/home/aobled/Downloads/Aircraft_DATASET/tmp_multi/F16/d8c38fb82c477338.jpg
f0cccf32304d8fb2	/home/aobled/Downloads/Aircraft_DATASET/detection/val/f16/f0cccf32304d8fb2.jpg	/home/aobled/Downloads/Aircraft_DATASET/tmp_multi/F16/f0cccf32304d8fb2.jpg
c79d98522d47f988	/home/aobled/Downloads/Aircraft_DATASET/detection/val/f16/c79d98522d47f988.jpg	/home/aobled/Downloads/Aircraft_DATASET/tmp_multi/F16/c79d98522d47f988.jpg
a3081877dfdc8729	/home/aobled/Downloads/Aircraft_DATASET/detection/val/f16/a3081877dfdc8729.jpg	/home/aobled/Downloads/Aircraft_DATASET/tmp_multi/F16/a3081877dfdc8729.jpg
c274941bdac27d17	/home/aobled/Downloads/Aircraft_DATASET/detection/val/f16/c274941bdac27d17.jpg	/home/aobled/Downloads/Aircraft_DATASET/tmp_multi/F16/c274941bdac27d17.jpg
a7cddd7240aca654	/home/aobled/Downloads/Aircraft_DATASET/detection/val/f16/a7cddd7240aca654.jpg	/home/aobled/Downloads/Aircraft_DATASET/tmp_multi/F16/a7cddd7240aca654.jpg
91ce8e7910c2afbc	/home/aobled/Downloads/Aircraft_DATASET/detection/val/f16/91ce8e7910c2afbc.jpg	/home/aobled/Downloads/Aircraft_DATASET/tmp_multi/F16/91ce8e7910c2afbc.jpg
d0d2bfad009a1773	/home/aobled/Downloads/Aircraft_DATASET/detection/val/f16/d0d2bfad009a1773.jpg	/home/aobled/Downloads/Aircraft_DATASET/tmp_multi/F16/d0d2bfad009a1773.jpg
e1c9de36089ce729	/home/aobled/Downloads/Aircraft_DATASET/detection/val/f16/e1c9de36089ce729.jpg	/home/aobled/Downloads/Aircraft_DATASET/tmp_multi/F16/e1c9de36089ce729.jpg
cccb16640d9b66e6	/home/aobled/Downloads/Aircraft_DATASET/detection/val/f16/cccb16640d9b66e6.jpg	/home/aobled/Downloads/Aircraft_DATASET/tmp_multi/F16/cccb16640d9b66e6.jpg
e998d666e9984647	/home/aobled/Downloads/Aircraft_DATASET/detection/val/f16/e998d666e9984647.jpg	/home/aobled/Downloads/Aircraft_DATASET/tmp_multi/F16/e998d666e9984647.jpg
e3c0dcbf836030de	/home/aobled/Downloads/Aircraft_DATASET/detection/val/f16/e3c0dcbf836030de.jpg	/home/aobled/Downloads/Aircraft_DATASET/tmp_multi/F16/e3c0dcbf836030de.jpg
c6c0f973c50eb0b9	/home/aobled/Downloads/Aircraft_DATASET/detection/val/f16/c6c0f973c50eb0b9.jpg	/home/aobled/Downloads/Aircraft_DATASET/tmp_multi/F16/c6c0f973c50eb0b9.jpg
ab80f67719a322dc	/home/aobled/Downloads/Aircraft_DATASET/detection/val/f16/ab80f67719a322dc.jpg	/home/aobled/Downloads/Aircraft_DATASET/tmp_multi/F16/ab80f67719a322dc.jpg
a4e6c3791c8cd359	/home/aobled/Downloads/Aircraft_DATASET/detection/val/f16/a4e6c3791c8cd359.jpg	/home/aobled/Downloads/Aircraft_DATASET/tmp_multi/F16/a4e6c3791c8cd359.jpg
df8ff1f4d0542320	/home/aobled/Downloads/Aircraft_DATASET/detection/val/f16/df8ff1f4d0542320.jpg	/home/aobled/Downloads/Aircraft_DATASET/tmp_multi/F16/df8ff1f4d0542320.jpg
9f87c070180fafb9	/home/aobled/Downloads/Aircraft_DATASET/detection/val/f16/9f87c070180fafb9.jpg	/home/aobled/Downloads/Aircraft_DATASET/tmp_multi/F16/9f87c070180fafb9.jpg
d497aa78d0f70ca4	/home/aobled/Downloads/Aircraft_DATASET/detection/val/f16/d497aa78d0f70ca4.jpg	/home/aobled/Downloads/Aircraft_DATASET/tmp_multi/F16/d497aa78d0f70ca4.jpg
971fd2c08c8dcb63	/home/aobled/Downloads/Aircraft_DATASET/detection/val/f16/971fd2c08c8dcb63.jpg	/home/aobled/Downloads/Aircraft_DATASET/tmp_multi/F16/971fd2c08c8dcb63.jpg
81c9dc1e23e1d8de	/home/aobled/Downloads/Aircraft_DATASET/detection/val/f16/81c9dc1e23e1d8de.jpg	/home/aobled/Downloads/Aircraft_DATASET/tmp_multi/F16/81c9dc1e23e1d8de.jpg
ebced421205ccd6b	/home/aobled/Downloads/Aircraft_DATASET/detection/val/f16/ebced421205ccd6b.jpg	/home/aobled/Downloads/Aircraft_DATASET/tmp_multi/F16/ebced421205ccd6b.jpg
bc9ac3650b91e07e	/home/aobled/Downloads/Aircraft_DATASET/detection/val/f16/bc9ac3650b91e07e.jpg	/home/aobled/Downloads/Aircraft_DATASET/tmp_multi/F16/bc9ac3650b91e07e.jpg
cdcdf4b20632b25c	/home/aobled/Downloads/Aircraft_DATASET/detection/val/f16/cdcdf4b20632b25c.jpg	/home/aobled/Downloads/Aircraft_DATASET/tmp_multi/F16/cdcdf4b20632b25c.jpg
8fd470439e1e67c1	/home/aobled/Downloads/Aircraft_DATASET/detection/val/f16/8fd470439e1e67c1.jpg	/home/aobled/Downloads/Aircraft_DATASET/tmp_multi/F16/8fd470439e1e67c1.jpg
d018bfe7c198b634	/home/aobled/Downloads/Aircraft_DATASET/detection/val/f16/d018bfe7c198b634.jpg	/home/aobled/Downloads/Aircraft_DATASET/tmp_multi/F16/d018bfe7c198b634.jpg
dacbe9dad204e431	/home/aobled/Downloads/Aircraft_DATASET/detection/val/f16/dacbe9dad204e431.jpg	/home/aobled/Downloads/Aircraft_DATASET/tmp_multi/F16/dacbe9dad204e431.jpg
e044afbc9c9e2ec1	/home/aobled/Downloads/Aircraft_DATASET/detection/val/f16/e044afbc9c9e2ec1.jpg	/home/aobled/Downloads/Aircraft_DATASET/tmp_multi/F16/e044afbc9c9e2ec1.jpg
b08f8db073cdc833	/home/aobled/Downloads/Aircraft_DATASET/detection/val/f16/b08f8db073cdc833.jpg	/home/aobled/Downloads/Aircraft_DATASET/tmp_multi/F16/b08f8db073cdc833.jpg
de9a81053db8dad1	/home/aobled/Downloads/Aircraft_DATASET/detection/val/f16/de9a81053db8dad1.jpg	/home/aobled/Downloads/Aircraft_DATASET/tmp_multi/F16/de9a81053db8dad1.jpg
e2879aecf1c88479	/home/aobled/Downloads/Aircraft_DATASET/detection/val/f16/e2879aecf1c88479.jpg	/home/aobled/Downloads/Aircraft_DATASET/tmp_multi/F16/e2879aecf1c88479.jpg
f44c9b3324cc9b33	/home/aobled/Downloads/Aircraft_DATASET/detection/val/f16/f44c9b3324cc9b33.jpg	/home/aobled/Downloads/Aircraft_DATASET/tmp_multi/F16/f44c9b3324cc9b33.jpg
fca31ad62718d227	/home/aobled/Downloads/Aircraft_DATASET/detection/val/f16/fca31ad62718d227.jpg	/home/aobled/Downloads/Aircraft_DATASET/tmp_multi/F16/fca31ad62718d227.jpg
cada952529dada64	/home/aobled/Downloads/Aircraft_DATASET/detection/val/f16/cada952529dada64.jpg	/home/aobled/Downloads/Aircraft_DATASET/tmp_multi/F16/cada952529dada64.jpg
d6578dfc19910536	/home/aobled/Downloads/Aircraft_DATASET/detection/val/f16/d6578dfc19910536.jpg	/home/aobled/Downloads/Aircraft_DATASET/tmp_multi/F16/d6578dfc19910536.jpg
8188f7f75d4922a6	/home/aobled/Downloads/Aircraft_DATASET/detection/val/f16/8188f7f75d4922a6.jpg	/home/aobled/Downloads/Aircraft_DATASET/tmp_multi/F16/8188f7f75d4922a6.jpg
b7c0e4efc8737006	/home/aobled/Downloads/Aircraft_DATASET/detection/val/f16/b7c0e4efc8737006.jpg	/home/aobled/Downloads/Aircraft_DATASET/tmp_multi/F16/b7c0e4efc8737006.jpg
9199ce461799b8e6	/home/aobled/Downloads/Aircraft_DATASET/detection/val/f16/9199ce461799b8e6.jpg	/home/aobled/Downloads/Aircraft_DATASET/tmp_multi/F16/9199ce461799b8e6.jpg
eb9a96e5611a1e25	/home/aobled/Downloads/Aircraft_DATASET/detection/val/f16/eb9a96e5611a1e25.jpg	/home/aobled/Downloads/Aircraft_DATASET/tmp_multi/F16/eb9a96e5611a1e25.jpg
94b7c9480436b7f9	/home/aobled/Downloads/Aircraft_DATASET/detection/val/f16/94b7c9480436b7f9.jpg	/home/aobled/Downloads/Aircraft_DATASET/tmp_multi/F16/94b7c9480436b7f9.jpg
e59a9a654c9b651a	/home/aobled/Downloads/Aircraft_DATASET/detection/val/f16/e59a9a654c9b651a.jpg	/home/aobled/Downloads/Aircraft_DATASET/tmp_multi/F16/e59a9a654c9b651a.jpg
caca95256b9ad465	/home/aobled/Downloads/Aircraft_DATASET/detection/val/f16/caca95256b9ad465.jpg	/home/aobled/Downloads/Aircraft_DATASET/tmp_multi/F16/caca95256b9ad465.jpg
b49f836190b66e1b	/home/aobled/Downloads/Aircraft_DATASET/detection/val/f16/b49f836190b66e1b.jpg	/home/aobled/Downloads/Aircraft_DATASET/tmp_multi/F16/b49f836190b66e1b.jpg
d6d2890d3d73e20e	/home/aobled/Downloads/Aircraft_DATASET/detection/val/f16/d6d2890d3d73e20e.jpg	/home/aobled/Downloads/Aircraft_DATASET/tmp_multi/F16/d6d2890d3d73e20e.jpg
a0cdd7304b96fc49	/home/aobled/Downloads/Aircraft_DATASET/detection/val/f16/a0cdd7304b96fc49.jpg	/home/aobled/Downloads/Aircraft_DATASET/tmp_multi/F16/a0cdd7304b96fc49.jpg
c6d5b9b38e296446	/home/aobled/Downloads/Aircraft_DATASET/detection/val/f16/c6d5b9b38e296446.jpg	/home/aobled/Downloads/Aircraft_DATASET/tmp_multi/F16/c6d5b9b38e296446.jpg
e2da9525699a8667	/home/aobled/Downloads/Aircraft_DATASET/detection/val/f16/e2da9525699a8667.jpg	/home/aobled/Downloads/Aircraft_DATASET/tmp_multi/F16/e2da9525699a8667.jpg
ceb1814a3fc1d86d	/home/aobled/Downloads/Aircraft_DATASET/detection/val/f16/ceb1814a3fc1d86d.jpg	/home/aobled/Downloads/Aircraft_DATASET/tmp_multi/F16/ceb1814a3fc1d86d.jpg
bbe0b19e82c6645e	/home/aobled/Downloads/Aircraft_DATASET/detection/val/f16/bbe0b19e82c6645e.jpg	/home/aobled/Downloads/Aircraft_DATASET/tmp_multi/F16/bbe0b19e82c6645e.jpg
c0caa7bdc3703e92	/home/aobled/Downloads/Aircraft_DATASET/detection/val/f16/c0caa7bdc3703e92.jpg	/home/aobled/Downloads/Aircraft_DATASET/tmp_multi/F16/c0caa7bdc3703e92.jpg
b5cb6e37484d0633	/home/aobled/Downloads/Aircraft_DATASET/detection/val/f16/b5cb6e37484d0633.jpg	/home/aobled/Downloads/Aircraft_DATASET/tmp_multi/F16/b5cb6e37484d0633.jpg
be8fc164443a3e8d	/home/aobled/Downloads/Aircraft_DATASET/detection/val/f16/be8fc164443a3e8d.jpg	/home/aobled/Downloads/Aircraft_DATASET/tmp_multi/F16/be8fc164443a3e8d.jpg
f3d284ad294972f2	/home/aobled/Downloads/Aircraft_DATASET/detection/val/f16/f3d284ad294972f2.jpg	/home/aobled/Downloads/Aircraft_DATASET/tmp_multi/F16/f3d284ad294972f2.jpg
a54ce2a38467eb63	/home/aobled/Downloads/Aircraft_DATASET/detection/val/f16/a54ce2a38467eb63.jpg	/home/aobled/Downloads/Aircraft_DATASET/tmp_multi/F16/a54ce2a38467eb63.jpg
e9e99d5199ce9403	/home/aobled/Downloads/Aircraft_DATASET/detection/val/f16/e9e99d5199ce9403.jpg	/home/aobled/Downloads/Aircraft_DATASET/tmp_multi/F16/e9e99d5199ce9403.jpg
868f0b32a68b5bea	/home/aobled/Downloads/Aircraft_DATASET/detection/val/f16/868f0b32a68b5bea.jpg	/home/aobled/Downloads/Aircraft_DATASET/tmp_multi/F16/868f0b32a68b5bea.jpg
e29a9927118b6f59	/home/aobled/Downloads/Aircraft_DATASET/detection/val/f16/e29a9927118b6f59.jpg	/home/aobled/Downloads/Aircraft_DATASET/tmp_multi/F16/e29a9927118b6f59.jpg
dad2a5257ada6425	/home/aobled/Downloads/Aircraft_DATASET/detection/val/f16/dad2a5257ada6425.jpg	/home/aobled/Downloads/Aircraft_DATASET/tmp_multi/F16/dad2a5257ada6425.jpg
eaea5595a96c2e12	/home/aobled/Downloads/Aircraft_DATASET/detection/val/f16/eaea5595a96c2e12.jpg	/home/aobled/Downloads/Aircraft_DATASET/tmp_multi/F16/eaea5595a96c2e12.jpg
dc1d8931ddc0227f	/home/aobled/Downloads/Aircraft_DATASET/detection/val/f16/dc1d8931ddc0227f.jpg	/home/aobled/Downloads/Aircraft_DATASET/tmp_multi/F16/dc1d8931ddc0227f.jpg
e3a38d0d4cf852a7	/home/aobled/Downloads/Aircraft_DATASET/detection/val/f16/e3a38d0d4cf852a7.jpg	/home/aobled/Downloads/Aircraft_DATASET/tmp_multi/F16/e3a38d0d4cf852a7.jpg
9815b6760f9c6c96	/home/aobled/Downloads/Aircraft_DATASET/detection/val/f16/9815b6760f9c6c96.jpg	/home/aobled/Downloads/Aircraft_DATASET/tmp_multi/F16/9815b6760f9c6c96.jpg
f062afaf87c3a064	/home/aobled/Downloads/Aircraft_DATASET/detection/val/f16/f062afaf87c3a064.jpg	/home/aobled/Downloads/Aircraft_DATASET/tmp_multi/F16/f062afaf87c3a064.jpg
961e9c9c9633b9a1	/home/aobled/Downloads/Aircraft_DATASET/detection/val/f16/961e9c9c9633b9a1.jpg	/home/aobled/Downloads/Aircraft_DATASET/tmp_multi/F16/961e9c9c9633b9a1.jpg
ed8892766d815af8	/home/aobled/Downloads/Aircraft_DATASET/detection/val/f16/ed8892766d815af8.jpg	/home/aobled/Downloads/Aircraft_DATASET/tmp_multi/F16/ed8892766d815af8.jpg
d1c4d4b33b49e4a6	/home/aobled/Downloads/Aircraft_DATASET/detection/val/f16/d1c4d4b33b49e4a6.jpg	/home/aobled/Downloads/Aircraft_DATASET/tmp_multi/F16/d1c4d4b33b49e4a6.jpg
be8fc1701c8fb360	/home/aobled/Downloads/Aircraft_DATASET/detection/val/f16/be8fc1701c8fb360.jpg	/home/aobled/Downloads/Aircraft_DATASET/tmp_multi/F16/be8fc1701c8fb360.jpg
b1c6ae64db1f5049	/home/aobled/Downloads/Aircraft_DATASET/detection/val/f16/b1c6ae64db1f5049.jpg	/home/aobled/Downloads/Aircraft_DATASET/tmp_multi/F16/b1c6ae64db1f5049.jpg
caca95256b9ac665	/home/aobled/Downloads/Aircraft_DATASET/detection/val/f16/caca95256b9ac665.jpg	/home/aobled/Downloads/Aircraft_DATASET/tmp_multi/F16/caca95256b9ac665.jpg
fb69a432e9499436	/home/aobled/Downloads/Aircraft_DATASET/detection/val/f16/fb69a432e9499436.jpg	/home/aobled/Downloads/Aircraft_DATASET/tmp_multi/F16/fb69a432e9499436.jpg
e58c0a7b75a8825f	/home/aobled/Downloads/Aircraft_DATASET/detection/val/f16/e58c0a7b75a8825f.jpg	/home/aobled/Downloads/Aircraft_DATASET/tmp_multi/F16/e58c0a7b75a8825f.jpg
951df2a258d96627	/home/aobled/Downloads/Aircraft_DATASET/detection/val/f16/951df2a258d96627.jpg	/home/aobled/Downloads/Aircraft_DATASET/tmp_multi/F16/951df2a258d96627.jpg
e8f892066dc1676b	/home/aobled/Downloads/Aircraft_DATASET/detection/val/f16/e8f892066dc1676b.jpg	/home/aobled/Downloads/Aircraft_DATASET/tmp_multi/F16/e8f892066dc1676b.jpg
f199ae665947a11a	/home/aobled/Downloads/Aircraft_DATASET/detection/val/f16/f199ae665947a11a.jpg	/home/aobled/Downloads/Aircraft_DATASET/tmp_multi/F16/f199ae665947a11a.jpg
e198c3341ec3793b	/home/aobled/Downloads/Aircraft_DATASET/detection/val/f16/e198c3341ec3793b.jpg	/home/aobled/Downloads/Aircraft_DATASET/tmp_multi/F16/e198c3341ec3793b.jpg
c8e5b7321264e9e9	/home/aobled/Downloads/Aircraft_DATASET/detection/val/f16/c8e5b7321264e9e9.jpg	/home/aobled/Downloads/Aircraft_DATASET/tmp_multi/F16/c8e5b7321264e9e9.jpg
ed989861ae1ee1e4	/home/aobled/Downloads/Aircraft_DATASET/detection/val/f16/ed989861ae1ee1e4.jpg	/home/aobled/Downloads/Aircraft_DATASET/tmp_multi/F16/ed989861ae1ee1e4.jpg
e1f29ea4614a9ab5	/home/aobled/Downloads/Aircraft_DATASET/detection/val/f16/e1f29ea4614a9ab5.jpg	/home/aobled/Downloads/Aircraft_DATASET/tmp_multi/F16/e1f29ea4614a9ab5.jpg
ceca91355ce8ca33	/home/aobled/Downloads/Aircraft_DATASET/detection/val/f16/ceca91355ce8ca33.jpg	/home/aobled/Downloads/Aircraft_DATASET/tmp_multi/F16/ceca91355ce8ca33.jpg
c553f1ec9a926169	/home/aobled/Downloads/Aircraft_DATASET/detection/val/f16/c553f1ec9a926169.jpg	/home/aobled/Downloads/Aircraft_DATASET/tmp_multi/F16/c553f1ec9a926169.jpg
97e8eed654956222	/home/aobled/Downloads/Aircraft_DATASET/detection/val/f16/97e8eed654956222.jpg	/home/aobled/Downloads/Aircraft_DATASET/tmp_multi/F16/97e8eed654956222.jpg
8df8971fc1692c46	/home/aobled/Downloads/Aircraft_DATASET/detection/val/f16/8df8971fc1692c46.jpg	/home/aobled/Downloads/Aircraft_DATASET/tmp_multi/F16/8df8971fc1692c46.jpg
99a1e67c1903c6fc	/home/aobled/Downloads/Aircraft_DATASET/detection/val/f16/99a1e67c1903c6fc.jpg	/home/aobled/Downloads/Aircraft_DATASET/tmp_multi/F16/99a1e67c1903c6fc.jpg
935bbdb44681a536	/home/aobled/Downloads/Aircraft_DATASET/detection/val/f16/935bbdb44681a536.jpg	/home/aobled/Downloads/Aircraft_DATASET/tmp_multi/F16/935bbdb44681a536.jpg
958fe170148ff370	/home/aobled/Downloads/Aircraft_DATASET/detection/val/f16/958fe170148ff370.jpg	/home/aobled/Downloads/Aircraft_DATASET/tmp_multi/F16/958fe170148ff370.jpg
e60c993366cc9b33	/home/aobled/Downloads/Aircraft_DATASET/detection/val/f16/e60c993366cc9b33.jpg	/home/aobled/Downloads/Aircraft_DATASET/tmp_multi/F16/e60c993366cc9b33.jpg
b5abc2f45e0321d9	/home/aobled/Downloads/Aircraft_DATASET/detection/val/f16/b5abc2f45e0321d9.jpg	/home/aobled/Downloads/Aircraft_DATASET/tmp_multi/F16/b5abc2f45e0321d9.jpg
e68ea3f2cc71318c	/home/aobled/Downloads/Aircraft_DATASET/detection/val/f16/e68ea3f2cc71318c.jpg	/home/aobled/Downloads/Aircraft_DATASET/tmp_multi/F16/e68ea3f2cc71318c.jpg
d973a6f618887466	/home/aobled/Downloads/Aircraft_DATASET/detection/val/f16/d973a6f618887466.jpg	/home/aobled/Downloads/Aircraft_DATASET/tmp_multi/F16/d973a6f618887466.jpg
93b0b0b08bcbed59	/home/aobled/Downloads/Aircraft_DATASET/detection/val/f16/93b0b0b08bcbed59.jpg	/home/aobled/Downloads/Aircraft_DATASET/tmp_multi/F16/93b0b0b08bcbed59.jpg
d57fa4800b3ef0c9	/home/aobled/Downloads/Aircraft_DATASET/detection/val/f16/d57fa4800b3ef0c9.jpg	/home/aobled/Downloads/Aircraft_DATASET/tmp_multi/F16/d57fa4800b3ef0c9.jpg
e5051b6a4297e769	/home/aobled/Downloads/Aircraft_DATASET/detection/val/f16/e5051b6a4297e769.jpg	/home/aobled/Downloads/Aircraft_DATASET/tmp_multi/F16/e5051b6a4297e769.jpg
8f87f0780c87937c	/home/aobled/Downloads/Aircraft_DATASET/detection/val/f16/8f87f0780c87937c.jpg	/home/aobled/Downloads/Aircraft_DATASET/tmp_multi/F16/8f87f0780c87937c.jpg
b0ccc93376cc9b32	/home/aobled/Downloads/Aircraft_DATASET/detection/val/f16/b0ccc93376cc9b32.jpg	/home/aobled/Downloads/Aircraft_DATASET/tmp_multi/F16/b0ccc93376cc9b32.jpg
919d4d30cad959f2	/home/aobled/Downloads/Aircraft_DATASET/detection/val/f16/919d4d30cad959f2.jpg	/home/aobled/Downloads/Aircraft_DATASET/tmp_multi/F16/919d4d30cad959f2.jpg
c989b6f65e193924	/home/aobled/Downloads/Aircraft_DATASET/detection/val/f16/c989b6f65e193924.jpg	/home/aobled/Downloads/Aircraft_DATASET/tmp_multi/F16/c989b6f65e193924.jpg
b7d864745a85671a	/home/aobled/Downloads/Aircraft_DATASET/detection/val/f16/b7d864745a85671a.jpg	/home/aobled/Downloads/Aircraft_DATASET/tmp_multi/F16/b7d864745a85671a.jpg
a769482ff2c88e2d	/home/aobled/Downloads/Aircraft_DATASET/detection/val/f16/a769482ff2c88e2d.jpg	/home/aobled/Downloads/Aircraft_DATASET/tmp_multi/F16/a769482ff2c88e2d.jpg
bfcf8260788cbe12	/home/aobled/Downloads/Aircraft_DATASET/detection/val/f16/bfcf8260788cbe12.jpg	/home/aobled/Downloads/Aircraft_DATASET/tmp_multi/F16/bfcf8260788cbe12.jpg
facb8536982d315a	/home/aobled/Downloads/Aircraft_DATASET/detection/val/f16/facb8536982d315a.jpg	/home/aobled/Downloads/Aircraft_DATASET/tmp_multi/F16/facb8536982d315a.jpg
e8db96242d9bc26c	/home/aobled/Downloads/Aircraft_DATASET/detection/val/f16/e8db96242d9bc26c.jpg	/home/aobled/Downloads/Aircraft_DATASET/tmp_multi/F16/e8db96242d9bc26c.jpg
c4d692a90d17fae8	/home/aobled/Downloads/Aircraft_DATASET/detection/val/f16/c4d692a90d17fae8.jpg	/home/aobled/Downloads/Aircraft_DATASET/tmp_multi/F16/c4d692a90d17fae8.jpg
97b3e80c9f796822	/home/aobled/Downloads/Aircraft_DATASET/detection/val/f16/97b3e80c9f796822.jpg	/home/aobled/Downloads/Aircraft_DATASET/tmp_multi/F16/97b3e80c9f796822.jpg
de4ec029cdc6707c	/home/aobled/Downloads/Aircraft_DATASET/detection/val/f16/de4ec029cdc6707c.jpg	/home/aobled/Downloads/Aircraft_DATASET/tmp_multi/F16/de4ec029cdc6707c.jpg
928d2d52f68dd272	/home/aobled/Downloads/Aircraft_DATASET/detection/val/f16/928d2d52f68dd272.jpg	/home/aobled/Downloads/Aircraft_DATASET/tmp_multi/F16/928d2d52f68dd272.jpg
bcdca36341dc32cc	/home/aobled/Downloads/Aircraft_DATASET/detection/val/f16/bcdca36341dc32cc.jpg	/home/aobled/Downloads/Aircraft_DATASET/tmp_multi/F16/bcdca36341dc32cc.jpg
8c9ab2f6d94d7122	/home/aobled/Downloads/Aircraft_DATASET/detection/val/f16/8c9ab2f6d94d7122.jpg	/home/aobled/Downloads/Aircraft_DATASET/tmp_multi/F16/8c9ab2f6d94d7122.jpg
859ece710486f9f8	/home/aobled/Downloads/Aircraft_DATASET/detection/val/f16/859ece710486f9f8.jpg	/home/aobled/Downloads/Aircraft_DATASET/tmp_multi/F16/859ece710486f9f8.jpg
e498db23349cc763	/home/aobled/Downloads/Aircraft_DATASET/detection/val/f16/e498db23349cc763.jpg	/home/aobled/Downloads/Aircraft_DATASET/tmp_multi/F16/e498db23349cc763.jpg
cdb2a5b15d28f0e2	/home/aobled/Downloads/Aircraft_DATASET/detection/val/f16/cdb2a5b15d28f0e2.jpg	/home/aobled/Downloads/Aircraft_DATASET/tmp_multi/F16/cdb2a5b15d28f0e2.jpg
948eebf1784e2325	/home/aobled/Downloads/Aircraft_DATASET/detection/val/f16/948eebf1784e2325.jpg	/home/aobled/Downloads/Aircraft_DATASET/tmp_multi/F16/948eebf1784e2325.jpg
a4cdd1b60e4137cd	/home/aobled/Downloads/Aircraft_DATASET/detection/val/f16/a4cdd1b60e4137cd.jpg	/home/aobled/Downloads/Aircraft_DATASET/tmp_multi/F16/a4cdd1b60e4137cd.jpg
a525c2e25ad8d2f6	/home/aobled/Downloads/Aircraft_DATASET/detection/val/f16/a525c2e25ad8d2f6.jpg	/home/aobled/Downloads/Aircraft_DATASET/tmp_multi/F16/a525c2e25ad8d2f6.jpg
d69d486e71b0a327	/home/aobled/Downloads/Aircraft_DATASET/detection/val/f16/d69d486e71b0a327.jpg	/home/aobled/Downloads/Aircraft_DATASET/tmp_multi/F16/d69d486e71b0a327.jpg
fd86827955863879	/home/aobled/Downloads/Aircraft_DATASET/detection/val/f16/fd86827955863879.jpg	/home/aobled/Downloads/Aircraft_DATASET/tmp_multi/F16/fd86827955863879.jpg
c260f8bc1edeb131	/home/aobled/Downloads/Aircraft_DATASET/detection/val/f16/c260f8bc1edeb131.jpg	/home/aobled/Downloads/Aircraft_DATASET/tmp_multi/F16/c260f8bc1edeb131.jpg
94dfc126185b79a6	/home/aobled/Downloads/Aircraft_DATASET/detection/val/f16/94dfc126185b79a6.jpg	/home/aobled/Downloads/Aircraft_DATASET/tmp_multi/F16/94dfc126185b79a6.jpg
a40fdb336cc93b06	/home/aobled/Downloads/Aircraft_DATASET/detection/val/f16/a40fdb336cc93b06.jpg	/home/aobled/Downloads/Aircraft_DATASET/tmp_multi/F16/a40fdb336cc93b06.jpg
e7dcd023025ce56b	/home/aobled/Downloads/Aircraft_DATASET/detection/val/f16/e7dcd023025ce56b.jpg	/home/aobled/Downloads/Aircraft_DATASET/tmp_multi/F16/e7dcd023025ce56b.jpg
b06c30c9cfb2cf32	/home/aobled/Downloads/Aircraft_DATASET/detection/val/f16/b06c30c9cfb2cf32.jpg	/home/aobled/Downloads/Aircraft_DATASET/tmp_multi/F16/b06c30c9cfb2cf32.jpg
938aedf11a4635aa	/home/aobled/Downloads/Aircraft_DATASET/detection/val/f16/938aedf11a4635aa.jpg	/home/aobled/Downloads/Aircraft_DATASET/tmp_multi/F16/938aedf11a4635aa.jpg
8616bd359686653d	/home/aobled/Downloads/Aircraft_DATASET/detection/val/f16/8616bd359686653d.jpg	/home/aobled/Downloads/Aircraft_DATASET/tmp_multi/F16/8616bd359686653d.jpg
e4428fad9fd26898	/home/aobled/Downloads/Aircraft_DATASET/detection/val/f16/e4428fad9fd26898.jpg	/home/aobled/Downloads/Aircraft_DATASET/tmp_multi/F16/e4428fad9fd26898.jpg
e1d9d632b8170b8b	/home/aobled/Downloads/Aircraft_DATASET/detection/val/f16/e1d9d632b8170b8b.jpg	/home/aobled/Downloads/Aircraft_DATASET/tmp_multi/F16/e1d9d632b8170b8b.jpg
b4161379d89a676c	/home/aobled/Downloads/Aircraft_DATASET/detection/val/f16/b4161379d89a676c.jpg	/home/aobled/Downloads/Aircraft_DATASET/tmp_multi/F16/b4161379d89a676c.jpg
aaab94d4502aaf8f	/home/aobled/Downloads/Aircraft_DATASET/detection/val/f16/aaab94d4502aaf8f.jpg	/home/aobled/Downloads/Aircraft_DATASET/tmp_multi/F16/aaab94d4502aaf8f.jpg
8fa590ba2685d1fa	/home/aobled/Downloads/Aircraft_DATASET/detection/val/f16/8fa590ba2685d1fa.jpg	/home/aobled/Downloads/Aircraft_DATASET/tmp_multi/F16/8fa590ba2685d1fa.jpg
8ecf780c8ffb6084	/home/aobled/Downloads/Aircraft_DATASET/detection/val/f16/8ecf780c8ffb6084.jpg	/home/aobled/Downloads/Aircraft_DATASET/tmp_multi/F16/8ecf780c8ffb6084.jpg
8080a7cfd8d83e7e	/home/aobled/Downloads/Aircraft_DATASET/detection/val/f16/8080a7cfd8d83e7e.jpg	/home/aobled/Downloads/Aircraft_DATASET/tmp_multi/F16/8080a7cfd8d83e7e.jpg
989ac7e564532abc	/home/aobled/Downloads/Aircraft_DATASET/detection/val/f16/989ac7e564532abc.jpg	/home/aobled/Downloads/Aircraft_DATASET/tmp_multi/F16/989ac7e564532abc.jpg
b03bbbb989b13c30	/home/aobled/Downloads/Aircraft_DATASET/detection/val/f16/b03bbbb989b13c30.jpg	/home/aobled/Downloads/Aircraft_DATASET/tmp_multi/F16/b03bbbb989b13c30.jpg
e1e9d6362589cb62	/home/aobled/Downloads/Aircraft_DATASET/detection/val/f16/e1e9d6362589cb62.jpg	/home/aobled/Downloads/Aircraft_DATASET/tmp_multi/F16/e1e9d6362589cb62.jpg
b998d06f8ee05e86	/home/aobled/Downloads/Aircraft_DATASET/detection/val/f16/b998d06f8ee05e86.jpg	/home/aobled/Downloads/Aircraft_DATASET/tmp_multi/F16/b998d06f8ee05e86.jpg
c2c6bfb990967226	/home/aobled/Downloads/Aircraft_DATASET/detection/val/f16/c2c6bfb990967226.jpg	/home/aobled/Downloads/Aircraft_DATASET/tmp_multi/F16/c2c6bfb990967226.jpg
e7d9582621cd6723	/home/aobled/Downloads/Aircraft_DATASET/detection/val/f16/e7d9582621cd6723.jpg	/home/aobled/Downloads/Aircraft_DATASET/tmp_multi/F16/e7d9582621cd6723.jpg
8988c6f44c777719	/home/aobled/Downloads/Aircraft_DATASET/detection/val/f16/8988c6f44c777719.jpg	/home/aobled/Downloads/Aircraft_DATASET/tmp_multi/F16/8988c6f44c777719.jpg
ff5fb4304d8630e0	/home/aobled/Downloads/Aircraft_DATASET/detection/val/f16/ff5fb4304d8630e0.jpg	/home/aobled/Downloads/Aircraft_DATASET/tmp_multi/F16/ff5fb4304d8630e0.jpg
c5c4e59194b73d98	/home/aobled/Downloads/Aircraft_DATASET/detection/val/f16/c5c4e59194b73d98.jpg	/home/aobled/Downloads/Aircraft_DATASET/tmp_multi/F16/c5c4e59194b73d98.jpg
edc9923a8cb44bb8	/home/aobled/Downloads/Aircraft_DATASET/detection/val/f16/edc9923a8cb44bb8.jpg	/home/aobled/Downloads/Aircraft_DATASET/tmp_multi/F16/edc9923a8cb44bb8.jpg
967c097326ccd933	/home/aobled/Downloads/Aircraft_DATASET/detection/val/f16/967c097326ccd933.jpg	/home/aobled/Downloads/Aircraft_DATASET/tmp_multi/F16/967c097326ccd933.jpg
ece4c39893913c67	/home/aobled/Downloads/Aircraft_DATASET/detection/val/f16/ece4c39893913c67.jpg	/home/aobled/Downloads/Aircraft_DATASET/tmp_multi/F16/ece4c39893913c67.jpg
cd5b5aae15956429	/home/aobled/Downloads/Aircraft_DATASET/detection/val/f16/cd5b5aae15956429.jpg	/home/aobled/Downloads/Aircraft_DATASET/tmp_multi/F16/cd5b5aae15956429.jpg
ea959f4a64b0989e	/home/aobled/Downloads/Aircraft_DATASET/detection/val/f16/ea959f4a64b0989e.jpg	/home/aobled/Downloads/Aircraft_DATASET/tmp_multi/F16/ea959f4a64b0989e.jpg
b991c56e02d72da9	/home/aobled/Downloads/Aircraft_DATASET/detection/val/f16/b991c56e02d72da9.jpg	/home/aobled/Downloads/Aircraft_DATASET/tmp_multi/F16/b991c56e02d72da9.jpg
fbc2803b74c59bb0	/home/aobled/Downloads/Aircraft_DATASET/detection/val/f16/fbc2803b74c59bb0.jpg	/home/aobled/Downloads/Aircraft_DATASET/tmp_multi/F16/fbc2803b74c59bb0.jpg
b59cc2615532b8dd	/home/aobled/Downloads/Aircraft_DATASET/detection/val/f16/b59cc2615532b8dd.jpg	/home/aobled/Downloads/Aircraft_DATASET/tmp_multi/F16/b59cc2615532b8dd.jpg
8dcd92325eade152	/home/aobled/Downloads/Aircraft_DATASET/detection/val/f16/8dcd92325eade152.jpg	/home/aobled/Downloads/Aircraft_DATASET/tmp_multi/F16/8dcd92325eade152.jpg
b4c96f9338c4cb31	/home/aobled/Downloads/Aircraft_DATASET/detection/val/f16/b4c96f9338c4cb31.jpg	/home/aobled/Downloads/Aircraft_DATASET/tmp_multi/F16/b4c96f9338c4cb31.jpg
b4b6b6a589916569	/home/aobled/Downloads/Aircraft_DATASET/detection/val/f16/b4b6b6a589916569.jpg	/home/aobled/Downloads/Aircraft_DATASET/tmp_multi/F16/b4b6b6a589916569.jpg
fd5c8095f58885a7	/home/aobled/Downloads/Aircraft_DATASET/detection/val/f16/fd5c8095f58885a7.jpg	/home/aobled/Downloads/Aircraft_DATASET/tmp_multi/F16/fd5c8095f58885a7.jpg
e799d864278be074	/home/aobled/Downloads/Aircraft_DATASET/detection/val/f16/e799d864278be074.jpg	/home/aobled/Downloads/Aircraft_DATASET/tmp_multi/F16/e799d864278be074.jpg
8d8dbeb172f241c8	/home/aobled/Downloads/Aircraft_DATASET/detection/val/f16/8d8dbeb172f241c8.jpg	/home/aobled/Downloads/Aircraft_DATASET/tmp_multi/F16/8d8dbeb172f241c8.jpg
a64cd93364cf9338	/home/aobled/Downloads/Aircraft_DATASET/detection/val/f16/a64cd93364cf9338.jpg	/home/aobled/Downloads/Aircraft_DATASET/tmp_multi/F16/a64cd93364cf9338.jpg
b4ccc323bcdc6343	/home/aobled/Downloads/Aircraft_DATASET/detection/val/f16/b4ccc323bcdc6343.jpg	/home/aobled/Downloads/Aircraft_DATASET/tmp_multi/F16/b4ccc323bcdc6343.jpg
e4f28b4c74d08e73	/home/aobled/Downloads/Aircraft_DATASET/detection/val/f16/e4f28b4c74d08e73.jpg	/home/aobled/Downloads/Aircraft_DATASET/tmp_multi/F16/e4f28b4c74d08e73.jpg
e1b19e4663b998e4	/home/aobled/Downloads/Aircraft_DATASET/detection/val/f16/e1b19e4663b998e4.jpg	/home/aobled/Downloads/Aircraft_DATASET/tmp_multi/F16/e1b19e4663b998e4.jpg
f09ccf63304c8f33	/home/aobled/Downloads/Aircraft_DATASET/detection/val/f16/f09ccf63304c8f33.jpg	/home/aobled/Downloads/Aircraft_DATASET/tmp_multi/F16/f09ccf63304c8f33.jpg
b48ccb3334ccc373	/home/aobled/Downloads/Aircraft_DATASET/detection/val/f16/b48ccb3334ccc373.jpg	/home/aobled/Downloads/Aircraft_DATASET/tmp_multi/F16/b48ccb3334ccc373.jpg
83878fb783c32c3c	/home/aobled/Downloads/Aircraft_DATASET/detection/val/f16/83878fb783c32c3c.jpg	/home/aobled/Downloads/Aircraft_DATASET/tmp_multi/F16/83878fb783c32c3c.jpg
88b4f34f38b076c9	/home/aobled/Downloads/Aircraft_DATASET/detection/val/f16/88b4f34f38b076c9.jpg	/home/aobled/Downloads/Aircraft_DATASET/tmp_multi/F16/88b4f34f38b076c9.jpg
8f87d0780f877872	/home/aobled/Downloads/Aircraft_DATASET/detection/val/f16/8f87d0780f877872.jpg	/home/aobled/Downloads/Aircraft_DATASET/tmp_multi/F16/8f87d0780f877872.jpg
e7c9d8363288e563	/home/aobled/Downloads/Aircraft_DATASET/detection/val/f16/e7c9d8363288e563.jpg	/home/aobled/Downloads/Aircraft_DATASET/tmp_multi/F16/e7c9d8363288e563.jpg
eedb90342d9bc264	/home/aobled/Downloads/Aircraft_DATASET/detection/val/f16/eedb90342d9bc264.jpg	/home/aobled/Downloads/Aircraft_DATASET/tmp_multi/F16/eedb90342d9bc264.jpg
d4d4a9bb2b264ce4	/home/aobled/Downloads/Aircraft_DATASET/detection/val/f16/d4d4a9bb2b264ce4.jpg	/home/aobled/Downloads/Aircraft_DATASET/tmp_multi/F16/d4d4a9bb2b264ce4.jpg
eb8c94332fccd330	/home/aobled/Downloads/Aircraft_DATASET/detection/val/f16/eb8c94332fccd330.jpg	/home/aobled/Downloads/Aircraft_DATASET/tmp_multi/F16/eb8c94332fccd330.jpg
dbd7a4b0084c7373	/home/aobled/Downloads/Aircraft_DATASET/detection/val/f16/dbd7a4b0084c7373.jpg	/home/aobled/Downloads/Aircraft_DATASET/tmp_multi/F16/dbd7a4b0084c7373.jpg
f0ee8fc1d26d0d12	/home/aobled/Downloads/Aircraft_DATASET/detection/val/f16/f0ee8fc1d26d0d12.jpg	/home/aobled/Downloads/Aircraft_DATASET/tmp_multi/F16/f0ee8fc1d26d0d12.jpg
c3d29c653199e666	/home/aobled/Downloads/Aircraft_DATASET/detection/val/f16/c3d29c653199e666.jpg	/home/aobled/Downloads/Aircraft_DATASET/tmp_multi/F16/c3d29c653199e666.jpg
e3b6d44d2998c571	/home/aobled/Downloads/Aircraft_DATASET/detection/val/f16/e3b6d44d2998c571.jpg	/home/aobled/Downloads/Aircraft_DATASET/tmp_multi/F16/e3b6d44d2998c571.jpg
cd9eebc99826a294	/home/aobled/Downloads/Aircraft_DATASET/detection/val/f16/cd9eebc99826a294.jpg	/home/aobled/Downloads/Aircraft_DATASET/tmp_multi/F16/cd9eebc99826a294.jpg
f3c69cb90147335a	/home/aobled/Downloads/Aircraft_DATASET/detection/val/f16/f3c69cb90147335a.jpg	/home/aobled/Downloads/Aircraft_DATASET/tmp_multi/F16/f3c69cb90147335a.jpg
f9ce15e16918ce62	/home/aobled/Downloads/Aircraft_DATASET/detection/val/f16/f9ce15e16918ce62.jpg	/home/aobled/Downloads/Aircraft_DATASET/tmp_multi/F16/f9ce15e16918ce62.jpg
e54dda32348cc763	/home/aobled/Downloads/Aircraft_DATASET/detection/val/f16/e54dda32348cc763.jpg	/home/aobled/Downloads/Aircraft_DATASET/tmp_multi/F16/e54dda32348cc763.jpg
fac395c06b3a8e46	/home/aobled/Downloads/Aircraft_DATASET/detection/val/f16/fac395c06b3a8e46.jpg	/home/aobled/Downloads/Aircraft_DATASET/tmp_multi/F16/fac395c06b3a8e46.jpg
d3928dc1cc3c6d99	/home/aobled/Downloads/Aircraft_DATASET/detection/val/f16/d3928dc1cc3c6d99.jpg	/home/aobled/Downloads/Aircraft_DATASET/tmp_multi/F16/d3928dc1cc3c6d99.jpg
8298d56f2310deed	/home/aobled/Downloads/Aircraft_DATASET/detection/val/f16/8298d56f2310deed.jpg	/home/aobled/Downloads/Aircraft_DATASET/tmp_multi/F16/8298d56f2310deed.jpg
9dd9a8a636c37125	/home/aobled/Downloads/Aircraft_DATASET/detection/val/f16/9dd9a8a636c37125.jpg	/home/aobled/Downloads/Aircraft_DATASET/tmp_multi/F16/9dd9a8a636c37125.jpg
cfcd8070bc8f8713	/home/aobled/Downloads/Aircraft_DATASET/detection/val/f16/cfcd8070bc8f8713.jpg	/home/aobled/Downloads/Aircraft_DATASET/tmp_multi/F16/cfcd8070bc8f8713.jpg
c4d99964c69b3d46	/home/aobled/Downloads/Aircraft_DATASET/detection/val/f16/c4d99964c69b3d46.jpg	/home/aobled/Downloads/Aircraft_DATASET/tmp_multi/F16/c4d99964c69b3d46.jpg
bbb2d5cd4022bc1d	/home/aobled/Downloads/Aircraft_DATASET/detection/val/f16/bbb2d5cd4022bc1d.jpg	/home/aobled/Downloads/Aircraft_DATASET/tmp_multi/F16/bbb2d5cd4022bc1d.jpg
afcfc070789e8721	/home/aobled/Downloads/Aircraft_DATASET/detection/val/f16/afcfc070789e8721.jpg	/home/aobled/Downloads/Aircraft_DATASET/tmp_multi/F16/afcfc070789e8721.jpg
be4d51366cc93326	/home/aobled/Downloads/Aircraft_DATASET/detection/val/f16/be4d51366cc93326.jpg	/home/aobled/Downloads/Aircraft_DATASET/tmp_multi/F16/be4d51366cc93326.jpg
d6c289b933564e6c	/home/aobled/Downloads/Aircraft_DATASET/detection/val/f16/d6c289b933564e6c.jpg	/home/aobled/Downloads/Aircraft_DATASET/tmp_multi/F16/d6c289b933564e6c.jpg
a65a9125b9d2562f	/home/aobled/Downloads/Aircraft_DATASET/detection/val/f16/a65a9125b9d2562f.jpg	/home/aobled/Downloads/Aircraft_DATASET/tmp_multi/F16/a65a9125b9d2562f.jpg
d2538e9e1ab1a437	/home/aobled/Downloads/Aircraft_DATASET/detection/val/f16/d2538e9e1ab1a437.jpg	/home/aobled/Downloads/Aircraft_DATASET/tmp_multi/F16/d2538e9e1ab1a437.jpg
8626ace7e7a424ec	/home/aobled/Downloads/Aircraft_DATASET/detection/val/f16/8626ace7e7a424ec.jpg	/home/aobled/Downloads/Aircraft_DATASET/tmp_multi/F16/8626ace7e7a424ec.jpg
ef29f88232e18979	/home/aobled/Downloads/Aircraft_DATASET/detection/val/f16/ef29f88232e18979.jpg	/home/aobled/Downloads/Aircraft_DATASET/tmp_multi/F16/ef29f88232e18979.jpg
b688cd675f1324cc	/home/aobled/Downloads/Aircraft_DATASET/detection/val/f16/b688cd675f1324cc.jpg	/home/aobled/Downloads/Aircraft_DATASET/tmp_multi/F16/b688cd675f1324cc.jpg
ac92d36d1492ed1d	/home/aobled/Downloads/Aircraft_DATASET/detection/val/f16/ac92d36d1492ed1d.jpg	/home/aobled/Downloads/Aircraft_DATASET/tmp_multi/F16/ac92d36d1492ed1d.jpg
b5424365dc96335b	/home/aobled/Downloads/Aircraft_DATASET/detection/val/f16/b5424365dc96335b.jpg	/home/aobled/Downloads/Aircraft_DATASET/tmp_multi/F16/b5424365dc96335b.jpg
d582109d87fac73c	/home/aobled/Downloads/Aircraft_DATASET/detection/val/f16/d582109d87fac73c.jpg	/home/aobled/Downloads/Aircraft_DATASET/tmp_multi/F16/d582109d87fac73c.jpg
f243c1e0ca83b3fc	/home/aobled/Downloads/Aircraft_DATASET/detection/val/f16/f243c1e0ca83b3fc.jpg	/home/aobled/Downloads/Aircraft_DATASET/tmp_multi/F16/f243c1e0ca83b3fc.jpg
a7c3981c474373f4	/home/aobled/Downloads/Aircraft_DATASET/detection/val/f16/a7c3981c474373f4.jpg	/home/aobled/Downloads/Aircraft_DATASET/tmp_multi/F16/a7c3981c474373f4.jpg
d9e68e3955e2ba04	/home/aobled/Downloads/Aircraft_DATASET/detection/val/f16/d9e68e3955e2ba04.jpg	/home/aobled/Downloads/Aircraft_DATASET/tmp_multi/F16/d9e68e3955e2ba04.jpg
cbdbc920929a26e7	/home/aobled/Downloads/Aircraft_DATASET/detection/val/f16/cbdbc920929a26e7.jpg	/home/aobled/Downloads/Aircraft_DATASET/tmp_multi/F16/cbdbc920929a26e7.jpg
d1cdbcb2c7612459	/home/aobled/Downloads/Aircraft_DATASET/detection/val/f16/d1cdbcb2c7612459.jpg	/home/aobled/Downloads/Aircraft_DATASET/tmp_multi/F16/d1cdbcb2c7612459.jpg
a78fc8f0d0d43c2d	/home/aobled/Downloads/Aircraft_DATASET/detection/val/f16/a78fc8f0d0d43c2d.jpg	/home/aobled/Downloads/Aircraft_DATASET/tmp_multi/F16/a78fc8f0d0d43c2d.jpg
b71298e2d3d7b620	/home/aobled/Downloads/Aircraft_DATASET/detection/val/f16/b71298e2d3d7b620.jpg	/home/aobled/Downloads/Aircraft_DATASET/tmp_multi/F16/b71298e2d3d7b620.jpg
e5cee43088a677d8	/home/aobled/Downloads/Aircraft_DATASET/detection/val/f16/e5cee43088a677d8.jpg	/home/aobled/Downloads/Aircraft_DATASET/tmp_multi/F16/e5cee43088a677d8.jpg
9fc1403f31c0be75	/home/aobled/Downloads/Aircraft_DATASET/detection/val/f16/9fc1403f31c0be75.jpg	/home/aobled/Downloads/Aircraft_DATASET/tmp_multi/F16/9fc1403f31c0be75.jpg
e5d39ae4050b66f8	/home/aobled/Downloads/Aircraft_DATASET/detection/val/f16/e5d39ae4050b66f8.jpg	/home/aobled/Downloads/Aircraft_DATASET/tmp_multi/F16/e5d39ae4050b66f8.jpg
90ff82485dc7e398	/home/aobled/Downloads/Aircraft_DATASET/detection/val/f16/90ff82485dc7e398.jpg	/home/aobled/Downloads/Aircraft_DATASET/tmp_multi/F16/90ff82485dc7e398.jpg
c7c8b8bf074330dc	/home/aobled/Downloads/Aircraft_DATASET/detection/val/f16/c7c8b8bf074330dc.jpg	/home/aobled/Downloads/Aircraft_DATASET/tmp_multi/F16/c7c8b8bf074330dc.jpg
e8b8b866478eb1d2	/home/aobled/Downloads/Aircraft_DATASET/detection/val/f16/e8b8b866478eb1d2.jpg	/home/aobled/Downloads/Aircraft_DATASET/tmp_multi/F16/e8b8b866478eb1d2.jpg
a3c29cbf4760389e	/home/aobled/Downloads/Aircraft_DATASET/detection/val/f16/a3c29cbf4760389e.jpg	/home/aobled/Downloads/Aircraft_DATASET/tmp_multi/F16/a3c29cbf4760389e.jpg
bcc9c33635cdc942	/home/aobled/Downloads/Aircraft_DATASET/detection/val/f16/bcc9c33635cdc942.jpg	/home/aobled/Downloads/Aircraft_DATASET/tmp_multi/F16/bcc9c33635cdc942.jpg
b99bc46c2b91f628	/home/aobled/Downloads/Aircraft_DATASET/detection/val/f16/b99bc46c2b91f628.jpg	/home/aobled/Downloads/Aircraft_DATASET/tmp_multi/F16/b99bc46c2b91f628.jpg
b2129fb79390383d	/home/aobled/Downloads/Aircraft_DATASET/detection/val/f16/b2129fb79390383d.jpg	/home/aobled/Downloads/Aircraft_DATASET/tmp_multi/F16/b2129fb79390383d.jpg
c561b337d5c36036	/home/aobled/Downloads/Aircraft_DATASET/detection/val/f16/c561b337d5c36036.jpg	/home/aobled/Downloads/Aircraft_DATASET/tmp_multi/F16/c561b337d5c36036.jpg
8c9c9c3913c67b99	/home/aobled/Downloads/Aircraft_DATASET/detection/val/f16/8c9c9c3913c67b99.jpg	/home/aobled/Downloads/Aircraft_DATASET/tmp_multi/F16/8c9c9c3913c67b99.jpg
fb13d63885cf0338	/home/aobled/Downloads/Aircraft_DATASET/detection/val/f16/fb13d63885cf0338.jpg	/home/aobled/Downloads/Aircraft_DATASET/tmp_multi/F16/fb13d63885cf0338.jpg
9098afe7c0fa3c49	/home/aobled/Downloads/Aircraft_DATASET/detection/val/f16/9098afe7c0fa3c49.jpg	/home/aobled/Downloads/Aircraft_DATASET/tmp_multi/F16/9098afe7c0fa3c49.jpg
d7cdb894292a4ec5	/home/aobled/Downloads/Aircraft_DATASET/detection/val/f16/d7cdb894292a4ec5.jpg	/home/aobled/Downloads/Aircraft_DATASET/tmp_multi/F16/d7cdb894292a4ec5.jpg
f040cdbb8fc9b03c	/home/aobled/Downloads/Aircraft_DATASET/detection/val/f16/f040cdbb8fc9b03c.jpg	/home/aobled/Downloads/Aircraft_DATASET/tmp_multi/F16/f040cdbb8fc9b03c.jpg
e5ac9b33408c367e	/home/aobled/Downloads/Aircraft_DATASET/detection/val/f16/e5ac9b33408c367e.jpg	/home/aobled/Downloads/Aircraft_DATASET/tmp_multi/F16/e5ac9b33408c367e.jpg
b18e5b07f00ce1b7	/home/aobled/Downloads/Aircraft_DATASET/detection/val/f16/b18e5b07f00ce1b7.jpg	/home/aobled/Downloads/Aircraft_DATASET/tmp_multi/F16/b18e5b07f00ce1b7.jpg
f99e8762289ecdc0	/home/aobled/Downloads/Aircraft_DATASET/detection/val/f16/f99e8762289ecdc0.jpg	/home/aobled/Downloads/Aircraft_DATASET/tmp_multi/F16/f99e8762289ecdc0.jpg
93828cfdcf61309e	/home/aobled/Downloads/Aircraft_DATASET/detection/val/f16/93828cfdcf61309e.jpg	/home/aobled/Downloads/Aircraft_DATASET/tmp_multi/F16/93828cfdcf61309e.jpg
da5a4d0573524db3	/home/aobled/Downloads/Aircraft_DATASET/detection/val/f16/da5a4d0573524db3.jpg	/home/aobled/Downloads/Aircraft_DATASET/tmp_multi/F16/da5a4d0573524db3.jpg
ccc8b3378a5865a7	/home/aobled/Downloads/Aircraft_DATASET/detection/val/f16/ccc8b3378a5865a7.jpg	/home/aobled/Downloads/Aircraft_DATASET/tmp_multi/F16/ccc8b3378a5865a7.jpg
a408daec9db6ec98	/home/aobled/Downloads/Aircraft_DATASET/detection/val/f16/a408daec9db6ec98.jpg	/home/aobled/Downloads/Aircraft_DATASET/tmp_multi/F16/a408daec9db6ec98.jpg
b193d06c8eeed192	/home/aobled/Downloads/Aircraft_DATASET/detection/val/f16/b193d06c8eeed192.jpg	/home/aobled/Downloads/Aircraft_DATASET/tmp_multi/F16/b193d06c8eeed192.jpg
ea8a85758aa3539e	/home/aobled/Downloads/Aircraft_DATASET/detection/val/f16/ea8a85758aa3539e.jpg	/home/aobled/Downloads/Aircraft_DATASET/tmp_multi/F16/ea8a85758aa3539e.jpg
9917b63789b8a6b0	/home/aobled/Downloads/Aircraft_DATASET/detection/val/f16/9917b63789b8a6b0.jpg	/home/aobled/Downloads/Aircraft_DATASET/tmp_multi/F16/9917b63789b8a6b0.jpg
960ee35698b266e6	/home/aobled/Downloads/Aircraft_DATASET/detection/val/f16/960ee35698b266e6.jpg	/home/aobled/Downloads/Aircraft_DATASET/tmp_multi/F16/960ee35698b266e6.jpg
b1b6cf490c3c70d3	/home/aobled/Downloads/Aircraft_DATASET/detection/val/f16/b1b6cf490c3c70d3.jpg	/home/aobled/Downloads/Aircraft_DATASET/tmp_multi/F16/b1b6cf490c3c70d3.jpg
909ac7f16c1f1738	/home/aobled/Downloads/Aircraft_DATASET/detection/val/f16/909ac7f16c1f1738.jpg	/home/aobled/Downloads/Aircraft_DATASET/tmp_multi/F16/909ac7f16c1f1738.jpg
d484d64f61259f59	/home/aobled/Downloads/Aircraft_DATASET/detection/val/f16/d484d64f61259f59.jpg	/home/aobled/Downloads/Aircraft_DATASET/tmp_multi/F16/d484d64f61259f59.jpg
c59bb3a3c499b382	/home/aobled/Downloads/Aircraft_DATASET/detection/val/f16/c59bb3a3c499b382.jpg	/home/aobled/Downloads/Aircraft_DATASET/tmp_multi/F16/c59bb3a3c499b382.jpg
c4847f4859a6fe86	/home/aobled/Downloads/Aircraft_DATASET/detection/val/f16/c4847f4859a6fe86.jpg	/home/aobled/Downloads/Aircraft_DATASET/tmp_multi/F16/c4847f4859a6fe86.jpg
b8cc8333cb35b49a	/home/aobled/Downloads/Aircraft_DATASET/detection/val/f16/b8cc8333cb35b49a.jpg	/home/aobled/Downloads/Aircraft_DATASET/tmp_multi/F16/b8cc8333cb35b49a.jpg
d03de5cb2a205bdc	/home/aobled/Downloads/Aircraft_DATASET/detection/val/f16/d03de5cb2a205bdc.jpg	/home/aobled/Downloads/Aircraft_DATASET/tmp_multi/F16/d03de5cb2a205bdc.jpg
911b9e3761d89627	/home/aobled/Downloads/Aircraft_DATASET/detection/val/f16/911b9e3761d89627.jpg	/home/aobled/Downloads/Aircraft_DATASET/tmp_multi/F16/911b9e3761d89627.jpg
f8d38770f0acd862	/home/aobled/Downloads/Aircraft_DATASET/detection/val/f16/f8d38770f0acd862.jpg	/home/aobled/Downloads/Aircraft_DATASET/tmp_multi/F16/f8d38770f0acd862.jpg
941adaeabc94c5e4	/home/aobled/Downloads/Aircraft_DATASET/detection/val/f16/941adaeabc94c5e4.jpg	/home/aobled/Downloads/Aircraft_DATASET/tmp_multi/F16/941adaeabc94c5e4.jpg
ac3094a6e3b71d6a	/home/aobled/Downloads/Aircraft_DATASET/detection/val/f16/ac3094a6e3b71d6a.jpg	/home/aobled/Downloads/Aircraft_DATASET/tmp_multi/F16/ac3094a6e3b71d6a.jpg
c2953c6e4b43b8ad	/home/aobled/Downloads/Aircraft_DATASET/detection/val/f16/c2953c6e4b43b8ad.jpg	/home/aobled/Downloads/Aircraft_DATASET/tmp_multi/F16/c2953c6e4b43b8ad.jpg
b04c0faf87c3707c	/home/aobled/Downloads/Aircraft_DATASET/detection/val/f16/b04c0faf87c3707c.jpg	/home/aobled/Downloads/Aircraft_DATASET/tmp_multi/F16/b04c0faf87c3707c.jpg
bcd35b05b0599ca3	/home/aobled/Downloads/Aircraft_DATASET/detection/val/f16/bcd35b05b0599ca3.jpg	/home/aobled/Downloads/Aircraft_DATASET/tmp_multi/F16/bcd35b05b0599ca3.jpg
e5c992367de1129a	/home/aobled/Downloads/Aircraft_DATASET/detection/val/f16/e5c992367de1129a.jpg	/home/aobled/Downloads/Aircraft_DATASET/tmp_multi/F16/e5c992367de1129a.jpg
c4b6db6936e46816	/home/aobled/Downloads/Aircraft_DATASET/detection/val/f16/c4b6db6936e46816.jpg	/home/aobled/Downloads/Aircraft_DATASET/tmp_multi/F16/c4b6db6936e46816.jpg
959dca60381f8779	/home/aobled/Downloads/Aircraft_DATASET/detection/val/f16/959dca60381f8779.jpg	/home/aobled/Downloads/Aircraft_DATASET/tmp_multi/F16/959dca60381f8779.jpg
f58a52368d52768d	/home/aobled/Downloads/Aircraft_DATASET/detection/val/f16/f58a52368d52768d.jpg	/home/aobled/Downloads/Aircraft_DATASET/tmp_multi/F16/f58a52368d52768d.jpg
d2f9bd844616646d	/home/aobled/Downloads/Aircraft_DATASET/detection/val/f16/d2f9bd844616646d.jpg	/home/aobled/Downloads/Aircraft_DATASET/tmp_multi/F16/d2f9bd844616646d.jpg
e5899af4c80e6799	/home/aobled/Downloads/Aircraft_DATASET/detection/val/f16/e5899af4c80e6799.jpg	/home/aobled/Downloads/Aircraft_DATASET/tmp_multi/F16/e5899af4c80e6799.jpg
87489f27c8e5661e	/home/aobled/Downloads/Aircraft_DATASET/detection/val/f16/87489f27c8e5661e.jpg	/home/aobled/Downloads/Aircraft_DATASET/tmp_multi/F16/87489f27c8e5661e.jpg
bd9dc2633cb4c909	/home/aobled/Downloads/Aircraft_DATASET/detection/val/f16/bd9dc2633cb4c909.jpg	/home/aobled/Downloads/Aircraft_DATASET/tmp_multi/F16/bd9dc2633cb4c909.jpg
e469cb0e8fac89ca	/home/aobled/Downloads/Aircraft_DATASET/detection/val/f16/e469cb0e8fac89ca.jpg	/home/aobled/Downloads/Aircraft_DATASET/tmp_multi/F16/e469cb0e8fac89ca.jpg
c3ad7d120873fe24	/home/aobled/Downloads/Aircraft_DATASET/detection/val/f16/c3ad7d120873fe24.jpg	/home/aobled/Downloads/Aircraft_DATASET/tmp_multi/F16/c3ad7d120873fe24.jpg
b6f243591c8cd359	/home/aobled/Downloads/Aircraft_DATASET/detection/val/f16/b6f243591c8cd359.jpg	/home/aobled/Downloads/Aircraft_DATASET/tmp_multi/F16/b6f243591c8cd359.jpg
86c0fd74c22cafd2	/home/aobled/Downloads/Aircraft_DATASET/detection/val/f16/86c0fd74c22cafd2.jpg	/home/aobled/Downloads/Aircraft_DATASET/tmp_multi/F16/86c0fd74c22cafd2.jpg
ea9895652b9af464	/home/aobled/Downloads/Aircraft_DATASET/detection/val/f16/ea9895652b9af464.jpg	/home/aobled/Downloads/Aircraft_DATASET/tmp_multi/F16/ea9895652b9af464.jpg
d2d0d8da96c7230f	/home/aobled/Downloads/Aircraft_DATASET/detection/val/f16/d2d0d8da96c7230f.jpg	/home/aobled/Downloads/Aircraft_DATASET/tmp_multi/F16/d2d0d8da96c7230f.jpg
f64c893366cc9b31	/home/aobled/Downloads/Aircraft_DATASET/detection/val/f16/f64c893366cc9b31.jpg	/home/aobled/Downloads/Aircraft_DATASET/tmp_multi/F16/f64c893366cc9b31.jpg
b58dda704021bdcf	/home/aobled/Downloads/Aircraft_DATASET/detection/val/f16/b58dda704021bdcf.jpg	/home/aobled/Downloads/Aircraft_DATASET/tmp_multi/F16/b58dda704021bdcf.jpg
e8cb97347acca505	/home/aobled/Downloads/Aircraft_DATASET/detection/val/f16/e8cb97347acca505.jpg	/home/aobled/Downloads/Aircraft_DATASET/tmp_multi/F16/e8cb97347acca505.jpg
f3d3c4280a1fb571	/home/aobled/Downloads/Aircraft_DATASET/detection/val/f16/f3d3c4280a1fb571.jpg	/home/aobled/Downloads/Aircraft_DATASET/tmp_multi/F16/f3d3c4280a1fb571.jpg
ed9896631b8c6e51	/home/aobled/Downloads/Aircraft_DATASET/detection/val/f16/ed9896631b8c6e51.jpg	/home/aobled/Downloads/Aircraft_DATASET/tmp_multi/F16/ed9896631b8c6e51.jpg
b266cc99cc9932e6	/home/aobled/Downloads/Aircraft_DATASET/detection/val/f16/b266cc99cc9932e6.jpg	/home/aobled/Downloads/Aircraft_DATASET/tmp_multi/F16/b266cc99cc9932e6.jpg
f8598d8712b2a676	/home/aobled/Downloads/Aircraft_DATASET/detection/val/f16/f8598d8712b2a676.jpg	/home/aobled/Downloads/Aircraft_DATASET/tmp_multi/F16/f8598d8712b2a676.jpg
cada972529dbc264	/home/aobled/Downloads/Aircraft_DATASET/detection/val/f16/cada972529dbc264.jpg	/home/aobled/Downloads/Aircraft_DATASET/tmp_multi/F16/cada972529dbc264.jpg
ad321fc2d2c392ad	/home/aobled/Downloads/Aircraft_DATASET/detection/val/f16/ad321fc2d2c392ad.jpg	/home/aobled/Downloads/Aircraft_DATASET/tmp_multi/F16/ad321fc2d2c392ad.jpg
835f4c89336bcc93	/home/aobled/Downloads/Aircraft_DATASET/detection/val/f16/835f4c89336bcc93.jpg	/home/aobled/Downloads/Aircraft_DATASET/tmp_multi/F16/835f4c89336bcc93.jpg
ac87f1f85c076368	/home/aobled/Downloads/Aircraft_DATASET/detection/val/f16/ac87f1f85c076368.jpg	/home/aobled/Downloads/Aircraft_DATASET/tmp_multi/F16/ac87f1f85c076368.jpg
cabaa62559dbaa06	/home/aobled/Downloads/Aircraft_DATASET/detection/val/f16/cabaa62559dbaa06.jpg	/home/aobled/Downloads/Aircraft_DATASET/tmp_multi/F16/cabaa62559dbaa06.jpg
f0191f2760599eb6	/home/aobled/Downloads/Aircraft_DATASET/detection/val/f16/f0191f2760599eb6.jpg	/home/aobled/Downloads/Aircraft_DATASET/tmp_multi/F16/f0191f2760599eb6.jpg
ed720fb265e80cb2	/home/aobled/Downloads/Aircraft_DATASET/detection/val/f16/ed720fb265e80cb2.jpg	/home/aobled/Downloads/Aircraft_DATASET/tmp_multi/F16/ed720fb265e80cb2.jpg
dad2a52d1bd2544d	/home/aobled/Downloads/Aircraft_DATASET/detection/val/f16/dad2a52d1bd2544d.jpg	/home/aobled/Downloads/Aircraft_DATASET/tmp_multi/F16/dad2a52d1bd2544d.jpg
ec82dcb77698e0e0	/home/aobled/Downloads/Aircraft_DATASET/detection/val/f16/ec82dcb77698e0e0.jpg	/home/aobled/Downloads/Aircraft_DATASET/tmp_multi/F16/ec82dcb77698e0e0.jpg
b5ec4a32751c9665	/home/aobled/Downloads/Aircraft_DATASET/detection/val/f16/b5ec4a32751c9665.jpg	/home/aobled/Downloads/Aircraft_DATASET/tmp_multi/F16/b5ec4a32751c9665.jpg
dc8c0a7c8e8b17ad	/home/aobled/Downloads/Aircraft_DATASET/detection/val/f16/dc8c0a7c8e8b17ad.jpg	/home/aobled/Downloads/Aircraft_DATASET/tmp_multi/F16/dc8c0a7c8e8b17ad.jpg
eb9b902469da862f	/home/aobled/Downloads/Aircraft_DATASET/detection/val/f16/eb9b902469da862f.jpg	/home/aobled/Downloads/Aircraft_DATASET/tmp_multi/F16/eb9b902469da862f.jpg
f3d78ca1160e7916	/home/aobled/Downloads/Aircraft_DATASET/detection/val/f16/f3d78ca1160e7916.jpg	/home/aobled/Downloads/Aircraft_DATASET/tmp_multi/F16/f3d78ca1160e7916.jpg
c6de80a5555fe2e0	/home/aobled/Downloads/Aircraft_DATASET/detection/val/f16/c6de80a5555fe2e0.jpg	/home/aobled/Downloads/Aircraft_DATASET/tmp_multi/F16/c6de80a5555fe2e0.jpg
a5cdc612954ab66d	/home/aobled/Downloads/Aircraft_DATASET/detection/val/f16/a5cdc612954ab66d.jpg	/home/aobled/Downloads/Aircraft_DATASET/tmp_multi/F16/a5cdc612954ab66d.jpg
bada94653b9a7405	/home/aobled/Downloads/Aircraft_DATASET/detection/val/f16/bada94653b9a7405.jpg	/home/aobled/Downloads/Aircraft_DATASET/tmp_multi/F16/bada94653b9a7405.jpg
ff8e40f11ecb3064	/home/aobled/Downloads/Aircraft_DATASET/detection/val/f16/ff8e40f11ecb3064.jpg	/home/aobled/Downloads/Aircraft_DATASET/tmp_multi/F16/ff8e40f11ecb3064.jpg
fd1e9061d2e54a96	/home/aobled/Downloads/Aircraft_DATASET/detection/val/f16/fd1e9061d2e54a96.jpg	/home/aobled/Downloads/Aircraft_DATASET/tmp_multi/F16/fd1e9061d2e54a96.jpg
a2268dd9736ccc39	/home/aobled/Downloads/Aircraft_DATASET/detection/val/f16/a2268dd9736ccc39.jpg	/home/aobled/Downloads/Aircraft_DATASET/tmp_multi/F16/a2268dd9736ccc39.jpg
908b8ffdd4422b2d	/home/aobled/Downloads/Aircraft_DATASET/detection/val/f16/908b8ffdd4422b2d.jpg	/home/aobled/Downloads/Aircraft_DATASET/tmp_multi/F16/908b8ffdd4422b2d.jpg
e4c79932cb19c66c	/home/aobled/Downloads/Aircraft_DATASET/detection/val/f16/e4c79932cb19c66c.jpg	/home/aobled/Downloads/Aircraft_DATASET/tmp_multi/F16/e4c79932cb19c66c.jpg
ae8ad1f57510642f	/home/aobled/Downloads/Aircraft_DATASET/detection/val/f16/ae8ad1f57510642f.jpg	/home/aobled/Downloads/Aircraft_DATASET/tmp_multi/F16/ae8ad1f57510642f.jpg
bc2d0746f9b91c52	/home/aobled/Downloads/Aircraft_DATASET/detection/val/f16/bc2d0746f9b91c52.jpg	/home/aobled/Downloads/Aircraft_DATASET/tmp_multi/F16/bc2d0746f9b91c52.jpg
ea9895636a9ac6e1	/home/aobled/Downloads/Aircraft_DATASET/detection/val/f16/ea9895636a9ac6e1.jpg	/home/aobled/Downloads/Aircraft_DATASET/tmp_multi/F16/ea9895636a9ac6e1.jpg
e84897b758b13792	/home/aobled/Downloads/Aircraft_DATASET/detection/val/f16/e84897b758b13792.jpg	/home/aobled/Downloads/Aircraft_DATASET/tmp_multi/F16/e84897b758b13792.jpg
c386b0f77f0d0ca2	/home/aobled/Downloads/Aircraft_DATASET/detection/val/f16/c386b0f77f0d0ca2.jpg	/home/aobled/Downloads/Aircraft_DATASET/tmp_multi/F16/c386b0f77f0d0ca2.jpg
ad16d2691cb6e3c1	/home/aobled/Downloads/Aircraft_DATASET/detection/val/f16/ad16d2691cb6e3c1.jpg	/home/aobled/Downloads/Aircraft_DATASET/tmp_multi/F16/ad16d2691cb6e3c1.jpg
b33c5c76a7969070	/home/aobled/Downloads/Aircraft_DATASET/detection/val/f16/b33c5c76a7969070.jpg	/home/aobled/Downloads/Aircraft_DATASET/tmp_multi/F16/b33c5c76a7969070.jpg
aa98d56529b95ad2	/home/aobled/Downloads/Aircraft_DATASET/detection/val/f16/aa98d56529b95ad2.jpg	/home/aobled/Downloads/Aircraft_DATASET/tmp_multi/F16/aa98d56529b95ad2.jpg
d6d8af645c9b8660	/home/aobled/Downloads/Aircraft_DATASET/detection/val/f16/d6d8af645c9b8660.jpg	/home/aobled/Downloads/Aircraft_DATASET/tmp_multi/F16/d6d8af645c9b8660.jpg
dcc35eb1468931ce	/home/aobled/Downloads/Aircraft_DATASET/detection/val/f16/dcc35eb1468931ce.jpg	/home/aobled/Downloads/Aircraft_DATASET/tmp_multi/F16/dcc35eb1468931ce.jpg
f4c4cf3b7102b41d	/home/aobled/Downloads/Aircraft_DATASET/detection/val/f16/f4c4cf3b7102b41d.jpg	/home/aobled/Downloads/Aircraft_DATASET/tmp_multi/F16/f4c4cf3b7102b41d.jpg
b5156963a58f94b4	/home/aobled/Downloads/Aircraft_DATASET/detection/val/f16/b5156963a58f94b4.jpg	/home/aobled/Downloads/Aircraft_DATASET/tmp_multi/F16/b5156963a58f94b4.jpg
93c3ec785007b3ce	/home/aobled/Downloads/Aircraft_DATASET/detection/val/f16/93c3ec785007b3ce.jpg	/home/aobled/Downloads/Aircraft_DATASET/tmp_multi/F16/93c3ec785007b3ce.jpg
a1c99e366589ea66	/home/aobled/Downloads/Aircraft_DATASET/detection/val/f16/a1c99e366589ea66.jpg	/home/aobled/Downloads/Aircraft_DATASET/tmp_multi/F16/a1c99e366589ea66.jpg
cc4dc7360dc93633	/home/aobled/Downloads/Aircraft_DATASET/detection/val/f16/cc4dc7360dc93633.jpg	/home/aobled/Downloads/Aircraft_DATASET/tmp_multi/F16/cc4dc7360dc93633.jpg
9208ccb69e8ea3bb	/home/aobled/Downloads/Aircraft_DATASET/detection/val/f16/9208ccb69e8ea3bb.jpg	/home/aobled/Downloads/Aircraft_DATASET/tmp_multi/F16/9208ccb69e8ea3bb.jpg
84631b1c6fd8463f	/home/aobled/Downloads/Aircraft_DATASET/detection/val/f16/84631b1c6fd8463f.jpg	/home/aobled/Downloads/Aircraft_DATASET/tmp_multi/F16/84631b1c6fd8463f.jpg
944f6b61c99ce269	/home/aobled/Downloads/Aircraft_DATASET/detection/val/f16/944f6b61c99ce269.jpg	/home/aobled/Downloads/Aircraft_DATASET/tmp_multi/F16/944f6b61c99ce269.jpg
859bd664031becd6	/home/aobled/Downloads/Aircraft_DATASET/detection/val/f16/859bd664031becd6.jpg	/home/aobled/Downloads/Aircraft_DATASET/tmp_multi/F16/859bd664031becd6.jpg
d647cdec5c988136	/home/aobled/Downloads/Aircraft_DATASET/detection/val/f16/d647cdec5c988136.jpg	/home/aobled/Downloads/Aircraft_DATASET/tmp_multi/F16/d647cdec5c988136.jpg
9691e9661699e96a	/home/aobled/Downloads/Aircraft_DATASET/detection/val/f16/9691e9661699e96a.jpg	/home/aobled/Downloads/Aircraft_DATASET/tmp_multi/F16/9691e9661699e96a.jpg
ebcb8332769ca509	/home/aobled/Downloads/Aircraft_DATASET/detection/val/f16/ebcb8332769ca509.jpg	/home/aobled/Downloads/Aircraft_DATASET/tmp_multi/F16/ebcb8332769ca509.jpg
c062ebb311d8ed3c	/home/aobled/Downloads/Aircraft_DATASET/detection/val/f16/c062ebb311d8ed3c.jpg	/home/aobled/Downloads/Aircraft_DATASET/tmp_multi/F16/c062ebb311d8ed3c.jpg
b3b2b2f546c64c0d	/home/aobled/Downloads/Aircraft_DATASET/detection/val/f16/b3b2b2f546c64c0d.jpg	/home/aobled/Downloads/Aircraft_DATASET/tmp_multi/F16/b3b2b2f546c64c0d.jpg
e49c9a33639e9c61	/home/aobled/Downloads/Aircraft_DATASET/detection/val/f16/e49c9a33639e9c61.jpg	/home/aobled/Downloads/Aircraft_DATASET/tmp_multi/F16/e49c9a33639e9c61.jpg
84c35309fe544fa7	/home/aobled/Downloads/Aircraft_DATASET/detection/val/f16/84c35309fe544fa7.jpg	/home/aobled/Downloads/Aircraft_DATASET/tmp_multi/F16/84c35309fe544fa7.jpg
e9891676e98d623a	/home/aobled/Downloads/Aircraft_DATASET/detection/val/f16/e9891676e98d623a.jpg	/home/aobled/Downloads/Aircraft_DATASET/tmp_multi/F16/e9891676e98d623a.jpg
c465edec94a5612d	/home/aobled/Downloads/Aircraft_DATASET/detection/val/f16/c465edec94a5612d.jpg	/home/aobled/Downloads/Aircraft_DATASET/tmp_multi/F16/c465edec94a5612d.jpg
d088cce73f5813b3	/home/aobled/Downloads/Aircraft_DATASET/detection/val/f16/d088cce73f5813b3.jpg	/home/aobled/Downloads/Aircraft_DATASET/tmp_multi/F16/d088cce73f5813b3.jpg
ef61988e4b78213b	/home/aobled/Downloads/Aircraft_DATASET/detection/val/f16/ef61988e4b78213b.jpg	/home/aobled/Downloads/Aircraft_DATASET/tmp_multi/F16/ef61988e4b78213b.jpg
99804e67719c6677	/home/aobled/Downloads/Aircraft_DATASET/detection/val/f16/99804e67719c6677.jpg	/home/aobled/Downloads/Aircraft_DATASET/tmp_multi/F16/99804e67719c6677.jpg
f0588faf97c0703c	/home/aobled/Downloads/Aircraft_DATASET/detection/val/f16/f0588faf97c0703c.jpg	/home/aobled/Downloads/Aircraft_DATASET/tmp_multi/F16/f0588faf97c0703c.jpg
e4442efad1872c79	/home/aobled/Downloads/Aircraft_DATASET/classification/train/a4/e4442efad1872c79.jpg	/home/aobled/Downloads/Aircraft_DATASET/tmp_multi/a4/e4442efad1872c79.jpg
a6998966dc99a94e	/home/aobled/Downloads/Aircraft_DATASET/classification/train/a4/a6998966dc99a94e.jpg	/home/aobled/Downloads/Aircraft_DATASET/tmp_multi/a4/a6998966dc99a94e.jpg
e896b1691631cd6b	/home/aobled/Downloads/Aircraft_DATASET/classification/train/a4/e896b1691631cd6b.jpg	/home/aobled/Downloads/Aircraft_DATASET/tmp_multi/a4/e896b1691631cd6b.jpg
9b8de24d0bb1acc5	/home/aobled/Downloads/Aircraft_DATASET/classification/train/a4/9b8de24d0bb1acc5.jpg	/home/aobled/Downloads/Aircraft_DATASET/tmp_multi/a4/9b8de24d0bb1acc5.jpg
e69947e609967562	/home/aobled/Downloads/Aircraft_DATASET/classification/train/a4/e69947e609967562.jpg	/home/aobled/Downloads/Aircraft_DATASET/tmp_multi/a4/e69947e609967562.jpg
b69c89627a9db14a	/home/aobled/Downloads/Aircraft_DATASET/classification/train/a4/b69c89627a9db14a.jpg	/home/aobled/Downloads/Aircraft_DATASET/tmp_multi/a4/b69c89627a9db14a.jpg
ac41533ecfc330dc	/home/aobled/Downloads/Aircraft_DATASET/classification/train/a4/ac41533ecfc330dc.jpg	/home/aobled/Downloads/Aircraft_DATASET/tmp_multi/a4/ac41533ecfc330dc.jpg
eed51235cb4130be	/home/aobled/Downloads/Aircraft_DATASET/classification/train/a4/eed51235cb4130be.jpg	/home/aobled/Downloads/Aircraft_DATASET/tmp_multi/a4/eed51235cb4130be.jpg
f292a872d3e92c6a	/home/aobled/Downloads/Aircraft_DATASET/classification/train/a4/f292a872d3e92c6a.jpg	/home/aobled/Downloads/Aircraft_DATASET/tmp_multi/a4/f292a872d3e92c6a.jpg
a499ef6610d9ee84	/home/aobled/Downloads/Aircraft_DATASET/classification/train/a4/a499ef6610d9ee84.jpg	/home/aobled/Downloads/Aircraft_DATASET/tmp_multi/a4/a499ef6610d9ee84.jpg
8fc8f0374ec83b91	/home/aobled/Downloads/Aircraft_DATASET/classification/train/a4/8fc8f0374ec83b91.jpg	/home/aobled/Downloads/Aircraft_DATASET/tmp_multi/a4/8fc8f0374ec83b91.jpg
8525ee5ad2960d6d	/home/aobled/Downloads/Aircraft_DATASET/classification/train/a4/8525ee5ad2960d6d.jpg	/home/aobled/Downloads/Aircraft_DATASET/tmp_multi/a4/8525ee5ad2960d6d.jpg
a187eef8df242903	/home/aobled/Downloads/Aircraft_DATASET/classification/train/a4/a187eef8df242903.jpg	/home/aobled/Downloads/Aircraft_DATASET/tmp_multi/a4/a187eef8df242903.jpg
d0faaf4c11f24e0d	/home/aobled/Downloads/Aircraft_DATASET/classification/train/a4/d0faaf4c11f24e0d.jpg	/home/aobled/Downloads/Aircraft_DATASET/tmp_multi/a4/d0faaf4c11f24e0d.jpg
a699c96792966d49	/home/aobled/Downloads/Aircraft_DATASET/classification/train/a4/a699c96792966d49.jpg	/home/aobled/Downloads/Aircraft_DATASET/tmp_multi/a4/a699c96792966d49.jpg
e2958d689e5f4781	/home/aobled/Downloads/Aircraft_DATASET/classification/train/a4/e2958d689e5f4781.jpg	/home/aobled/Downloads/Aircraft_DATASET/tmp_multi/a4/e2958d689e5f4781.jpg
85b57adac1850e6d	/home/aobled/Downloads/Aircraft_DATASET/classification/train/a4/85b57adac1850e6d.jpg	/home/aobled/Downloads/Aircraft_DATASET/tmp_multi/a4/85b57adac1850e6d.jpg
c0973f19e05e54b9	/home/aobled/Downloads/Aircraft_DATASET/classification/train/a4/c0973f19e05e54b9.jpg	/home/aobled/Downloads/Aircraft_DATASET/tmp_multi/a4/c0973f19e05e54b9.jpg
a759e82653442d3f	/home/aobled/Downloads/Aircraft_DATASET/classification/train/a4/a759e82653442d3f.jpg	/home/aobled/Downloads/Aircraft_DATASET/tmp_multi/a4/a759e82653442d3f.jpg
891ba6a19b9fd644	/home/aobled/Downloads/Aircraft_DATASET/classification/train/a4/891ba6a19b9fd644.jpg	/home/aobled/Downloads/Aircraft_DATASET/tmp_multi/a4/891ba6a19b9fd644.jpg
e6d9b92cc3f20469	/home/aobled/Downloads/Aircraft_DATASET/classification/train/a4/e6d9b92cc3f20469.jpg	/home/aobled/Downloads/Aircraft_DATASET/tmp_multi/a4/e6d9b92cc3f20469.jpg
81c96e6cd0932fec	/home/aobled/Downloads/Aircraft_DATASET/classification/train/a4/81c96e6cd0932fec.jpg	/home/aobled/Downloads/Aircraft_DATASET/tmp_multi/a4/81c96e6cd0932fec.jpg
92062d39cfceb94c	/home/aobled/Downloads/Aircraft_DATASET/classification/train/a4/92062d39cfceb94c.jpg	/home/aobled/Downloads/Aircraft_DATASET/tmp_multi/a4/92062d39cfceb94c.jpg
f69989663499436e	/home/aobled/Downloads/Aircraft_DATASET/classification/train/a4/f69989663499436e.jpg	/home/aobled/Downloads/Aircraft_DATASET/tmp_multi/a4/f69989663499436e.jpg
85adeacac1b43639	/home/aobled/Downloads/Aircraft_DATASET/classification/train/a4/85adeacac1b43639.jpg	/home/aobled/Downloads/Aircraft_DATASET/tmp_multi/a4/85adeacac1b43639.jpg
d1c17e3a82a079ed	/home/aobled/Downloads/Aircraft_DATASET/classification/train/a4/d1c17e3a82a079ed.jpg	/home/aobled/Downloads/Aircraft_DATASET/tmp_multi/a4/d1c17e3a82a079ed.jpg
b3de866958876b48	/home/aobled/Downloads/Aircraft_DATASET/classification/train/a4/b3de866958876b48.jpg	/home/aobled/Downloads/Aircraft_DATASET/tmp_multi/a4/b3de866958876b48.jpg
84ad2d661a9725bd	/home/aobled/Downloads/Aircraft_DATASET/classification/train/a4/84ad2d661a9725bd.jpg	/home/aobled/Downloads/Aircraft_DATASET/tmp_multi/a4/84ad2d661a9725bd.jpg
f98e8779368d4826	/home/aobled/Downloads/Aircraft_DATASET/classification/train/a4/f98e8779368d4826.jpg	/home/aobled/Downloads/Aircraft_DATASET/tmp_multi/a4/f98e8779368d4826.jpg
fa1b85644b9bf0c1	/home/aobled/Downloads/Aircraft_DATASET/classification/train/a4/fa1b85644b9bf0c1.jpg	/home/aobled/Downloads/Aircraft_DATASET/tmp_multi/a4/fa1b85644b9bf0c1.jpg
a6d899235ad6e689	/home/aobled/Downloads/Aircraft_DATASET/classification/train/a4/a6d899235ad6e689.jpg	/home/aobled/Downloads/Aircraft_DATASET/tmp_multi/a4/a6d899235ad6e689.jpg
f6d889647a9ab161	/home/aobled/Downloads/Aircraft_DATASET/classification/train/a4/f6d889647a9ab161.jpg	/home/aobled/Downloads/Aircraft_DATASET/tmp_multi/a4/f6d889647a9ab161.jpg
c69b89665a9b255a	/home/aobled/Downloads/Aircraft_DATASET/classification/train/a4/c69b89665a9b255a.jpg	/home/aobled/Downloads/Aircraft_DATASET/tmp_multi/a4/c69b89665a9b255a.jpg
de1ed8e240d1b60f	/home/aobled/Downloads/Aircraft_DATASET/classification/train/a4/de1ed8e240d1b60f.jpg	/home/aobled/Downloads/Aircraft_DATASET/tmp_multi/a4/de1ed8e240d1b60f.jpg
a51d9a6a6d973249	/home/aobled/Downloads/Aircraft_DATASET/classification/train/a4/a51d9a6a6d973249.jpg	/home/aobled/Downloads/Aircraft_DATASET/tmp_multi/a4/a51d9a6a6d973249.jpg
a4998f665291ecae	/home/aobled/Downloads/Aircraft_DATASET/classification/train/a4/a4998f665291ecae.jpg	/home/aobled/Downloads/Aircraft_DATASET/tmp_multi/a4/a4998f665291ecae.jpg
d25985663b91e47a	/home/aobled/Downloads/Aircraft_DATASET/classification/train/a4/d25985663b91e47a.jpg	/home/aobled/Downloads/Aircraft_DATASET/tmp_multi/a4/d25985663b91e47a.jpg
de096536d8c1678d	/home/aobled/Downloads/Aircraft_DATASET/classification/train/a4/de096536d8c1678d.jpg	/home/aobled/Downloads/Aircraft_DATASET/tmp_multi/a4/de096536d8c1678d.jpg
f6b2195dad00d738	/home/aobled/Downloads/Aircraft_DATASET/classification/train/a4/f6b2195dad00d738.jpg	/home/aobled/Downloads/Aircraft_DATASET/tmp_multi/a4/f6b2195dad00d738.jpg
ecd2936c46e98c53	/home/aobled/Downloads/Aircraft_DATASET/classification/train/a4/ecd2936c46e98c53.jpg	/home/aobled/Downloads/Aircraft_DATASET/tmp_multi/a4/ecd2936c46e98c53.jpg
eea63149ee18d463	/home/aobled/Downloads/Aircraft_DATASET/classification/train/a4/eea63149ee18d463.jpg	/home/aobled/Downloads/Aircraft_DATASET/tmp_multi/a4/eea63149ee18d463.jpg
a12cae97d7d17054	/home/aobled/Downloads/Aircraft_DATASET/classification/train/a4/a12cae97d7d17054.jpg	/home/aobled/Downloads/Aircraft_DATASET/tmp_multi/a4/a12cae97d7d17054.jpg
e44c9b33684ce4db	/home/aobled/Downloads/Aircraft_DATASET/classification/train/a4/e44c9b33684ce4db.jpg	/home/aobled/Downloads/Aircraft_DATASET/tmp_multi/a4/e44c9b33684ce4db.jpg
e78cb1730c8c7359	/home/aobled/Downloads/Aircraft_DATASET/classification/train/a4/e78cb1730c8c7359.jpg	/home/aobled/Downloads/Aircraft_DATASET/tmp_multi/a4/e78cb1730c8c7359.jpg
a69d99636a94b4c9	/home/aobled/Downloads/Aircraft_DATASET/classification/train/a4/a69d99636a94b4c9.jpg	/home/aobled/Downloads/Aircraft_DATASET/tmp_multi/a4/a69d99636a94b4c9.jpg
fa5c856b1a96c564	/home/aobled/Downloads/Aircraft_DATASET/classification/train/a4/fa5c856b1a96c564.jpg	/home/aobled/Downloads/Aircraft_DATASET/tmp_multi/a4/fa5c856b1a96c564.jpg
f29d8d62729d1349	/home/aobled/Downloads/Aircraft_DATASET/classification/train/a4/f29d8d62729d1349.jpg	/home/aobled/Downloads/Aircraft_DATASET/tmp_multi/a4/f29d8d62729d1349.jpg
b04e8f3bcdc038ce	/home/aobled/Downloads/Aircraft_DATASET/classification/train/a4/b04e8f3bcdc038ce.jpg	/home/aobled/Downloads/Aircraft_DATASET/tmp_multi/a4/b04e8f3bcdc038ce.jpg
b18e6e3150963de9	/home/aobled/Downloads/Aircraft_DATASET/classification/train/a4/b18e6e3150963de9.jpg	/home/aobled/Downloads/Aircraft_DATASET/tmp_multi/a4/b18e6e3150963de9.jpg
81ce6c71822fdde2	/home/aobled/Downloads/Aircraft_DATASET/classification/train/a4/81ce6c71822fdde2.jpg	/home/aobled/Downloads/Aircraft_DATASET/tmp_multi/a4/81ce6c71822fdde2.jpg
941cf7079823e5ad	/home/aobled/Downloads/Aircraft_DATASET/classification/train/a4/941cf7079823e5ad.jpg	/home/aobled/Downloads/Aircraft_DATASET/tmp_multi/a4/941cf7079823e5ad.jpg
93283de6d9463936	/home/aobled/Downloads/Aircraft_DATASET/classification/train/a4/93283de6d9463936.jpg	/home/aobled/Downloads/Aircraft_DATASET/tmp_multi/a4/93283de6d9463936.jpg
f51e0a63dea4298b	/home/aobled/Downloads/Aircraft_DATASET/classification/train/a4/f51e0a63dea4298b.jpg	/home/aobled/Downloads/Aircraft_DATASET/tmp_multi/a4/f51e0a63dea4298b.jpg
c3c2383c97d1736a	/home/aobled/Downloads/Aircraft_DATASET/classification/train/a4/c3c2383c97d1736a.jpg	/home/aobled/Downloads/Aircraft_DATASET/tmp_multi/a4/c3c2383c97d1736a.jpg
8197ee4c90e10f7e	/home/aobled/Downloads/Aircraft_DATASET/classification/train/a4/8197ee4c90e10f7e.jpg	/home/aobled/Downloads/Aircraft_DATASET/tmp_multi/a4/8197ee4c90e10f7e.jpg
a4991b625695ad6d	/home/aobled/Downloads/Aircraft_DATASET/classification/train/a4/a4991b625695ad6d.jpg	/home/aobled/Downloads/Aircraft_DATASET/tmp_multi/a4/a4991b625695ad6d.jpg
f2998d667098856f	/home/aobled/Downloads/Aircraft_DATASET/classification/train/a4/f2998d667098856f.jpg	/home/aobled/Downloads/Aircraft_DATASET/tmp_multi/a4/f2998d667098856f.jpg
f6d889237a98c54d	/home/aobled/Downloads/Aircraft_DATASET/classification/train/a4/f6d889237a98c54d.jpg	/home/aobled/Downloads/Aircraft_DATASET/tmp_multi/a4/f6d889237a98c54d.jpg
972469d9c2be34e4	/home/aobled/Downloads/Aircraft_DATASET/classification/train/a4/972469d9c2be34e4.jpg	/home/aobled/Downloads/Aircraft_DATASET/tmp_multi/a4/972469d9c2be34e4.jpg
b8b48f72dcb46948	/home/aobled/Downloads/Aircraft_DATASET/classification/train/a4/b8b48f72dcb46948.jpg	/home/aobled/Downloads/Aircraft_DATASET/tmp_multi/a4/b8b48f72dcb46948.jpg
c8a71469bad62d78	/home/aobled/Downloads/Aircraft_DATASET/classification/train/a4/c8a71469bad62d78.jpg	/home/aobled/Downloads/Aircraft_DATASET/tmp_multi/a4/c8a71469bad62d78.jpg
c61b7824cfbb8169	/home/aobled/Downloads/Aircraft_DATASET/classification/train/a4/c61b7824cfbb8169.jpg	/home/aobled/Downloads/Aircraft_DATASET/tmp_multi/a4/c61b7824cfbb8169.jpg
a4a97b54d4ab2b46	/home/aobled/Downloads/Aircraft_DATASET/classification/train/a4/a4a97b54d4ab2b46.jpg	/home/aobled/Downloads/Aircraft_DATASET/tmp_multi/a4/a4a97b54d4ab2b46.jpg
a3f3991d4bc0b42d	/home/aobled/Downloads/Aircraft_DATASET/classification/train/c130/a3f3991d4bc0b42d.jpg	/home/aobled/Downloads/Aircraft_DATASET/tmp_multi/C130/a3f3991d4bc0b42d.jpg
e67299c88687e978	/home/aobled/Downloads/Aircraft_DATASET/classification/train/c130/e67299c88687e978.jpg	/home/aobled/Downloads/Aircraft_DATASET/tmp_multi/C130/e67299c88687e978.jpg
e6e399ae96907858	/home/aobled/Downloads/Aircraft_DATASET/classification/train/c130/e6e399ae96907858.jpg	/home/aobled/Downloads/Aircraft_DATASET/tmp_multi/C130/e6e399ae96907858.jpg
dcd32a2b2d25332e	/home/aobled/Downloads/Aircraft_DATASET/classification/train/c130/dcd32a2b2d25332e.jpg	/home/aobled/Downloads/Aircraft_DATASET/tmp_multi/C130/dcd32a2b2d25332e.jpg
bfc8c033c7c83837	/home/aobled/Downloads/Aircraft_DATASET/classification/train/flanker/bfc8c033c7c83837.jpg	/home/aobled/Downloads/Aircraft_DATASET/tmp_multi/Sukhoi/bfc8c033c7c83837.jpg
9393ecdc562e2931	/home/aobled/Downloads/Aircraft_DATASET/classification/train/flanker/9393ecdc562e2931.jpg	/home/aobled/Downloads/Aircraft_DATASET/tmp_multi/Sukhoi/9393ecdc562e2931.jpg
a1dc1ccaa55bb54c	/home/aobled/Downloads/Aircraft_DATASET/classification/train/flanker/a1dc1ccaa55bb54c.jpg	/home/aobled/Downloads/Aircraft_DATASET/tmp_multi/Sukhoi/a1dc1ccaa55bb54c.jpg
d0874eb972ce49b1	/home/aobled/Downloads/Aircraft_DATASET/classification/train/flanker/d0874eb972ce49b1.jpg	/home/aobled/Downloads/Aircraft_DATASET/tmp_multi/Sukhoi/d0874eb972ce49b1.jpg
b0ec47b36c4f9330	/home/aobled/Downloads/Aircraft_DATASET/classification/train/flanker/b0ec47b36c4f9330.jpg	/home/aobled/Downloads/Aircraft_DATASET/tmp_multi/Sukhoi/b0ec47b36c4f9330.jpg
d18f0a6b759d8a62	/home/aobled/Downloads/Aircraft_DATASET/classification/train/flanker/d18f0a6b759d8a62.jpg	/home/aobled/Downloads/Aircraft_DATASET/tmp_multi/Sukhoi/d18f0a6b759d8a62.jpg
c6b5e91a01e6957a	/home/aobled/Downloads/Aircraft_DATASET/classification/train/flanker/c6b5e91a01e6957a.jpg	/home/aobled/Downloads/Aircraft_DATASET/tmp_multi/Sukhoi/c6b5e91a01e6957a.jpg
d13565e3b2986c66	/home/aobled/Downloads/Aircraft_DATASET/classification/train/flanker/d13565e3b2986c66.jpg	/home/aobled/Downloads/Aircraft_DATASET/tmp_multi/Sukhoi/d13565e3b2986c66.jpg
8daadad105cf6a2a	/home/aobled/Downloads/Aircraft_DATASET/classification/train/flanker/8daadad105cf6a2a.jpg	/home/aobled/Downloads/Aircraft_DATASET/tmp_multi/Sukhoi/8daadad105cf6a2a.jpg
9383e8dc543f2a33	/home/aobled/Downloads/Aircraft_DATASET/classification/train/flanker/9383e8dc543f2a33.jpg	/home/aobled/Downloads/Aircraft_DATASET/tmp_multi/Sukhoi/9383e8dc543f2a33.jpg
dde6003fc0608bbf	/home/aobled/Downloads/Aircraft_DATASET/classification/train/flanker/dde6003fc0608bbf.jpg	/home/aobled/Downloads/Aircraft_DATASET/tmp_multi/Sukhoi/dde6003fc0608bbf.jpg
828bf5731a9d0d66	/home/aobled/Downloads/Aircraft_DATASET/classification/train/flanker/828bf5731a9d0d66.jpg	/home/aobled/Downloads/Aircraft_DATASET/tmp_multi/Sukhoi/828bf5731a9d0d66.jpg
94fec220351edeb4	/home/aobled/Downloads/Aircraft_DATASET/classification/train/flanker/94fec220351edeb4.jpg	/home/aobled/Downloads/Aircraft_DATASET/tmp_multi/Sukhoi/94fec220351edeb4.jpg
e3c614676b981477	/home/aobled/Downloads/Aircraft_DATASET/classification/train/flanker/e3c614676b981477.jpg	/home/aobled/Downloads/Aircraft_DATASET/tmp_multi/Sukhoi/e3c614676b981477.jpg
82bd7d4282bd7d42	/home/aobled/Downloads/Aircraft_DATASET/classification/train/flanker/82bd7d4282bd7d42.jpg	/home/aobled/Downloads/Aircraft_DATASET/tmp_multi/Sukhoi/82bd7d4282bd7d42.jpg
c7d0984767982d67	/home/aobled/Downloads/Aircraft_DATASET/classification/train/flanker/c7d0984767982d67.jpg	/home/aobled/Downloads/Aircraft_DATASET/tmp_multi/Sukhoi/c7d0984767982d67.jpg
e1dc472bd45ea0d1	/home/aobled/Downloads/Aircraft_DATASET/classification/train/flanker/e1dc472bd45ea0d1.jpg	/home/aobled/Downloads/Aircraft_DATASET/tmp_multi/Sukhoi/e1dc472bd45ea0d1.jpg
d1a44fb831c64eb9	/home/aobled/Downloads/Aircraft_DATASET/classification/train/flanker/d1a44fb831c64eb9.jpg	/home/aobled/Downloads/Aircraft_DATASET/tmp_multi/Sukhoi/d1a44fb831c64eb9.jpg
d2cdad1242eded12	/home/aobled/Downloads/Aircraft_DATASET/classification/train/flanker/d2cdad1242eded12.jpg	/home/aobled/Downloads/Aircraft_DATASET/tmp_multi/Sukhoi/d2cdad1242eded12.jpg
dbdbf9e084963421	/home/aobled/Downloads/Aircraft_DATASET/classification/train/flanker/dbdbf9e084963421.jpg	/home/aobled/Downloads/Aircraft_DATASET/tmp_multi/Sukhoi/dbdbf9e084963421.jpg
bacfc01f3a91461e	/home/aobled/Downloads/Aircraft_DATASET/classification/train/flanker/bacfc01f3a91461e.jpg	/home/aobled/Downloads/Aircraft_DATASET/tmp_multi/Sukhoi/bacfc01f3a91461e.jpg
e0ee18d7246b9b92	/home/aobled/Downloads/Aircraft_DATASET/classification/train/flanker/e0ee18d7246b9b92.jpg	/home/aobled/Downloads/Aircraft_DATASET/tmp_multi/Sukhoi/e0ee18d7246b9b92.jpg
e2d39924c6ca39a7	/home/aobled/Downloads/Aircraft_DATASET/classification/train/flanker/e2d39924c6ca39a7.jpg	/home/aobled/Downloads/Aircraft_DATASET/tmp_multi/Sukhoi/e2d39924c6ca39a7.jpg
9aea4335bde0067a	/home/aobled/Downloads/Aircraft_DATASET/classification/train/flanker/9aea4335bde0067a.jpg	/home/aobled/Downloads/Aircraft_DATASET/tmp_multi/Sukhoi/9aea4335bde0067a.jpg
95beca00311edfb4	/home/aobled/Downloads/Aircraft_DATASET/classification/train/flanker/95beca00311edfb4.jpg	/home/aobled/Downloads/Aircraft_DATASET/tmp_multi/Sukhoi/95beca00311edfb4.jpg
8581daf6248d7a7a	/home/aobled/Downloads/Aircraft_DATASET/classification/train/flanker/8581daf6248d7a7a.jpg	/home/aobled/Downloads/Aircraft_DATASET/tmp_multi/Sukhoi/8581daf6248d7a7a.jpg
a4e68b4934b68b5d	/home/aobled/Downloads/Aircraft_DATASET/classification/train/flanker/a4e68b4934b68b5d.jpg	/home/aobled/Downloads/Aircraft_DATASET/tmp_multi/Sukhoi/a4e68b4934b68b5d.jpg
c595b86a0b85d5f4	/home/aobled/Downloads/Aircraft_DATASET/classification/train/flanker/c595b86a0b85d5f4.jpg	/home/aobled/Downloads/Aircraft_DATASET/tmp_multi/Sukhoi/c595b86a0b85d5f4.jpg
85f8076c1bdb26c3	/home/aobled/Downloads/Aircraft_DATASET/classification/train/flanker/85f8076c1bdb26c3.jpg	/home/aobled/Downloads/Aircraft_DATASET/tmp_multi/Sukhoi/85f8076c1bdb26c3.jpg
86a6e9791406af79	/home/aobled/Downloads/Aircraft_DATASET/classification/train/flanker/86a6e9791406af79.jpg	/home/aobled/Downloads/Aircraft_DATASET/tmp_multi/Sukhoi/86a6e9791406af79.jpg
878bf874068b71f4	/home/aobled/Downloads/Aircraft_DATASET/classification/train/flanker/878bf874068b71f4.jpg	/home/aobled/Downloads/Aircraft_DATASET/tmp_multi/Sukhoi/878bf874068b71f4.jpg
c2954ab13b4c4ff1	/home/aobled/Downloads/Aircraft_DATASET/classification/train/flanker/c2954ab13b4c4ff1.jpg	/home/aobled/Downloads/Aircraft_DATASET/tmp_multi/Sukhoi/c2954ab13b4c4ff1.jpg
d2cfa93052cde9b0	/home/aobled/Downloads/Aircraft_DATASET/classification/train/flanker/d2cfa93052cde9b0.jpg	/home/aobled/Downloads/Aircraft_DATASET/tmp_multi/Sukhoi/d2cfa93052cde9b0.jpg
90376d67b2b14965	/home/aobled/Downloads/Aircraft_DATASET/classification/train/flanker/90376d67b2b14965.jpg	/home/aobled/Downloads/Aircraft_DATASET/tmp_multi/Sukhoi/90376d67b2b14965.jpg
ce4e14e5d1126aaf	/home/aobled/Downloads/Aircraft_DATASET/classification/train/flanker/ce4e14e5d1126aaf.jpg	/home/aobled/Downloads/Aircraft_DATASET/tmp_multi/Sukhoi/ce4e14e5d1126aaf.jpg
d42a352e2f5ba934	/home/aobled/Downloads/Aircraft_DATASET/classification/train/flanker/d42a352e2f5ba934.jpg	/home/aobled/Downloads/Aircraft_DATASET/tmp_multi/Sukhoi/d42a352e2f5ba934.jpg
c58fb870558f6b30	/home/aobled/Downloads/Aircraft_DATASET/classification/train/flanker/c58fb870558f6b30.jpg	/home/aobled/Downloads/Aircraft_DATASET/tmp_multi/Sukhoi/c58fb870558f6b30.jpg
d9c9e7a616163478	/home/aobled/Downloads/Aircraft_DATASET/classification/train/flanker/d9c9e7a616163478.jpg	/home/aobled/Downloads/Aircraft_DATASET/tmp_multi/Sukhoi/d9c9e7a616163478.jpg
d681ae2552f66a8d	/home/aobled/Downloads/Aircraft_DATASET/classification/train/flanker/d681ae2552f66a8d.jpg	/home/aobled/Downloads/Aircraft_DATASET/tmp_multi/Sukhoi/d681ae2552f66a8d.jpg
8299f5731a8de562	/home/aobled/Downloads/Aircraft_DATASET/classification/train/flanker/8299f5731a8de562.jpg	/home/aobled/Downloads/Aircraft_DATASET/tmp_multi/Sukhoi/8299f5731a8de562.jpg
bc835b32a44d3bb2	/home/aobled/Downloads/Aircraft_DATASET/classification/train/flanker/bc835b32a44d3bb2.jpg	/home/aobled/Downloads/Aircraft_DATASET/tmp_multi/Sukhoi/bc835b32a44d3bb2.jpg
fcf4a6820a5afa38	/home/aobled/Downloads/Aircraft_DATASET/classification/train/flanker/fcf4a6820a5afa38.jpg	/home/aobled/Downloads/Aircraft_DATASET/tmp_multi/Sukhoi/fcf4a6820a5afa38.jpg
c9c8f8b787173434	/home/aobled/Downloads/Aircraft_DATASET/classification/train/flanker/c9c8f8b787173434.jpg	/home/aobled/Downloads/Aircraft_DATASET/tmp_multi/Sukhoi/c9c8f8b787173434.jpg
c4d99e0b64d89f26	/home/aobled/Downloads/Aircraft_DATASET/classification/train/flanker/c4d99e0b64d89f26.jpg	/home/aobled/Downloads/Aircraft_DATASET/tmp_multi/Sukhoi/c4d99e0b64d89f26.jpg
d49269a596d823ed	/home/aobled/Downloads/Aircraft_DATASET/classification/train/flanker/d49269a596d823ed.jpg	/home/aobled/Downloads/Aircraft_DATASET/tmp_multi/Sukhoi/d49269a596d823ed.jpg
d1a74c83334e8cf9	/home/aobled/Downloads/Aircraft_DATASET/classification/train/flanker/d1a74c83334e8cf9.jpg	/home/aobled/Downloads/Aircraft_DATASET/tmp_multi/Sukhoi/d1a74c83334e8cf9.jpg
c496f3e14c1063ef	/home/aobled/Downloads/Aircraft_DATASET/classification/train/flanker/c496f3e14c1063ef.jpg	/home/aobled/Downloads/Aircraft_DATASET/tmp_multi/Sukhoi/c496f3e14c1063ef.jpg
949279698796ea63	/home/aobled/Downloads/Aircraft_DATASET/classification/train/flanker/949279698796ea63.jpg	/home/aobled/Downloads/Aircraft_DATASET/tmp_multi/Sukhoi/949279698796ea63.jpg
f8c78730cc8f334c	/home/aobled/Downloads/Aircraft_DATASET/classification/train/flanker/f8c78730cc8f334c.jpg	/home/aobled/Downloads/Aircraft_DATASET/tmp_multi/Sukhoi/f8c78730cc8f334c.jpg
948da9325a4f65f1	/home/aobled/Downloads/Aircraft_DATASET/classification/train/flanker/948da9325a4f65f1.jpg	/home/aobled/Downloads/Aircraft_DATASET/tmp_multi/Sukhoi/948da9325a4f65f1.jpg
b0b2cfcb3070ce8d	/home/aobled/Downloads/Aircraft_DATASET/classification/train/flanker/b0b2cfcb3070ce8d.jpg	/home/aobled/Downloads/Aircraft_DATASET/tmp_multi/Sukhoi/b0b2cfcb3070ce8d.jpg
d49e69a58eda2325	/home/aobled/Downloads/Aircraft_DATASET/classification/train/flanker/d49e69a58eda2325.jpg	/home/aobled/Downloads/Aircraft_DATASET/tmp_multi/Sukhoi/d49e69a58eda2325.jpg
d6daa83556cae825	/home/aobled/Downloads/Aircraft_DATASET/classification/train/flanker/d6daa83556cae825.jpg	/home/aobled/Downloads/Aircraft_DATASET/tmp_multi/Sukhoi/d6daa83556cae825.jpg
a5a5dada45c57829	/home/aobled/Downloads/Aircraft_DATASET/classification/train/flanker/a5a5dada45c57829.jpg	/home/aobled/Downloads/Aircraft_DATASET/tmp_multi/Sukhoi/a5a5dada45c57829.jpg
c49999666498ce77	/home/aobled/Downloads/Aircraft_DATASET/classification/train/flanker/c49999666498ce77.jpg	/home/aobled/Downloads/Aircraft_DATASET/tmp_multi/Sukhoi/c49999666498ce77.jpg
c5d2522dee32996c	/home/aobled/Downloads/Aircraft_DATASET/classification/train/flanker/c5d2522dee32996c.jpg	/home/aobled/Downloads/Aircraft_DATASET/tmp_multi/Sukhoi/c5d2522dee32996c.jpg
c19c4c9b73cc8c73	/home/aobled/Downloads/Aircraft_DATASET/classification/train/flanker/c19c4c9b73cc8c73.jpg	/home/aobled/Downloads/Aircraft_DATASET/tmp_multi/Sukhoi/c19c4c9b73cc8c73.jpg
93e5e8721685e972	/home/aobled/Downloads/Aircraft_DATASET/classification/train/flanker/93e5e8721685e972.jpg	/home/aobled/Downloads/Aircraft_DATASET/tmp_multi/Sukhoi/93e5e8721685e972.jpg
94b0e86f17967839	/home/aobled/Downloads/Aircraft_DATASET/classification/train/flanker/94b0e86f17967839.jpg	/home/aobled/Downloads/Aircraft_DATASET/tmp_multi/Sukhoi/94b0e86f17967839.jpg
c4899b677c986467	/home/aobled/Downloads/Aircraft_DATASET/classification/train/flanker/c4899b677c986467.jpg	/home/aobled/Downloads/Aircraft_DATASET/tmp_multi/Sukhoi/c4899b677c986467.jpg
d18e4f3833ce1933	/home/aobled/Downloads/Aircraft_DATASET/classification/train/flanker/d18e4f3833ce1933.jpg	/home/aobled/Downloads/Aircraft_DATASET/tmp_multi/Sukhoi/d18e4f3833ce1933.jpg
bec2813d6ecb31a4	/home/aobled/Downloads/Aircraft_DATASET/classification/train/flanker/bec2813d6ecb31a4.jpg	/home/aobled/Downloads/Aircraft_DATASET/tmp_multi/Sukhoi/bec2813d6ecb31a4.jpg
96d259ed47929a23	/home/aobled/Downloads/Aircraft_DATASET/classification/train/flanker/96d259ed47929a23.jpg	/home/aobled/Downloads/Aircraft_DATASET/tmp_multi/Sukhoi/96d259ed47929a23.jpg
bcc6c3392ccf9330	/home/aobled/Downloads/Aircraft_DATASET/classification/train/flanker/bcc6c3392ccf9330.jpg	/home/aobled/Downloads/Aircraft_DATASET/tmp_multi/Sukhoi/bcc6c3392ccf9330.jpg
c5981a6667992bec	/home/aobled/Downloads/Aircraft_DATASET/classification/train/flanker/c5981a6667992bec.jpg	/home/aobled/Downloads/Aircraft_DATASET/tmp_multi/Sukhoi/c5981a6667992bec.jpg
9595eaeb07d45078	/home/aobled/Downloads/Aircraft_DATASET/classification/train/flanker/9595eaeb07d45078.jpg	/home/aobled/Downloads/Aircraft_DATASET/tmp_multi/Sukhoi/9595eaeb07d45078.jpg
c0cc5d33e09e8d73	/home/aobled/Downloads/Aircraft_DATASET/classification/train/flanker/c0cc5d33e09e8d73.jpg	/home/aobled/Downloads/Aircraft_DATASET/tmp_multi/Sukhoi/c0cc5d33e09e8d73.jpg
db224f98c6b1cc93	/home/aobled/Downloads/Aircraft_DATASET/classification/train/flanker/db224f98c6b1cc93.jpg	/home/aobled/Downloads/Aircraft_DATASET/tmp_multi/Sukhoi/db224f98c6b1cc93.jpg
a7e6c85935a6c259	/home/aobled/Downloads/Aircraft_DATASET/classification/train/flanker/a7e6c85935a6c259.jpg	/home/aobled/Downloads/Aircraft_DATASET/tmp_multi/Sukhoi/a7e6c85935a6c259.jpg
94abfb5480ea7591	/home/aobled/Downloads/Aircraft_DATASET/classification/train/flanker/94abfb5480ea7591.jpg	/home/aobled/Downloads/Aircraft_DATASET/tmp_multi/Sukhoi/94abfb5480ea7591.jpg
f88d8b30b5ca4bb2	/home/aobled/Downloads/Aircraft_DATASET/classification/train/flanker/f88d8b30b5ca4bb2.jpg	/home/aobled/Downloads/Aircraft_DATASET/tmp_multi/Sukhoi/f88d8b30b5ca4bb2.jpg
bcc2c33d6cc71970	/home/aobled/Downloads/Aircraft_DATASET/classification/train/flanker/bcc2c33d6cc71970.jpg	/home/aobled/Downloads/Aircraft_DATASET/tmp_multi/Sukhoi/bcc2c33d6cc71970.jpg
c5e6ad140b71e4ce	/home/aobled/Downloads/Aircraft_DATASET/classification/train/flanker/c5e6ad140b71e4ce.jpg	/home/aobled/Downloads/Aircraft_DATASET/tmp_multi/Sukhoi/c5e6ad140b71e4ce.jpg
a3a3ec9e1a4f6521	/home/aobled/Downloads/Aircraft_DATASET/classification/train/flanker/a3a3ec9e1a4f6521.jpg	/home/aobled/Downloads/Aircraft_DATASET/tmp_multi/Sukhoi/a3a3ec9e1a4f6521.jpg
94c368e596dab127	/home/aobled/Downloads/Aircraft_DATASET/classification/train/flanker/94c368e596dab127.jpg	/home/aobled/Downloads/Aircraft_DATASET/tmp_multi/Sukhoi/94c368e596dab127.jpg
97fcc80d37a2d04d	/home/aobled/Downloads/Aircraft_DATASET/classification/train/flanker/97fcc80d37a2d04d.jpg	/home/aobled/Downloads/Aircraft_DATASET/tmp_multi/Sukhoi/97fcc80d37a2d04d.jpg
bcc6c3383cc79b30	/home/aobled/Downloads/Aircraft_DATASET/classification/train/flanker/bcc6c3383cc79b30.jpg	/home/aobled/Downloads/Aircraft_DATASET/tmp_multi/Sukhoi/bcc6c3383cc79b30.jpg
b4e4eaaac4c6e23a	/home/aobled/Downloads/Aircraft_DATASET/classification/train/flanker/b4e4eaaac4c6e23a.jpg	/home/aobled/Downloads/Aircraft_DATASET/tmp_multi/Sukhoi/b4e4eaaac4c6e23a.jpg
9206446ddb8d6d67	/home/aobled/Downloads/Aircraft_DATASET/classification/train/flanker/9206446ddb8d6d67.jpg	/home/aobled/Downloads/Aircraft_DATASET/tmp_multi/Sukhoi/9206446ddb8d6d67.jpg
9692396d87d67a21	/home/aobled/Downloads/Aircraft_DATASET/classification/train/flanker/9692396d87d67a21.jpg	/home/aobled/Downloads/Aircraft_DATASET/tmp_multi/Sukhoi/9692396d87d67a21.jpg
91e1ac9c43637cbc	/home/aobled/Downloads/Aircraft_DATASET/classification/train/flanker/91e1ac9c43637cbc.jpg	/home/aobled/Downloads/Aircraft_DATASET/tmp_multi/Sukhoi/91e1ac9c43637cbc.jpg
d0c9ad3252d8e92f	/home/aobled/Downloads/Aircraft_DATASET/classification/train/flanker/d0c9ad3252d8e92f.jpg	/home/aobled/Downloads/Aircraft_DATASET/tmp_multi/Sukhoi/d0c9ad3252d8e92f.jpg
e0988f7ab08d4db3	/home/aobled/Downloads/Aircraft_DATASET/classification/train/flanker/e0988f7ab08d4db3.jpg	/home/aobled/Downloads/Aircraft_DATASET/tmp_multi/Sukhoi/e0988f7ab08d4db3.jpg
f08f9f70819c7e03	/home/aobled/Downloads/Aircraft_DATASET/classification/train/flanker/f08f9f70819c7e03.jpg	/home/aobled/Downloads/Aircraft_DATASET/tmp_multi/Sukhoi/f08f9f70819c7e03.jpg
e99f1662ad1d02e6	/home/aobled/Downloads/Aircraft_DATASET/classification/train/flanker/e99f1662ad1d02e6.jpg	/home/aobled/Downloads/Aircraft_DATASET/tmp_multi/Sukhoi/e99f1662ad1d02e6.jpg
f8b483677cd88127	/home/aobled/Downloads/Aircraft_DATASET/classification/train/flanker/f8b483677cd88127.jpg	/home/aobled/Downloads/Aircraft_DATASET/tmp_multi/Sukhoi/f8b483677cd88127.jpg
f0eacf9631694c1a	/home/aobled/Downloads/Aircraft_DATASET/classification/train/flanker/f0eacf9631694c1a.jpg	/home/aobled/Downloads/Aircraft_DATASET/tmp_multi/Sukhoi/f0eacf9631694c1a.jpg
903349e396dc6d27	/home/aobled/Downloads/Aircraft_DATASET/classification/train/flanker/903349e396dc6d27.jpg	/home/aobled/Downloads/Aircraft_DATASET/tmp_multi/Sukhoi/903349e396dc6d27.jpg
8487f8f177078b89	/home/aobled/Downloads/Aircraft_DATASET/classification/train/flanker/8487f8f177078b89.jpg	/home/aobled/Downloads/Aircraft_DATASET/tmp_multi/Sukhoi/8487f8f177078b89.jpg
91c41be46a9fc23d	/home/aobled/Downloads/Aircraft_DATASET/classification/train/flanker/91c41be46a9fc23d.jpg	/home/aobled/Downloads/Aircraft_DATASET/tmp_multi/Sukhoi/91c41be46a9fc23d.jpg
9496396987d67a25	/home/aobled/Downloads/Aircraft_DATASET/classification/train/flanker/9496396987d67a25.jpg	/home/aobled/Downloads/Aircraft_DATASET/tmp_multi/Sukhoi/9496396987d67a25.jpg
d48de99216ede912	/home/aobled/Downloads/Aircraft_DATASET/classification/train/flanker/d48de99216ede912.jpg	/home/aobled/Downloads/Aircraft_DATASET/tmp_multi/Sukhoi/d48de99216ede912.jpg
a5d6da11618ed671	/home/aobled/Downloads/Aircraft_DATASET/classification/train/flanker/a5d6da11618ed671.jpg	/home/aobled/Downloads/Aircraft_DATASET/tmp_multi/Sukhoi/a5d6da11618ed671.jpg
c09176c93a916eb7	/home/aobled/Downloads/Aircraft_DATASET/classification/train/flanker/c09176c93a916eb7.jpg	/home/aobled/Downloads/Aircraft_DATASET/tmp_multi/Sukhoi/c09176c93a916eb7.jpg
8590db33a4a9da75	/home/aobled/Downloads/Aircraft_DATASET/classification/train/flanker/8590db33a4a9da75.jpg	/home/aobled/Downloads/Aircraft_DATASET/tmp_multi/Sukhoi/8590db33a4a9da75.jpg
9692696d87da3aa1	/home/aobled/Downloads/Aircraft_DATASET/classification/train/flanker/9692696d87da3aa1.jpg	/home/aobled/Downloads/Aircraft_DATASET/tmp_multi/Sukhoi/9692696d87da3aa1.jpg
dbd9a42657f16806	/home/aobled/Downloads/Aircraft_DATASET/classification/train/flanker/dbd9a42657f16806.jpg	/home/aobled/Downloads/Aircraft_DATASET/tmp_multi/Sukhoi/dbd9a42657f16806.jpg
b1cfce2430d8d327	/home/aobled/Downloads/Aircraft_DATASET/classification/train/flanker/b1cfce2430d8d327.jpg	/home/aobled/Downloads/Aircraft_DATASET/tmp_multi/Sukhoi/b1cfce2430d8d327.jpg
d4c9ab1254e9eb16	/home/aobled/Downloads/Aircraft_DATASET/classification/train/flanker/d4c9ab1254e9eb16.jpg	/home/aobled/Downloads/Aircraft_DATASET/tmp_multi/Sukhoi/d4c9ab1254e9eb16.jpg
bc8b4791b06ccd1b	/home/aobled/Downloads/Aircraft_DATASET/classification/train/flanker/bc8b4791b06ccd1b.jpg	/home/aobled/Downloads/Aircraft_DATASET/tmp_multi/Sukhoi/bc8b4791b06ccd1b.jpg
96270de796cd2534	/home/aobled/Downloads/Aircraft_DATASET/classification/train/flanker/96270de796cd2534.jpg	/home/aobled/Downloads/Aircraft_DATASET/tmp_multi/Sukhoi/96270de796cd2534.jpg
81dc07e43d937e07	/home/aobled/Downloads/Aircraft_DATASET/classification/train/flanker/81dc07e43d937e07.jpg	/home/aobled/Downloads/Aircraft_DATASET/tmp_multi/Sukhoi/81dc07e43d937e07.jpg
d3e827125c1f1ae6	/home/aobled/Downloads/Aircraft_DATASET/classification/train/flanker/d3e827125c1f1ae6.jpg	/home/aobled/Downloads/Aircraft_DATASET/tmp_multi/Sukhoi/d3e827125c1f1ae6.jpg
c035474ab3a36ed9	/home/aobled/Downloads/Aircraft_DATASET/classification/train/flanker/c035474ab3a36ed9.jpg	/home/aobled/Downloads/Aircraft_DATASET/tmp_multi/Sukhoi/c035474ab3a36ed9.jpg
d3f1a82e57e1281e	/home/aobled/Downloads/Aircraft_DATASET/classification/train/flanker/d3f1a82e57e1281e.jpg	/home/aobled/Downloads/Aircraft_DATASET/tmp_multi/Sukhoi/d3f1a82e57e1281e.jpg
fc92057aac05fb92	/home/aobled/Downloads/Aircraft_DATASET/classification/train/flanker/fc92057aac05fb92.jpg	/home/aobled/Downloads/Aircraft_DATASET/tmp_multi/Sukhoi/fc92057aac05fb92.jpg
8480c37975de4e6e	/home/aobled/Downloads/Aircraft_DATASET/classification/train/flanker/8480c37975de4e6e.jpg	/home/aobled/Downloads/Aircraft_DATASET/tmp_multi/Sukhoi/8480c37975de4e6e.jpg
9092eded32178de8	/home/aobled/Downloads/Aircraft_DATASET/classification/train/flanker/9092eded32178de8.jpg	/home/aobled/Downloads/Aircraft_DATASET/tmp_multi/Sukhoi/9092eded32178de8.jpg
f8ec439334c8cc5b	/home/aobled/Downloads/Aircraft_DATASET/classification/train/flanker/f8ec439334c8cc5b.jpg	/home/aobled/Downloads/Aircraft_DATASET/tmp_multi/Sukhoi/f8ec439334c8cc5b.jpg
84f209d62cd7fb28	/home/aobled/Downloads/Aircraft_DATASET/classification/train/flanker/84f209d62cd7fb28.jpg	/home/aobled/Downloads/Aircraft_DATASET/tmp_multi/Sukhoi/84f209d62cd7fb28.jpg
94376d67b2b84964	/home/aobled/Downloads/Aircraft_DATASET/classification/train/flanker/94376d67b2b84964.jpg	/home/aobled/Downloads/Aircraft_DATASET/tmp_multi/Sukhoi/94376d67b2b84964.jpg
91dee6019cb8634f	/home/aobled/Downloads/Aircraft_DATASET/classification/train/flanker/91dee6019cb8634f.jpg	/home/aobled/Downloads/Aircraft_DATASET/tmp_multi/Sukhoi/91dee6019cb8634f.jpg
c59c90277fdaa065	/home/aobled/Downloads/Aircraft_DATASET/classification/train/flanker/c59c90277fdaa065.jpg	/home/aobled/Downloads/Aircraft_DATASET/tmp_multi/Sukhoi/c59c90277fdaa065.jpg
d5c98c4533b8cc67	/home/aobled/Downloads/Aircraft_DATASET/classification/train/flanker/d5c98c4533b8cc67.jpg	/home/aobled/Downloads/Aircraft_DATASET/tmp_multi/Sukhoi/d5c98c4533b8cc67.jpg
c4dc1933e59e4963	/home/aobled/Downloads/Aircraft_DATASET/classification/train/flanker/c4dc1933e59e4963.jpg	/home/aobled/Downloads/Aircraft_DATASET/tmp_multi/Sukhoi/c4dc1933e59e4963.jpg
8681f97a1ec76178	/home/aobled/Downloads/Aircraft_DATASET/classification/train/flanker/8681f97a1ec76178.jpg	/home/aobled/Downloads/Aircraft_DATASET/tmp_multi/Sukhoi/8681f97a1ec76178.jpg
cc91d66c99e67099	/home/aobled/Downloads/Aircraft_DATASET/classification/train/flanker/cc91d66c99e67099.jpg	/home/aobled/Downloads/Aircraft_DATASET/tmp_multi/Sukhoi/cc91d66c99e67099.jpg
84de09e27e897257	/home/aobled/Downloads/Aircraft_DATASET/classification/train/flanker/84de09e27e897257.jpg	/home/aobled/Downloads/Aircraft_DATASET/tmp_multi/Sukhoi/84de09e27e897257.jpg
b3d3cc1833b6c478	/home/aobled/Downloads/Aircraft_DATASET/classification/train/flanker/b3d3cc1833b6c478.jpg	/home/aobled/Downloads/Aircraft_DATASET/tmp_multi/Sukhoi/b3d3cc1833b6c478.jpg
b8bcc563139cbc26	/home/aobled/Downloads/Aircraft_DATASET/classification/train/flanker/b8bcc563139cbc26.jpg	/home/aobled/Downloads/Aircraft_DATASET/tmp_multi/Sukhoi/b8bcc563139cbc26.jpg
828be5731a9d2d66	/home/aobled/Downloads/Aircraft_DATASET/classification/train/flanker/828be5731a9d2d66.jpg	/home/aobled/Downloads/Aircraft_DATASET/tmp_multi/Sukhoi/828be5731a9d2d66.jpg
828bfd731a1d6562	/home/aobled/Downloads/Aircraft_DATASET/classification/train/flanker/828bfd731a1d6562.jpg	/home/aobled/Downloads/Aircraft_DATASET/tmp_multi/Sukhoi/828bfd731a1d6562.jpg
9492696d96da29d5	/home/aobled/Downloads/Aircraft_DATASET/classification/train/flanker/9492696d96da29d5.jpg	/home/aobled/Downloads/Aircraft_DATASET/tmp_multi/Sukhoi/9492696d96da29d5.jpg
b3d3cc0c33b7c078	/home/aobled/Downloads/Aircraft_DATASET/classification/train/flanker/b3d3cc0c33b7c078.jpg	/home/aobled/Downloads/Aircraft_DATASET/tmp_multi/Sukhoi/b3d3cc0c33b7c078.jpg
97dec82933b2d829	/home/aobled/Downloads/Aircraft_DATASET/classification/train/flanker/97dec82933b2d829.jpg	/home/aobled/Downloads/Aircraft_DATASET/tmp_multi/Sukhoi/97dec82933b2d829.jpg
f4858b7a7585287a	/home/aobled/Downloads/Aircraft_DATASET/classification/train/flanker/f4858b7a7585287a.jpg	/home/aobled/Downloads/Aircraft_DATASET/tmp_multi/Sukhoi/f4858b7a7585287a.jpg
d4c8d91176da7925	/home/aobled/Downloads/Aircraft_DATASET/classification/train/flanker/d4c8d91176da7925.jpg	/home/aobled/Downloads/Aircraft_DATASET/tmp_multi/Sukhoi/d4c8d91176da7925.jpg
c19b1e63619d1e63	/home/aobled/Downloads/Aircraft_DATASET/classification/train/flanker/c19b1e63619d1e63.jpg	/home/aobled/Downloads/Aircraft_DATASET/tmp_multi/Sukhoi/c19b1e63619d1e63.jpg
b6b6cc193136c64d	/home/aobled/Downloads/Aircraft_DATASET/classification/train/flanker/b6b6cc193136c64d.jpg	/home/aobled/Downloads/Aircraft_DATASET/tmp_multi/Sukhoi/b6b6cc193136c64d.jpg
9696e9f1532e2a25	/home/aobled/Downloads/Aircraft_DATASET/classification/train/flanker/9696e9f1532e2a25.jpg	/home/aobled/Downloads/Aircraft_DATASET/tmp_multi/Sukhoi/9696e9f1532e2a25.jpg
9dd8c2333de86293	/home/aobled/Downloads/Aircraft_DATASET/classification/train/flanker/9dd8c2333de86293.jpg	/home/aobled/Downloads/Aircraft_DATASET/tmp_multi/Sukhoi/9dd8c2333de86293.jpg
e0d31f68f41728ec	/home/aobled/Downloads/Aircraft_DATASET/classification/train/flanker/e0d31f68f41728ec.jpg	/home/aobled/Downloads/Aircraft_DATASET/tmp_multi/Sukhoi/e0d31f68f41728ec.jpg
c196e8b843477cbc	/home/aobled/Downloads/Aircraft_DATASET/classification/train/flanker/c196e8b843477cbc.jpg	/home/aobled/Downloads/Aircraft_DATASET/tmp_multi/Sukhoi/c196e8b843477cbc.jpg
81d5d6232b9d6e23	/home/aobled/Downloads/Aircraft_DATASET/classification/train/flanker/81d5d6232b9d6e23.jpg	/home/aobled/Downloads/Aircraft_DATASET/tmp_multi/Sukhoi/81d5d6232b9d6e23.jpg
8481e9fe7c1fa903	/home/aobled/Downloads/Aircraft_DATASET/classification/train/flanker/8481e9fe7c1fa903.jpg	/home/aobled/Downloads/Aircraft_DATASET/tmp_multi/Sukhoi/8481e9fe7c1fa903.jpg
d2ccad1312e8ed17	/home/aobled/Downloads/Aircraft_DATASET/classification/train/flanker/d2ccad1312e8ed17.jpg	/home/aobled/Downloads/Aircraft_DATASET/tmp_multi/Sukhoi/d2ccad1312e8ed17.jpg
b4e6ca0935a6ce69	/home/aobled/Downloads/Aircraft_DATASET/classification/train/flanker/b4e6ca0935a6ce69.jpg	/home/aobled/Downloads/Aircraft_DATASET/tmp_multi/Sukhoi/b4e6ca0935a6ce69.jpg
8699f5721e0de742	/home/aobled/Downloads/Aircraft_DATASET/classification/train/flanker/8699f5721e0de742.jpg	/home/aobled/Downloads/Aircraft_DATASET/tmp_multi/Sukhoi/8699f5721e0de742.jpg
c48f1374af8b7096	/home/aobled/Downloads/Aircraft_DATASET/classification/train/flanker/c48f1374af8b7096.jpg	/home/aobled/Downloads/Aircraft_DATASET/tmp_multi/Sukhoi/c48f1374af8b7096.jpg
a5ec9a5825aed259	/home/aobled/Downloads/Aircraft_DATASET/classification/train/flanker/a5ec9a5825aed259.jpg	/home/aobled/Downloads/Aircraft_DATASET/tmp_multi/Sukhoi/a5ec9a5825aed259.jpg
bcc2419333eccb39	/home/aobled/Downloads/Aircraft_DATASET/classification/train/flanker/bcc2419333eccb39.jpg	/home/aobled/Downloads/Aircraft_DATASET/tmp_multi/Sukhoi/bcc2419333eccb39.jpg
c5e9bb30844e6b71	/home/aobled/Downloads/Aircraft_DATASET/classification/train/flanker/c5e9bb30844e6b71.jpg	/home/aobled/Downloads/Aircraft_DATASET/tmp_multi/Sukhoi/c5e9bb30844e6b71.jpg
84d25937a4a9da75	/home/aobled/Downloads/Aircraft_DATASET/classification/train/flanker/84d25937a4a9da75.jpg	/home/aobled/Downloads/Aircraft_DATASET/tmp_multi/Sukhoi/84d25937a4a9da75.jpg
d1992ca787db3831	/home/aobled/Downloads/Aircraft_DATASET/classification/train/flanker/d1992ca787db3831.jpg	/home/aobled/Downloads/Aircraft_DATASET/tmp_multi/Sukhoi/d1992ca787db3831.jpg
8590da23a5eada75	/home/aobled/Downloads/Aircraft_DATASET/classification/train/flanker/8590da23a5eada75.jpg	/home/aobled/Downloads/Aircraft_DATASET/tmp_multi/Sukhoi/8590da23a5eada75.jpg
d2c8ad3456cbe934	/home/aobled/Downloads/Aircraft_DATASET/classification/train/flanker/d2c8ad3456cbe934.jpg	/home/aobled/Downloads/Aircraft_DATASET/tmp_multi/Sukhoi/d2c8ad3456cbe934.jpg
9c9ce4e343434f9c	/home/aobled/Downloads/Aircraft_DATASET/classification/train/flanker/9c9ce4e343434f9c.jpg	/home/aobled/Downloads/Aircraft_DATASET/tmp_multi/Sukhoi/9c9ce4e343434f9c.jpg
d6e0c95576d2ad24	/home/aobled/Downloads/Aircraft_DATASET/classification/train/flanker/d6e0c95576d2ad24.jpg	/home/aobled/Downloads/Aircraft_DATASET/tmp_multi/Sukhoi/d6e0c95576d2ad24.jpg
96d249e946da3b23	/home/aobled/Downloads/Aircraft_DATASET/classification/train/flanker/96d249e946da3b23.jpg	/home/aobled/Downloads/Aircraft_DATASET/tmp_multi/Sukhoi/96d249e946da3b23.jpg
c0d0d67429eab675	/home/aobled/Downloads/Aircraft_DATASET/classification/train/flanker/c0d0d67429eab675.jpg	/home/aobled/Downloads/Aircraft_DATASET/tmp_multi/Sukhoi/c0d0d67429eab675.jpg
9585fafa0585327a	/home/aobled/Downloads/Aircraft_DATASET/classification/train/flanker/9585fafa0585327a.jpg	/home/aobled/Downloads/Aircraft_DATASET/tmp_multi/Sukhoi/9585fafa0585327a.jpg
84cb6b045b3817fd	/home/aobled/Downloads/Aircraft_DATASET/classification/train/flanker/84cb6b045b3817fd.jpg	/home/aobled/Downloads/Aircraft_DATASET/tmp_multi/Sukhoi/84cb6b045b3817fd.jpg
9e17f96961567222	/home/aobled/Downloads/Aircraft_DATASET/classification/train/flanker/9e17f96961567222.jpg	/home/aobled/Downloads/Aircraft_DATASET/tmp_multi/Sukhoi/9e17f96961567222.jpg
9386e8e91387e4f8	/home/aobled/Downloads/Aircraft_DATASET/classification/train/flanker/9386e8e91387e4f8.jpg	/home/aobled/Downloads/Aircraft_DATASET/tmp_multi/Sukhoi/9386e8e91387e4f8.jpg
e9c8906e7d89847e	/home/aobled/Downloads/Aircraft_DATASET/classification/train/flanker/e9c8906e7d89847e.jpg	/home/aobled/Downloads/Aircraft_DATASET/tmp_multi/Sukhoi/e9c8906e7d89847e.jpg
c7f9f02c0653b1e8	/home/aobled/Downloads/Aircraft_DATASET/classification/train/flanker/c7f9f02c0653b1e8.jpg	/home/aobled/Downloads/Aircraft_DATASET/tmp_multi/Sukhoi/c7f9f02c0653b1e8.jpg
c5991a6665998f66	/home/aobled/Downloads/Aircraft_DATASET/classification/train/flanker/c5991a6665998f66.jpg	/home/aobled/Downloads/Aircraft_DATASET/tmp_multi/Sukhoi/c5991a6665998f66.jpg
d4e68d413338dce6	/home/aobled/Downloads/Aircraft_DATASET/classification/train/flanker/d4e68d413338dce6.jpg	/home/aobled/Downloads/Aircraft_DATASET/tmp_multi/Sukhoi/d4e68d413338dce6.jpg
84d0db33a4a9da75	/home/aobled/Downloads/Aircraft_DATASET/classification/train/flanker/84d0db33a4a9da75.jpg	/home/aobled/Downloads/Aircraft_DATASET/tmp_multi/Sukhoi/84d0db33a4a9da75.jpg
95621d660fdb68a5	/home/aobled/Downloads/Aircraft_DATASET/classification/train/flanker/95621d660fdb68a5.jpg	/home/aobled/Downloads/Aircraft_DATASET/tmp_multi/Sukhoi/95621d660fdb68a5.jpg
d2a0ed771288ed36	/home/aobled/Downloads/Aircraft_DATASET/classification/train/flanker/d2a0ed771288ed36.jpg	/home/aobled/Downloads/Aircraft_DATASET/tmp_multi/Sukhoi/d2a0ed771288ed36.jpg
85c0ea7f1788e0d7	/home/aobled/Downloads/Aircraft_DATASET/classification/train/flanker/85c0ea7f1788e0d7.jpg	/home/aobled/Downloads/Aircraft_DATASET/tmp_multi/Sukhoi/85c0ea7f1788e0d7.jpg
96d659e546923327	/home/aobled/Downloads/Aircraft_DATASET/classification/train/flanker/96d659e546923327.jpg	/home/aobled/Downloads/Aircraft_DATASET/tmp_multi/Sukhoi/96d659e546923327.jpg
9697e9d1542e2a35	/home/aobled/Downloads/Aircraft_DATASET/classification/train/flanker/9697e9d1542e2a35.jpg	/home/aobled/Downloads/Aircraft_DATASET/tmp_multi/Sukhoi/9697e9d1542e2a35.jpg
d5d5d2b2223a6acc	/home/aobled/Downloads/Aircraft_DATASET/classification/train/flanker/d5d5d2b2223a6acc.jpg	/home/aobled/Downloads/Aircraft_DATASET/tmp_multi/Sukhoi/d5d5d2b2223a6acc.jpg
94fec2203f9ef620	/home/aobled/Downloads/Aircraft_DATASET/classification/train/flanker/94fec2203f9ef620.jpg	/home/aobled/Downloads/Aircraft_DATASET/tmp_multi/Sukhoi/94fec2203f9ef620.jpg
d3d8cae285b51c36	/home/aobled/Downloads/Aircraft_DATASET/classification/train/flanker/d3d8cae285b51c36.jpg	/home/aobled/Downloads/Aircraft_DATASET/tmp_multi/Sukhoi/d3d8cae285b51c36.jpg
b8c44732f44d9bb2	/home/aobled/Downloads/Aircraft_DATASET/classification/train/flanker/b8c44732f44d9bb2.jpg	/home/aobled/Downloads/Aircraft_DATASET/tmp_multi/Sukhoi/b8c44732f44d9bb2.jpg
8488f9771e1d6d62	/home/aobled/Downloads/Aircraft_DATASET/classification/train/flanker/8488f9771e1d6d62.jpg	/home/aobled/Downloads/Aircraft_DATASET/tmp_multi/Sukhoi/8488f9771e1d6d62.jpg
b5d4ca15718ec571	/home/aobled/Downloads/Aircraft_DATASET/classification/train/flanker/b5d4ca15718ec571.jpg	/home/aobled/Downloads/Aircraft_DATASET/tmp_multi/Sukhoi/b5d4ca15718ec571.jpg
e5d993a764988867	/home/aobled/Downloads/Aircraft_DATASET/classification/train/flanker/e5d993a764988867.jpg	/home/aobled/Downloads/Aircraft_DATASET/tmp_multi/Sukhoi/e5d993a764988867.jpg
96daeca5013b7a52	/home/aobled/Downloads/Aircraft_DATASET/classification/train/flanker/96daeca5013b7a52.jpg	/home/aobled/Downloads/Aircraft_DATASET/tmp_multi/Sukhoi/96daeca5013b7a52.jpg
cbc994e46e1d99c2	/home/aobled/Downloads/Aircraft_DATASET/classification/train/flanker/cbc994e46e1d99c2.jpg	/home/aobled/Downloads/Aircraft_DATASET/tmp_multi/Sukhoi/cbc994e46e1d99c2.jpg
f0e9ca16b4640bdb	/home/aobled/Downloads/Aircraft_DATASET/classification/train/flanker/f0e9ca16b4640bdb.jpg	/home/aobled/Downloads/Aircraft_DATASET/tmp_multi/Sukhoi/f0e9ca16b4640bdb.jpg
b8eec713b024c8db	/home/aobled/Downloads/Aircraft_DATASET/classification/train/flanker/b8eec713b024c8db.jpg	/home/aobled/Downloads/Aircraft_DATASET/tmp_multi/Sukhoi/b8eec713b024c8db.jpg
93cd72bdcd92214c	/home/aobled/Downloads/Aircraft_DATASET/classification/train/flanker/93cd72bdcd92214c.jpg	/home/aobled/Downloads/Aircraft_DATASET/tmp_multi/Sukhoi/93cd72bdcd92214c.jpg
d39b686586da3923	/home/aobled/Downloads/Aircraft_DATASET/classification/train/flanker/d39b686586da3923.jpg	/home/aobled/Downloads/Aircraft_DATASET/tmp_multi/Sukhoi/d39b686586da3923.jpg
d19968e796da3123	/home/aobled/Downloads/Aircraft_DATASET/classification/train/flanker/d19968e796da3123.jpg	/home/aobled/Downloads/Aircraft_DATASET/tmp_multi/Sukhoi/d19968e796da3123.jpg
a6f49d5372a48c53	/home/aobled/Downloads/Aircraft_DATASET/classification/train/flanker/a6f49d5372a48c53.jpg	/home/aobled/Downloads/Aircraft_DATASET/tmp_multi/Sukhoi/a6f49d5372a48c53.jpg
849ad37518dc6733	/home/aobled/Downloads/Aircraft_DATASET/classification/train/flanker/849ad37518dc6733.jpg	/home/aobled/Downloads/Aircraft_DATASET/tmp_multi/Sukhoi/849ad37518dc6733.jpg
f5e5887216cde912	/home/aobled/Downloads/Aircraft_DATASET/classification/train/flanker/f5e5887216cde912.jpg	/home/aobled/Downloads/Aircraft_DATASET/tmp_multi/Sukhoi/f5e5887216cde912.jpg
f5ed887216e5e812	/home/aobled/Downloads/Aircraft_DATASET/classification/train/flanker/f5ed887216e5e812.jpg	/home/aobled/Downloads/Aircraft_DATASET/tmp_multi/Sukhoi/f5ed887216e5e812.jpg
e4ae9b4164b63b49	/home/aobled/Downloads/Aircraft_DATASET/classification/train/flanker/e4ae9b4164b63b49.jpg	/home/aobled/Downloads/Aircraft_DATASET/tmp_multi/Sukhoi/e4ae9b4164b63b49.jpg
b4cb4b3436db4534	/home/aobled/Downloads/Aircraft_DATASET/classification/train/flanker/b4cb4b3436db4534.jpg	/home/aobled/Downloads/Aircraft_DATASET/tmp_multi/Sukhoi/b4cb4b3436db4534.jpg
87878bb91dcc6c68	/home/aobled/Downloads/Aircraft_DATASET/classification/train/flanker/87878bb91dcc6c68.jpg	/home/aobled/Downloads/Aircraft_DATASET/tmp_multi/Sukhoi/87878bb91dcc6c68.jpg
d58c19a366d9a237	/home/aobled/Downloads/Aircraft_DATASET/classification/train/flanker/d58c19a366d9a237.jpg	/home/aobled/Downloads/Aircraft_DATASET/tmp_multi/Sukhoi/d58c19a366d9a237.jpg
85ccf8b6154d4af2	/home/aobled/Downloads/Aircraft_DATASET/classification/train/flanker/85ccf8b6154d4af2.jpg	/home/aobled/Downloads/Aircraft_DATASET/tmp_multi/Sukhoi/85ccf8b6154d4af2.jpg
c031574a9bb66cdc	/home/aobled/Downloads/Aircraft_DATASET/classification/train/flanker/c031574a9bb66cdc.jpg	/home/aobled/Downloads/Aircraft_DATASET/tmp_multi/Sukhoi/c031574a9bb66cdc.jpg
d5c3daad8d093a61	/home/aobled/Downloads/Aircraft_DATASET/classification/train/flanker/d5c3daad8d093a61.jpg	/home/aobled/Downloads/Aircraft_DATASET/tmp_multi/Sukhoi/d5c3daad8d093a61.jpg
87e4d8392782d87d	/home/aobled/Downloads/Aircraft_DATASET/classification/train/flanker/87e4d8392782d87d.jpg	/home/aobled/Downloads/Aircraft_DATASET/tmp_multi/Sukhoi/87e4d8392782d87d.jpg
c1c9d6166299dd6c	/home/aobled/Downloads/Aircraft_DATASET/classification/train/flanker/c1c9d6166299dd6c.jpg	/home/aobled/Downloads/Aircraft_DATASET/tmp_multi/Sukhoi/c1c9d6166299dd6c.jpg
87e2d83d0783d83d	/home/aobled/Downloads/Aircraft_DATASET/classification/train/flanker/87e2d83d0783d83d.jpg	/home/aobled/Downloads/Aircraft_DATASET/tmp_multi/Sukhoi/87e2d83d0783d83d.jpg
cbcab5271594f868	/home/aobled/Downloads/Aircraft_DATASET/classification/train/flanker/cbcab5271594f868.jpg	/home/aobled/Downloads/Aircraft_DATASET/tmp_multi/Sukhoi/cbcab5271594f868.jpg
b8b8fac307475a38	/home/aobled/Downloads/Aircraft_DATASET/classification/train/flanker/b8b8fac307475a38.jpg	/home/aobled/Downloads/Aircraft_DATASET/tmp_multi/Sukhoi/b8b8fac307475a38.jpg
91c3afbc5043633d	/home/aobled/Downloads/Aircraft_DATASET/classification/train/flanker/91c3afbc5043633d.jpg	/home/aobled/Downloads/Aircraft_DATASET/tmp_multi/Sukhoi/91c3afbc5043633d.jpg
9ab2e14c56323bce	/home/aobled/Downloads/Aircraft_DATASET/classification/train/flanker/9ab2e14c56323bce.jpg	/home/aobled/Downloads/Aircraft_DATASET/tmp_multi/Sukhoi/9ab2e14c56323bce.jpg
81e976391e4533f4	/home/aobled/Downloads/Aircraft_DATASET/classification/train/flanker/81e976391e4533f4.jpg	/home/aobled/Downloads/Aircraft_DATASET/tmp_multi/Sukhoi/81e976391e4533f4.jpg
86c2f97906c671b9	/home/aobled/Downloads/Aircraft_DATASET/classification/train/flanker/86c2f97906c671b9.jpg	/home/aobled/Downloads/Aircraft_DATASET/tmp_multi/Sukhoi/86c2f97906c671b9.jpg
80ff27407f927964	/home/aobled/Downloads/Aircraft_DATASET/classification/train/flanker/80ff27407f927964.jpg	/home/aobled/Downloads/Aircraft_DATASET/tmp_multi/Sukhoi/80ff27407f927964.jpg
8d9dd4e22bc17272	/home/aobled/Downloads/Aircraft_DATASET/classification/train/flanker/8d9dd4e22bc17272.jpg	/home/aobled/Downloads/Aircraft_DATASET/tmp_multi/Sukhoi/8d9dd4e22bc17272.jpg
c1d71e62619f1e70	/home/aobled/Downloads/Aircraft_DATASET/classification/train/flanker/c1d71e62619f1e70.jpg	/home/aobled/Downloads/Aircraft_DATASET/tmp_multi/Sukhoi/c1d71e62619f1e70.jpg
8289f967729c1d65	/home/aobled/Downloads/Aircraft_DATASET/classification/train/flanker/8289f967729c1d65.jpg	/home/aobled/Downloads/Aircraft_DATASET/tmp_multi/Sukhoi/8289f967729c1d65.jpg
bcc24391366ccf33	/home/aobled/Downloads/Aircraft_DATASET/classification/train/flanker/bcc24391366ccf33.jpg	/home/aobled/Downloads/Aircraft_DATASET/tmp_multi/Sukhoi/bcc24391366ccf33.jpg
e5c35cf326c99832	/home/aobled/Downloads/Aircraft_DATASET/classification/train/flanker/e5c35cf326c99832.jpg	/home/aobled/Downloads/Aircraft_DATASET/tmp_multi/Sukhoi/e5c35cf326c99832.jpg
d18e0eb333cc9933	/home/aobled/Downloads/Aircraft_DATASET/classification/train/flanker/d18e0eb333cc9933.jpg	/home/aobled/Downloads/Aircraft_DATASET/tmp_multi/Sukhoi/d18e0eb333cc9933.jpg
808089bb3e5fcf66	/home/aobled/Downloads/Aircraft_DATASET/classification/train/flanker/808089bb3e5fcf66.jpg	/home/aobled/Downloads/Aircraft_DATASET/tmp_multi/Sukhoi/808089bb3e5fcf66.jpg
9787e9f1500e2b0f	/home/aobled/Downloads/Aircraft_DATASET/classification/train/flanker/9787e9f1500e2b0f.jpg	/home/aobled/Downloads/Aircraft_DATASET/tmp_multi/Sukhoi/9787e9f1500e2b0f.jpg
b1ce6710ec16a976	/home/aobled/Downloads/Aircraft_DATASET/classification/train/flanker/b1ce6710ec16a976.jpg	/home/aobled/Downloads/Aircraft_DATASET/tmp_multi/Sukhoi/b1ce6710ec16a976.jpg
d4d5892946d7992d	/home/aobled/Downloads/Aircraft_DATASET/classification/train/flanker/d4d5892946d7992d.jpg	/home/aobled/Downloads/Aircraft_DATASET/tmp_multi/Sukhoi/d4d5892946d7992d.jpg
80fb2f807f875964	/home/aobled/Downloads/Aircraft_DATASET/classification/train/flanker/80fb2f807f875964.jpg	/home/aobled/Downloads/Aircraft_DATASET/tmp_multi/Sukhoi/80fb2f807f875964.jpg
80edfd1286e87197	/home/aobled/Downloads/Aircraft_DATASET/classification/train/flanker/80edfd1286e87197.jpg	/home/aobled/Downloads/Aircraft_DATASET/tmp_multi/Sukhoi/80edfd1286e87197.jpg
b4f48b0774f0834f	/home/aobled/Downloads/Aircraft_DATASET/classification/train/flanker/b4f48b0774f0834f.jpg	/home/aobled/Downloads/Aircraft_DATASET/tmp_multi/Sukhoi/b4f48b0774f0834f.jpg
87439938c7c73c3c	/home/aobled/Downloads/Aircraft_DATASET/classification/train/flanker/87439938c7c73c3c.jpg	/home/aobled/Downloads/Aircraft_DATASET/tmp_multi/Sukhoi/87439938c7c73c3c.jpg
d0cde512dee92394	/home/aobled/Downloads/Aircraft_DATASET/classification/train/flanker/d0cde512dee92394.jpg	/home/aobled/Downloads/Aircraft_DATASET/tmp_multi/Sukhoi/d0cde512dee92394.jpg
d18e4e3136ce9933	/home/aobled/Downloads/Aircraft_DATASET/classification/train/flanker/d18e4e3136ce9933.jpg	/home/aobled/Downloads/Aircraft_DATASET/tmp_multi/Sukhoi/d18e4e3136ce9933.jpg
b786c81937a6cc71	/home/aobled/Downloads/Aircraft_DATASET/classification/train/flanker/b786c81937a6cc71.jpg	/home/aobled/Downloads/Aircraft_DATASET/tmp_multi/Sukhoi/b786c81937a6cc71.jpg
d4c7786f9026691b	/home/aobled/Downloads/Aircraft_DATASET/classification/train/flanker/d4c7786f9026691b.jpg	/home/aobled/Downloads/Aircraft_DATASET/tmp_multi/Sukhoi/d4c7786f9026691b.jpg
d06c2d4a1baf3363	/home/aobled/Downloads/Aircraft_DATASET/classification/train/flanker/d06c2d4a1baf3363.jpg	/home/aobled/Downloads/Aircraft_DATASET/tmp_multi/Sukhoi/d06c2d4a1baf3363.jpg
d5d5aa2a15f57098	/home/aobled/Downloads/Aircraft_DATASET/classification/train/flanker/d5d5aa2a15f57098.jpg	/home/aobled/Downloads/Aircraft_DATASET/tmp_multi/Sukhoi/d5d5aa2a15f57098.jpg
e5dada156590f20d	/home/aobled/Downloads/Aircraft_DATASET/classification/train/flanker/e5dada156590f20d.jpg	/home/aobled/Downloads/Aircraft_DATASET/tmp_multi/Sukhoi/e5dada156590f20d.jpg
86aee971168eaad1	/home/aobled/Downloads/Aircraft_DATASET/classification/train/flanker/86aee971168eaad1.jpg	/home/aobled/Downloads/Aircraft_DATASET/tmp_multi/Sukhoi/86aee971168eaad1.jpg
8299f5721e8de562	/home/aobled/Downloads/Aircraft_DATASET/classification/train/flanker/8299f5721e8de562.jpg	/home/aobled/Downloads/Aircraft_DATASET/tmp_multi/Sukhoi/8299f5721e8de562.jpg
bec0913cee8b30e6	/home/aobled/Downloads/Aircraft_DATASET/classification/train/flanker/bec0913cee8b30e6.jpg	/home/aobled/Downloads/Aircraft_DATASET/tmp_multi/Sukhoi/bec0913cee8b30e6.jpg
d5d5aa2a15d57298	/home/aobled/Downloads/Aircraft_DATASET/classification/train/flanker/d5d5aa2a15d57298.jpg	/home/aobled/Downloads/Aircraft_DATASET/tmp_multi/Sukhoi/d5d5aa2a15d57298.jpg
a3f8944c6ff1900f	/home/aobled/Downloads/Aircraft_DATASET/classification/train/flanker/a3f8944c6ff1900f.jpg	/home/aobled/Downloads/Aircraft_DATASET/tmp_multi/Sukhoi/a3f8944c6ff1900f.jpg
97efc8701689e874	/home/aobled/Downloads/Aircraft_DATASET/classification/train/flanker/97efc8701689e874.jpg	/home/aobled/Downloads/Aircraft_DATASET/tmp_multi/Sukhoi/97efc8701689e874.jpg
9409abb89c876677	/home/aobled/Downloads/Aircraft_DATASET/classification/train/flanker/9409abb89c876677.jpg	/home/aobled/Downloads/Aircraft_DATASET/tmp_multi/Sukhoi/9409abb89c876677.jpg
8633a3a39696d273	/home/aobled/Downloads/Aircraft_DATASET/classification/train/flanker/8633a3a39696d273.jpg	/home/aobled/Downloads/Aircraft_DATASET/tmp_multi/Sukhoi/8633a3a39696d273.jpg
9188e8ee571f2d38	/home/aobled/Downloads/Aircraft_DATASET/classification/train/flanker/9188e8ee571f2d38.jpg	/home/aobled/Downloads/Aircraft_DATASET/tmp_multi/Sukhoi/9188e8ee571f2d38.jpg
96cc38034ffb907c	/home/aobled/Downloads/Aircraft_DATASET/classification/train/flanker/96cc38034ffb907c.jpg	/home/aobled/Downloads/Aircraft_DATASET/tmp_multi/Sukhoi/96cc38034ffb907c.jpg
94dee8a0155f5af0	/home/aobled/Downloads/Aircraft_DATASET/classification/train/flanker/94dee8a0155f5af0.jpg	/home/aobled/Downloads/Aircraft_DATASET/tmp_multi/Sukhoi/94dee8a0155f5af0.jpg
849ad9370eb8ed61	/home/aobled/Downloads/Aircraft_DATASET/classification/train/flanker/849ad9370eb8ed61.jpg	/home/aobled/Downloads/Aircraft_DATASET/tmp_multi/Sukhoi/849ad9370eb8ed61.jpg
c2cdbd1242eded12	/home/aobled/Downloads/Aircraft_DATASET/classification/train/flanker/c2cdbd1242eded12.jpg	/home/aobled/Downloads/Aircraft_DATASET/tmp_multi/Sukhoi/c2cdbd1242eded12.jpg
8299f5731e1d6562	/home/aobled/Downloads/Aircraft_DATASET/classification/train/flanker/8299f5731e1d6562.jpg	/home/aobled/Downloads/Aircraft_DATASET/tmp_multi/Sukhoi/8299f5731e1d6562.jpg
c589993667499b36	/home/aobled/Downloads/Aircraft_DATASET/classification/train/flanker/c589993667499b36.jpg	/home/aobled/Downloads/Aircraft_DATASET/tmp_multi/Sukhoi/c589993667499b36.jpg
9c8fe3381cc3e13c	/home/aobled/Downloads/Aircraft_DATASET/classification/train/flanker/9c8fe3381cc3e13c.jpg	/home/aobled/Downloads/Aircraft_DATASET/tmp_multi/Sukhoi/9c8fe3381cc3e13c.jpg
d6426d6cd61b642d	/home/aobled/Downloads/Aircraft_DATASET/classification/train/flanker/d6426d6cd61b642d.jpg	/home/aobled/Downloads/Aircraft_DATASET/tmp_multi/Sukhoi/d6426d6cd61b642d.jpg
8ef23c669681ed86	/home/aobled/Downloads/Aircraft_DATASET/classification/train/flanker/8ef23c669681ed86.jpg	/home/aobled/Downloads/Aircraft_DATASET/tmp_multi/Sukhoi/8ef23c669681ed86.jpg
98971578cf6430cf	/home/aobled/Downloads/Aircraft_DATASET/classification/train/flanker/98971578cf6430cf.jpg	/home/aobled/Downloads/Aircraft_DATASET/tmp_multi/Sukhoi/98971578cf6430cf.jpg
c1dbb42c42d3db2c	/home/aobled/Downloads/Aircraft_DATASET/classification/train/flanker/c1dbb42c42d3db2c.jpg	/home/aobled/Downloads/Aircraft_DATASET/tmp_multi/Sukhoi/c1dbb42c42d3db2c.jpg
e5831cb627c99b32	/home/aobled/Downloads/Aircraft_DATASET/classification/train/flanker/e5831cb627c99b32.jpg	/home/aobled/Downloads/Aircraft_DATASET/tmp_multi/Sukhoi/e5831cb627c99b32.jpg
facd013acc853b9a	/home/aobled/Downloads/Aircraft_DATASET/classification/train/flanker/facd013acc853b9a.jpg	/home/aobled/Downloads/Aircraft_DATASET/tmp_multi/Sukhoi/facd013acc853b9a.jpg
901949f392df2736	/home/aobled/Downloads/Aircraft_DATASET/classification/train/flanker/901949f392df2736.jpg	/home/aobled/Downloads/Aircraft_DATASET/tmp_multi/Sukhoi/901949f392df2736.jpg
ce9aa1e55c1a23e3	/home/aobled/Downloads/Aircraft_DATASET/classification/train/flanker/ce9aa1e55c1a23e3.jpg	/home/aobled/Downloads/Aircraft_DATASET/tmp_multi/Sukhoi/ce9aa1e55c1a23e3.jpg
84eb54e32dde8916	/home/aobled/Downloads/Aircraft_DATASET/classification/train/flanker/84eb54e32dde8916.jpg	/home/aobled/Downloads/Aircraft_DATASET/tmp_multi/Sukhoi/84eb54e32dde8916.jpg
fc8c837a7c8501fa	/home/aobled/Downloads/Aircraft_DATASET/classification/train/flanker/fc8c837a7c8501fa.jpg	/home/aobled/Downloads/Aircraft_DATASET/tmp_multi/Sukhoi/fc8c837a7c8501fa.jpg
e345d4969b8b3d30	/home/aobled/Downloads/Aircraft_DATASET/classification/train/flanker/e345d4969b8b3d30.jpg	/home/aobled/Downloads/Aircraft_DATASET/tmp_multi/Sukhoi/e345d4969b8b3d30.jpg
848efab32104be7e	/home/aobled/Downloads/Aircraft_DATASET/classification/train/flanker/848efab32104be7e.jpg	/home/aobled/Downloads/Aircraft_DATASET/tmp_multi/Sukhoi/848efab32104be7e.jpg
9782ee385383bc9c	/home/aobled/Downloads/Aircraft_DATASET/classification/train/flanker/9782ee385383bc9c.jpg	/home/aobled/Downloads/Aircraft_DATASET/tmp_multi/Sukhoi/9782ee385383bc9c.jpg
b5cb8cb44ba0358f	/home/aobled/Downloads/Aircraft_DATASET/classification/train/flanker/b5cb8cb44ba0358f.jpg	/home/aobled/Downloads/Aircraft_DATASET/tmp_multi/Sukhoi/b5cb8cb44ba0358f.jpg
b5cb8cb44ba2348f	/home/aobled/Downloads/Aircraft_DATASET/classification/train/flanker/b5cb8cb44ba2348f.jpg	/home/aobled/Downloads/Aircraft_DATASET/tmp_multi/Sukhoi/b5cb8cb44ba2348f.jpg
b0cbfd254a525789	/home/aobled/Downloads/Aircraft_DATASET/classification/train/flanker/b0cbfd254a525789.jpg	/home/aobled/Downloads/Aircraft_DATASET/tmp_multi/Sukhoi/b0cbfd254a525789.jpg
b3c70831778ec875	/home/aobled/Downloads/Aircraft_DATASET/classification/train/flanker/b3c70831778ec875.jpg	/home/aobled/Downloads/Aircraft_DATASET/tmp_multi/Sukhoi/b3c70831778ec875.jpg
95c92a4f1f08376e	/home/aobled/Downloads/Aircraft_DATASET/classification/train/flanker/95c92a4f1f08376e.jpg	/home/aobled/Downloads/Aircraft_DATASET/tmp_multi/Sukhoi/95c92a4f1f08376e.jpg
f8da97270c4c64ba	/home/aobled/Downloads/Aircraft_DATASET/classification/train/flanker/f8da97270c4c64ba.jpg	/home/aobled/Downloads/Aircraft_DATASET/tmp_multi/Sukhoi/f8da97270c4c64ba.jpg
847b0d750ed32d35	/home/aobled/Downloads/Aircraft_DATASET/classification/train/flanker/847b0d750ed32d35.jpg	/home/aobled/Downloads/Aircraft_DATASET/tmp_multi/Sukhoi/847b0d750ed32d35.jpg
802a6de7b2994d67	/home/aobled/Downloads/Aircraft_DATASET/classification/train/flanker/802a6de7b2994d67.jpg	/home/aobled/Downloads/Aircraft_DATASET/tmp_multi/Sukhoi/802a6de7b2994d67.jpg
b3ca4831b7cac539	/home/aobled/Downloads/Aircraft_DATASET/classification/train/flanker/b3ca4831b7cac539.jpg	/home/aobled/Downloads/Aircraft_DATASET/tmp_multi/Sukhoi/b3ca4831b7cac539.jpg
c48fbb7844866b39	/home/aobled/Downloads/Aircraft_DATASET/classification/train/flanker/c48fbb7844866b39.jpg	/home/aobled/Downloads/Aircraft_DATASET/tmp_multi/Sukhoi/c48fbb7844866b39.jpg
95d9aa265d595e06	/home/aobled/Downloads/Aircraft_DATASET/classification/train/flanker/95d9aa265d595e06.jpg	/home/aobled/Downloads/Aircraft_DATASET/tmp_multi/Sukhoi/95d9aa265d595e06.jpg
85d80bd66f98a936	/home/aobled/Downloads/Aircraft_DATASET/classification/train/flanker/85d80bd66f98a936.jpg	/home/aobled/Downloads/Aircraft_DATASET/tmp_multi/Sukhoi/85d80bd66f98a936.jpg
b63e086973768c8d	/home/aobled/Downloads/Aircraft_DATASET/classification/train/flanker/b63e086973768c8d.jpg	/home/aobled/Downloads/Aircraft_DATASET/tmp_multi/Sukhoi/b63e086973768c8d.jpg
b19bc636588f6398	/home/aobled/Downloads/Aircraft_DATASET/classification/train/flanker/b19bc636588f6398.jpg	/home/aobled/Downloads/Aircraft_DATASET/tmp_multi/Sukhoi/b19bc636588f6398.jpg
bec2c1396ccf19b0	/home/aobled/Downloads/Aircraft_DATASET/classification/train/flanker/bec2c1396ccf19b0.jpg	/home/aobled/Downloads/Aircraft_DATASET/tmp_multi/Sukhoi/bec2c1396ccf19b0.jpg
f28e8d71728e0d71	/home/aobled/Downloads/Aircraft_DATASET/classification/train/flanker/f28e8d71728e0d71.jpg	/home/aobled/Downloads/Aircraft_DATASET/tmp_multi/Sukhoi/f28e8d71728e0d71.jpg
d1d9e7a62a4858f4	/home/aobled/Downloads/Aircraft_DATASET/classification/train/flanker/d1d9e7a62a4858f4.jpg	/home/aobled/Downloads/Aircraft_DATASET/tmp_multi/Sukhoi/d1d9e7a62a4858f4.jpg
d1ecdc93336c8c13	/home/aobled/Downloads/Aircraft_DATASET/classification/train/flanker/d1ecdc93336c8c13.jpg	/home/aobled/Downloads/Aircraft_DATASET/tmp_multi/Sukhoi/d1ecdc93336c8c13.jpg
c19c1e6f41999e72	/home/aobled/Downloads/Aircraft_DATASET/classification/train/flanker/c19c1e6f41999e72.jpg	/home/aobled/Downloads/Aircraft_DATASET/tmp_multi/Sukhoi/c19c1e6f41999e72.jpg
dbdbf9e084943425	/home/aobled/Downloads/Aircraft_DATASET/classification/train/flanker/dbdbf9e084943425.jpg	/home/aobled/Downloads/Aircraft_DATASET/tmp_multi/Sukhoi/dbdbf9e084943425.jpg
92ed560bf7489661	/home/aobled/Downloads/Aircraft_DATASET/classification/train/flanker/92ed560bf7489661.jpg	/home/aobled/Downloads/Aircraft_DATASET/tmp_multi/Sukhoi/92ed560bf7489661.jpg
c59c983267cd9a72	/home/aobled/Downloads/Aircraft_DATASET/classification/train/flanker/c59c983267cd9a72.jpg	/home/aobled/Downloads/Aircraft_DATASET/tmp_multi/Sukhoi/c59c983267cd9a72.jpg
93c80e7933cc760f	/home/aobled/Downloads/Aircraft_DATASET/classification/train/flanker/93c80e7933cc760f.jpg	/home/aobled/Downloads/Aircraft_DATASET/tmp_multi/Sukhoi/93c80e7933cc760f.jpg
b3ce4c31b7c2c439	/home/aobled/Downloads/Aircraft_DATASET/classification/train/flanker/b3ce4c31b7c2c439.jpg	/home/aobled/Downloads/Aircraft_DATASET/tmp_multi/Sukhoi/b3ce4c31b7c2c439.jpg
96170d67979c6525	/home/aobled/Downloads/Aircraft_DATASET/classification/train/flanker/96170d67979c6525.jpg	/home/aobled/Downloads/Aircraft_DATASET/tmp_multi/Sukhoi/96170d67979c6525.jpg
8633b1a39696d365	/home/aobled/Downloads/Aircraft_DATASET/classification/train/flanker/8633b1a39696d365.jpg	/home/aobled/Downloads/Aircraft_DATASET/tmp_multi/Sukhoi/8633b1a39696d365.jpg
c4c9ab3214c9eb2f	/home/aobled/Downloads/Aircraft_DATASET/classification/train/flanker/c4c9ab3214c9eb2f.jpg	/home/aobled/Downloads/Aircraft_DATASET/tmp_multi/Sukhoi/c4c9ab3214c9eb2f.jpg
8f8f95b1b0a22bcc	/home/aobled/Downloads/Aircraft_DATASET/classification/train/flanker/8f8f95b1b0a22bcc.jpg	/home/aobled/Downloads/Aircraft_DATASET/tmp_multi/Sukhoi/8f8f95b1b0a22bcc.jpg
d2ccbd13528ced13	/home/aobled/Downloads/Aircraft_DATASET/classification/train/flanker/d2ccbd13528ced13.jpg	/home/aobled/Downloads/Aircraft_DATASET/tmp_multi/Sukhoi/d2ccbd13528ced13.jpg
85fd8b6a02c1dd78	/home/aobled/Downloads/Aircraft_DATASET/classification/train/flanker/85fd8b6a02c1dd78.jpg	/home/aobled/Downloads/Aircraft_DATASET/tmp_multi/Sukhoi/85fd8b6a02c1dd78.jpg
d2daa93456cae934	/home/aobled/Downloads/Aircraft_DATASET/classification/train/flanker/d2daa93456cae934.jpg	/home/aobled/Downloads/Aircraft_DATASET/tmp_multi/Sukhoi/d2daa93456cae934.jpg
b7f3c80937a6c84c	/home/aobled/Downloads/Aircraft_DATASET/classification/train/flanker/b7f3c80937a6c84c.jpg	/home/aobled/Downloads/Aircraft_DATASET/tmp_multi/Sukhoi/b7f3c80937a6c84c.jpg
9712e82d96d26b2d	/home/aobled/Downloads/Aircraft_DATASET/classification/train/flanker/9712e82d96d26b2d.jpg	/home/aobled/Downloads/Aircraft_DATASET/tmp_multi/Sukhoi/9712e82d96d26b2d.jpg
950c4a7bb58d7a32	/home/aobled/Downloads/Aircraft_DATASET/classification/train/flanker/950c4a7bb58d7a32.jpg	/home/aobled/Downloads/Aircraft_DATASET/tmp_multi/Sukhoi/950c4a7bb58d7a32.jpg
80df2f807f86996c	/home/aobled/Downloads/Aircraft_DATASET/classification/train/flanker/80df2f807f86996c.jpg	/home/aobled/Downloads/Aircraft_DATASET/tmp_multi/Sukhoi/80df2f807f86996c.jpg
858ff872170fa8f0	/home/aobled/Downloads/Aircraft_DATASET/classification/train/flanker/858ff872170fa8f0.jpg	/home/aobled/Downloads/Aircraft_DATASET/tmp_multi/Sukhoi/858ff872170fa8f0.jpg
c2253a2e275ae53e	/home/aobled/Downloads/Aircraft_DATASET/classification/train/flanker/c2253a2e275ae53e.jpg	/home/aobled/Downloads/Aircraft_DATASET/tmp_multi/Sukhoi/c2253a2e275ae53e.jpg
d0ccbd2346dc39a3	/home/aobled/Downloads/Aircraft_DATASET/classification/train/flanker/d0ccbd2346dc39a3.jpg	/home/aobled/Downloads/Aircraft_DATASET/tmp_multi/Sukhoi/d0ccbd2346dc39a3.jpg
d353283c97937329	/home/aobled/Downloads/Aircraft_DATASET/classification/train/flanker/d353283c97937329.jpg	/home/aobled/Downloads/Aircraft_DATASET/tmp_multi/Sukhoi/d353283c97937329.jpg
ed8b509264ad1bcb	/home/aobled/Downloads/Aircraft_DATASET/classification/train/flanker/ed8b509264ad1bcb.jpg	/home/aobled/Downloads/Aircraft_DATASET/tmp_multi/Sukhoi/ed8b509264ad1bcb.jpg
8180eebcd5d36369	/home/aobled/Downloads/Aircraft_DATASET/classification/train/flanker/8180eebcd5d36369.jpg	/home/aobled/Downloads/Aircraft_DATASET/tmp_multi/Sukhoi/8180eebcd5d36369.jpg
f0c71478c394ed36	/home/aobled/Downloads/Aircraft_DATASET/classification/train/flanker/f0c71478c394ed36.jpg	/home/aobled/Downloads/Aircraft_DATASET/tmp_multi/Sukhoi/f0c71478c394ed36.jpg
c2b5512e355af436	/home/aobled/Downloads/Aircraft_DATASET/classification/train/flanker/c2b5512e355af436.jpg	/home/aobled/Downloads/Aircraft_DATASET/tmp_multi/Sukhoi/c2b5512e355af436.jpg
a944d633e5b878d2	/home/aobled/Downloads/Aircraft_DATASET/classification/train/flanker/a944d633e5b878d2.jpg	/home/aobled/Downloads/Aircraft_DATASET/tmp_multi/Sukhoi/a944d633e5b878d2.jpg
941e497f96d82d25	/home/aobled/Downloads/Aircraft_DATASET/classification/train/flanker/941e497f96d82d25.jpg	/home/aobled/Downloads/Aircraft_DATASET/tmp_multi/Sukhoi/941e497f96d82d25.jpg
f187ceb131c6cc31	/home/aobled/Downloads/Aircraft_DATASET/classification/train/flanker/f187ceb131c6cc31.jpg	/home/aobled/Downloads/Aircraft_DATASET/tmp_multi/Sukhoi/f187ceb131c6cc31.jpg
d1864f393146cf39	/home/aobled/Downloads/Aircraft_DATASET/classification/train/flanker/d1864f393146cf39.jpg	/home/aobled/Downloads/Aircraft_DATASET/tmp_multi/Sukhoi/d1864f393146cf39.jpg
84eb2e047b3c16ed	/home/aobled/Downloads/Aircraft_DATASET/classification/train/flanker/84eb2e047b3c16ed.jpg	/home/aobled/Downloads/Aircraft_DATASET/tmp_multi/Sukhoi/84eb2e047b3c16ed.jpg
e0d5d63328ec9672	/home/aobled/Downloads/Aircraft_DATASET/classification/train/flanker/e0d5d63328ec9672.jpg	/home/aobled/Downloads/Aircraft_DATASET/tmp_multi/Sukhoi/e0d5d63328ec9672.jpg
85630d660fd37a35	/home/aobled/Downloads/Aircraft_DATASET/classification/train/flanker/85630d660fd37a35.jpg	/home/aobled/Downloads/Aircraft_DATASET/tmp_multi/Sukhoi/85630d660fd37a35.jpg
9280a9fd5556633b	/home/aobled/Downloads/Aircraft_DATASET/classification/train/flanker/9280a9fd5556633b.jpg	/home/aobled/Downloads/Aircraft_DATASET/tmp_multi/Sukhoi/9280a9fd5556633b.jpg
c8783c9dddec2198	/home/aobled/Downloads/Aircraft_DATASET/classification/train/flanker/c8783c9dddec2198.jpg	/home/aobled/Downloads/Aircraft_DATASET/tmp_multi/Sukhoi/c8783c9dddec2198.jpg
f8c8c7b3304cce33	/home/aobled/Downloads/Aircraft_DATASET/classification/train/flanker/f8c8c7b3304cce33.jpg	/home/aobled/Downloads/Aircraft_DATASET/tmp_multi/Sukhoi/f8c8c7b3304cce33.jpg
d5e8294f1a08376f	/home/aobled/Downloads/Aircraft_DATASET/classification/train/flanker/d5e8294f1a08376f.jpg	/home/aobled/Downloads/Aircraft_DATASET/tmp_multi/Sukhoi/d5e8294f1a08376f.jpg
96df6d25169b2125	/home/aobled/Downloads/Aircraft_DATASET/classification/train/flanker/96df6d25169b2125.jpg	/home/aobled/Downloads/Aircraft_DATASET/tmp_multi/Sukhoi/96df6d25169b2125.jpg
94fac2201f9ef625	/home/aobled/Downloads/Aircraft_DATASET/classification/train/flanker/94fac2201f9ef625.jpg	/home/aobled/Downloads/Aircraft_DATASET/tmp_multi/Sukhoi/94fac2201f9ef625.jpg
8488fab705cd7a72	/home/aobled/Downloads/Aircraft_DATASET/classification/train/flanker/8488fab705cd7a72.jpg	/home/aobled/Downloads/Aircraft_DATASET/tmp_multi/Sukhoi/8488fab705cd7a72.jpg
80d9d5366291dd6e	/home/aobled/Downloads/Aircraft_DATASET/classification/train/flanker/80d9d5366291dd6e.jpg	/home/aobled/Downloads/Aircraft_DATASET/tmp_multi/Sukhoi/80d9d5366291dd6e.jpg
e58d9a73658c1273	/home/aobled/Downloads/Aircraft_DATASET/classification/train/flanker/e58d9a73658c1273.jpg	/home/aobled/Downloads/Aircraft_DATASET/tmp_multi/Sukhoi/e58d9a73658c1273.jpg
9494a9cbcad4f525	/home/aobled/Downloads/Aircraft_DATASET/classification/train/flanker/9494a9cbcad4f525.jpg	/home/aobled/Downloads/Aircraft_DATASET/tmp_multi/Sukhoi/9494a9cbcad4f525.jpg
d1d40ed1334ed8b9	/home/aobled/Downloads/Aircraft_DATASET/classification/train/flanker/d1d40ed1334ed8b9.jpg	/home/aobled/Downloads/Aircraft_DATASET/tmp_multi/Sukhoi/d1d40ed1334ed8b9.jpg
a69ee9d155486a35	/home/aobled/Downloads/Aircraft_DATASET/classification/train/flanker/a69ee9d155486a35.jpg	/home/aobled/Downloads/Aircraft_DATASET/tmp_multi/Sukhoi/a69ee9d155486a35.jpg
85c6da27239cce2b	/home/aobled/Downloads/Aircraft_DATASET/classification/train/flanker/85c6da27239cce2b.jpg	/home/aobled/Downloads/Aircraft_DATASET/tmp_multi/Sukhoi/85c6da27239cce2b.jpg
85adf873078ce076	/home/aobled/Downloads/Aircraft_DATASET/classification/train/flanker/85adf873078ce076.jpg	/home/aobled/Downloads/Aircraft_DATASET/tmp_multi/Sukhoi/85adf873078ce076.jpg
9987e55c1ba7641a	/home/aobled/Downloads/Aircraft_DATASET/classification/train/flanker/9987e55c1ba7641a.jpg	/home/aobled/Downloads/Aircraft_DATASET/tmp_multi/Sukhoi/9987e55c1ba7641a.jpg
edd61429d8c62bd8	/home/aobled/Downloads/Aircraft_DATASET/classification/train/flanker/edd61429d8c62bd8.jpg	/home/aobled/Downloads/Aircraft_DATASET/tmp_multi/Sukhoi/edd61429d8c62bd8.jpg
8584faf905c63af8	/home/aobled/Downloads/Aircraft_DATASET/classification/train/flanker/8584faf905c63af8.jpg	/home/aobled/Downloads/Aircraft_DATASET/tmp_multi/Sukhoi/8584faf905c63af8.jpg
84d906691ff326cb	/home/aobled/Downloads/Aircraft_DATASET/classification/train/flanker/84d906691ff326cb.jpg	/home/aobled/Downloads/Aircraft_DATASET/tmp_multi/Sukhoi/84d906691ff326cb.jpg
c033574a99b3676c	/home/aobled/Downloads/Aircraft_DATASET/classification/train/flanker/c033574a99b3676c.jpg	/home/aobled/Downloads/Aircraft_DATASET/tmp_multi/Sukhoi/c033574a99b3676c.jpg
f38d0af22d2cb80f	/home/aobled/Downloads/Aircraft_DATASET/classification/train/flanker/f38d0af22d2cb80f.jpg	/home/aobled/Downloads/Aircraft_DATASET/tmp_multi/Sukhoi/f38d0af22d2cb80f.jpg
c09f0a61bfc80ff2	/home/aobled/Downloads/Aircraft_DATASET/classification/train/flanker/c09f0a61bfc80ff2.jpg	/home/aobled/Downloads/Aircraft_DATASET/tmp_multi/Sukhoi/c09f0a61bfc80ff2.jpg
df4235d3231b419b	/home/aobled/Downloads/Aircraft_DATASET/classification/train/flanker/df4235d3231b419b.jpg	/home/aobled/Downloads/Aircraft_DATASET/tmp_multi/Sukhoi/df4235d3231b419b.jpg
9414096df69ac9ed	/home/aobled/Downloads/Aircraft_DATASET/classification/train/flanker/9414096df69ac9ed.jpg	/home/aobled/Downloads/Aircraft_DATASET/tmp_multi/Sukhoi/9414096df69ac9ed.jpg
c59c98237fdf80e0	/home/aobled/Downloads/Aircraft_DATASET/classification/train/flanker/c59c98237fdf80e0.jpg	/home/aobled/Downloads/Aircraft_DATASET/tmp_multi/Sukhoi/c59c98237fdf80e0.jpg
d0dc8d8b333ccc63	/home/aobled/Downloads/Aircraft_DATASET/classification/train/flanker/d0dc8d8b333ccc63.jpg	/home/aobled/Downloads/Aircraft_DATASET/tmp_multi/Sukhoi/d0dc8d8b333ccc63.jpg
84d10bd46f98eb36	/home/aobled/Downloads/Aircraft_DATASET/classification/train/flanker/84d10bd46f98eb36.jpg	/home/aobled/Downloads/Aircraft_DATASET/tmp_multi/Sukhoi/84d10bd46f98eb36.jpg
843fd34a9a91636e	/home/aobled/Downloads/Aircraft_DATASET/classification/train/flanker/843fd34a9a91636e.jpg	/home/aobled/Downloads/Aircraft_DATASET/tmp_multi/Sukhoi/843fd34a9a91636e.jpg
9498cb67179c7839	/home/aobled/Downloads/Aircraft_DATASET/classification/train/flanker/9498cb67179c7839.jpg	/home/aobled/Downloads/Aircraft_DATASET/tmp_multi/Sukhoi/9498cb67179c7839.jpg
91b0e86f17877839	/home/aobled/Downloads/Aircraft_DATASET/classification/train/flanker/91b0e86f17877839.jpg	/home/aobled/Downloads/Aircraft_DATASET/tmp_multi/Sukhoi/91b0e86f17877839.jpg
9283edfd56128b29	/home/aobled/Downloads/Aircraft_DATASET/classification/train/flanker/9283edfd56128b29.jpg	/home/aobled/Downloads/Aircraft_DATASET/tmp_multi/Sukhoi/9283edfd56128b29.jpg
d0d2bf292552d2c7	/home/aobled/Downloads/Aircraft_DATASET/classification/train/flanker/d0d2bf292552d2c7.jpg	/home/aobled/Downloads/Aircraft_DATASET/tmp_multi/Sukhoi/d0d2bf292552d2c7.jpg
bec4c1b536cc4bb0	/home/aobled/Downloads/Aircraft_DATASET/classification/train/flanker/bec4c1b536cc4bb0.jpg	/home/aobled/Downloads/Aircraft_DATASET/tmp_multi/Sukhoi/bec4c1b536cc4bb0.jpg
80d57a0c037ab9fe	/home/aobled/Downloads/Aircraft_DATASET/classification/train/flanker/80d57a0c037ab9fe.jpg	/home/aobled/Downloads/Aircraft_DATASET/tmp_multi/Sukhoi/80d57a0c037ab9fe.jpg
85afdad214c46a6b	/home/aobled/Downloads/Aircraft_DATASET/classification/train/flanker/85afdad214c46a6b.jpg	/home/aobled/Downloads/Aircraft_DATASET/tmp_multi/Sukhoi/85afdad214c46a6b.jpg
d6d8a934568be934	/home/aobled/Downloads/Aircraft_DATASET/classification/train/flanker/d6d8a934568be934.jpg	/home/aobled/Downloads/Aircraft_DATASET/tmp_multi/Sukhoi/d6d8a934568be934.jpg
91d0eebf8dc26069	/home/aobled/Downloads/Aircraft_DATASET/classification/train/flanker/91d0eebf8dc26069.jpg	/home/aobled/Downloads/Aircraft_DATASET/tmp_multi/Sukhoi/91d0eebf8dc26069.jpg
b397cc04b1a3c65d	/home/aobled/Downloads/Aircraft_DATASET/classification/train/flanker/b397cc04b1a3c65d.jpg	/home/aobled/Downloads/Aircraft_DATASET/tmp_multi/Sukhoi/b397cc04b1a3c65d.jpg
8185b9aca5c7272f	/home/aobled/Downloads/Aircraft_DATASET/classification/train/flanker/8185b9aca5c7272f.jpg	/home/aobled/Downloads/Aircraft_DATASET/tmp_multi/Sukhoi/8185b9aca5c7272f.jpg
c3a5152e354bf436	/home/aobled/Downloads/Aircraft_DATASET/classification/train/flanker/c3a5152e354bf436.jpg	/home/aobled/Downloads/Aircraft_DATASET/tmp_multi/Sukhoi/c3a5152e354bf436.jpg
84eb54e22ddc1b36	/home/aobled/Downloads/Aircraft_DATASET/classification/train/flanker/84eb54e22ddc1b36.jpg	/home/aobled/Downloads/Aircraft_DATASET/tmp_multi/Sukhoi/84eb54e22ddc1b36.jpg
81ed76191701bbec	/home/aobled/Downloads/Aircraft_DATASET/classification/train/flanker/81ed76191701bbec.jpg	/home/aobled/Downloads/Aircraft_DATASET/tmp_multi/Sukhoi/81ed76191701bbec.jpg
d3dbdbe1849c3424	/home/aobled/Downloads/Aircraft_DATASET/classification/train/flanker/d3dbdbe1849c3424.jpg	/home/aobled/Downloads/Aircraft_DATASET/tmp_multi/Sukhoi/d3dbdbe1849c3424.jpg
9786e8e87b5e5414	/home/aobled/Downloads/Aircraft_DATASET/classification/train/flanker/9786e8e87b5e5414.jpg	/home/aobled/Downloads/Aircraft_DATASET/tmp_multi/Sukhoi/9786e8e87b5e5414.jpg
901e4c749bda6db1	/home/aobled/Downloads/Aircraft_DATASET/classification/train/flanker/901e4c749bda6db1.jpg	/home/aobled/Downloads/Aircraft_DATASET/tmp_multi/Sukhoi/901e4c749bda6db1.jpg
e4b1d3e564984667	/home/aobled/Downloads/Aircraft_DATASET/classification/train/flanker/e4b1d3e564984667.jpg	/home/aobled/Downloads/Aircraft_DATASET/tmp_multi/Sukhoi/e4b1d3e564984667.jpg
d2daac2d53d2982d	/home/aobled/Downloads/Aircraft_DATASET/classification/train/flanker/d2daac2d53d2982d.jpg	/home/aobled/Downloads/Aircraft_DATASET/tmp_multi/Sukhoi/d2daac2d53d2982d.jpg
d4d7716f9026611b	/home/aobled/Downloads/Aircraft_DATASET/classification/train/flanker/d4d7716f9026611b.jpg	/home/aobled/Downloads/Aircraft_DATASET/tmp_multi/Sukhoi/d4d7716f9026611b.jpg
9585faf805c5327a	/home/aobled/Downloads/Aircraft_DATASET/classification/train/flanker/9585faf805c5327a.jpg	/home/aobled/Downloads/Aircraft_DATASET/tmp_multi/Sukhoi/9585faf805c5327a.jpg
d1eda40659d9b626	/home/aobled/Downloads/Aircraft_DATASET/classification/train/flanker/d1eda40659d9b626.jpg	/home/aobled/Downloads/Aircraft_DATASET/tmp_multi/Sukhoi/d1eda40659d9b626.jpg
d5d58b2a74d5892a	/home/aobled/Downloads/Aircraft_DATASET/classification/train/flanker/d5d58b2a74d5892a.jpg	/home/aobled/Downloads/Aircraft_DATASET/tmp_multi/Sukhoi/d5d58b2a74d5892a.jpg
ad871178cbc8666b	/home/aobled/Downloads/Aircraft_DATASET/classification/train/flanker/ad871178cbc8666b.jpg	/home/aobled/Downloads/Aircraft_DATASET/tmp_multi/Sukhoi/ad871178cbc8666b.jpg
85049e9e950dcfcb	/home/aobled/Downloads/Aircraft_DATASET/classification/train/flanker/85049e9e950dcfcb.jpg	/home/aobled/Downloads/Aircraft_DATASET/tmp_multi/Sukhoi/85049e9e950dcfcb.jpg
9680e9f5561e692b	/home/aobled/Downloads/Aircraft_DATASET/classification/train/flanker/9680e9f5561e692b.jpg	/home/aobled/Downloads/Aircraft_DATASET/tmp_multi/Sukhoi/9680e9f5561e692b.jpg
849ae9771c196d66	/home/aobled/Downloads/Aircraft_DATASET/classification/train/flanker/849ae9771c196d66.jpg	/home/aobled/Downloads/Aircraft_DATASET/tmp_multi/Sukhoi/849ae9771c196d66.jpg
a4e6db2924a6cb69	/home/aobled/Downloads/Aircraft_DATASET/classification/train/flanker/a4e6db2924a6cb69.jpg	/home/aobled/Downloads/Aircraft_DATASET/tmp_multi/Sukhoi/a4e6db2924a6cb69.jpg
b5d24c25d22d965b	/home/aobled/Downloads/Aircraft_DATASET/classification/train/flanker/b5d24c25d22d965b.jpg	/home/aobled/Downloads/Aircraft_DATASET/tmp_multi/Sukhoi/b5d24c25d22d965b.jpg
d6881d72c38d3557	/home/aobled/Downloads/Aircraft_DATASET/classification/train/flanker/d6881d72c38d3557.jpg	/home/aobled/Downloads/Aircraft_DATASET/tmp_multi/Sukhoi/d6881d72c38d3557.jpg
a7e6c8593586ca35	/home/aobled/Downloads/Aircraft_DATASET/classification/train/flanker/a7e6c8593586ca35.jpg	/home/aobled/Downloads/Aircraft_DATASET/tmp_multi/Sukhoi/a7e6c8593586ca35.jpg
858ed3259d665e49	/home/aobled/Downloads/Aircraft_DATASET/classification/train/flanker/858ed3259d665e49.jpg	/home/aobled/Downloads/Aircraft_DATASET/tmp_multi/Sukhoi/858ed3259d665e49.jpg
84df09807e897a77	/home/aobled/Downloads/Aircraft_DATASET/classification/train/flanker/84df09807e897a77.jpg	/home/aobled/Downloads/Aircraft_DATASET/tmp_multi/Sukhoi/84df09807e897a77.jpg
9696e9e1471e30f4	/home/aobled/Downloads/Aircraft_DATASET/classification/train/flanker/9696e9e1471e30f4.jpg	/home/aobled/Downloads/Aircraft_DATASET/tmp_multi/Sukhoi/9696e9e1471e30f4.jpg
d2e5e872168de932	/home/aobled/Downloads/Aircraft_DATASET/classification/train/flanker/d2e5e872168de932.jpg	/home/aobled/Downloads/Aircraft_DATASET/tmp_multi/Sukhoi/d2e5e872168de932.jpg
a5d5daaa0a383575	/home/aobled/Downloads/Aircraft_DATASET/classification/train/flanker/a5d5daaa0a383575.jpg	/home/aobled/Downloads/Aircraft_DATASET/tmp_multi/Sukhoi/a5d5daaa0a383575.jpg
93ec35235c171bc6	/home/aobled/Downloads/Aircraft_DATASET/classification/train/flanker/93ec35235c171bc6.jpg	/home/aobled/Downloads/Aircraft_DATASET/tmp_multi/Sukhoi/93ec35235c171bc6.jpg
ed92c4609bce3699	/home/aobled/Downloads/Aircraft_DATASET/classification/train/flanker/ed92c4609bce3699.jpg	/home/aobled/Downloads/Aircraft_DATASET/tmp_multi/Sukhoi/ed92c4609bce3699.jpg
f4ca116eb04817f7	/home/aobled/Downloads/Aircraft_DATASET/classification/train/flanker/f4ca116eb04817f7.jpg	/home/aobled/Downloads/Aircraft_DATASET/tmp_multi/Sukhoi/f4ca116eb04817f7.jpg
e1bf13c227219b2d	/home/aobled/Downloads/Aircraft_DATASET/classification/train/flanker/e1bf13c227219b2d.jpg	/home/aobled/Downloads/Aircraft_DATASET/tmp_multi/Sukhoi/e1bf13c227219b2d.jpg
b253ddf40b8b2e28	/home/aobled/Downloads/Aircraft_DATASET/classification/train/flanker/b253ddf40b8b2e28.jpg	/home/aobled/Downloads/Aircraft_DATASET/tmp_multi/Sukhoi/b253ddf40b8b2e28.jpg
84926b6b96966a2f	/home/aobled/Downloads/Aircraft_DATASET/classification/train/flanker/84926b6b96966a2f.jpg	/home/aobled/Downloads/Aircraft_DATASET/tmp_multi/Sukhoi/84926b6b96966a2f.jpg
ceeee4b09011576e	/home/aobled/Downloads/Aircraft_DATASET/classification/train/flanker/ceeee4b09011576e.jpg	/home/aobled/Downloads/Aircraft_DATASET/tmp_multi/Sukhoi/ceeee4b09011576e.jpg
d6c639699896336c	/home/aobled/Downloads/Aircraft_DATASET/classification/train/flanker/d6c639699896336c.jpg	/home/aobled/Downloads/Aircraft_DATASET/tmp_multi/Sukhoi/d6c639699896336c.jpg
b0cd07b46dca72a6	/home/aobled/Downloads/Aircraft_DATASET/classification/train/flanker/b0cd07b46dca72a6.jpg	/home/aobled/Downloads/Aircraft_DATASET/tmp_multi/Sukhoi/b0cd07b46dca72a6.jpg
954b2a5f1e08376e	/home/aobled/Downloads/Aircraft_DATASET/classification/train/flanker/954b2a5f1e08376e.jpg	/home/aobled/Downloads/Aircraft_DATASET/tmp_multi/Sukhoi/954b2a5f1e08376e.jpg
d0ed8d126de2712d	/home/aobled/Downloads/Aircraft_DATASET/classification/train/flanker/d0ed8d126de2712d.jpg	/home/aobled/Downloads/Aircraft_DATASET/tmp_multi/Sukhoi/d0ed8d126de2712d.jpg
84acf973172caad1	/home/aobled/Downloads/Aircraft_DATASET/classification/train/flanker/84acf973172caad1.jpg	/home/aobled/Downloads/Aircraft_DATASET/tmp_multi/Sukhoi/84acf973172caad1.jpg
c3a51c2e354bf436	/home/aobled/Downloads/Aircraft_DATASET/classification/train/flanker/c3a51c2e354bf436.jpg	/home/aobled/Downloads/Aircraft_DATASET/tmp_multi/Sukhoi/c3a51c2e354bf436.jpg
d4e92f1459b416ec	/home/aobled/Downloads/Aircraft_DATASET/classification/train/flanker/d4e92f1459b416ec.jpg	/home/aobled/Downloads/Aircraft_DATASET/tmp_multi/Sukhoi/d4e92f1459b416ec.jpg
96d76d25169b3125	/home/aobled/Downloads/Aircraft_DATASET/classification/train/flanker/96d76d25169b3125.jpg	/home/aobled/Downloads/Aircraft_DATASET/tmp_multi/Sukhoi/96d76d25169b3125.jpg
89c9e4321be96cd6	/home/aobled/Downloads/Aircraft_DATASET/classification/train/flanker/89c9e4321be96cd6.jpg	/home/aobled/Downloads/Aircraft_DATASET/tmp_multi/Sukhoi/89c9e4321be96cd6.jpg
94cf13fcce93e00c	/home/aobled/Downloads/Aircraft_DATASET/classification/train/flanker/94cf13fcce93e00c.jpg	/home/aobled/Downloads/Aircraft_DATASET/tmp_multi/Sukhoi/94cf13fcce93e00c.jpg
c5de616e910e631b	/home/aobled/Downloads/Aircraft_DATASET/classification/train/flanker/c5de616e910e631b.jpg	/home/aobled/Downloads/Aircraft_DATASET/tmp_multi/Sukhoi/c5de616e910e631b.jpg
9219197776d89327	/home/aobled/Downloads/Aircraft_DATASET/classification/train/flanker/9219197776d89327.jpg	/home/aobled/Downloads/Aircraft_DATASET/tmp_multi/Sukhoi/9219197776d89327.jpg
9688eb751f0aa395	/home/aobled/Downloads/Aircraft_DATASET/classification/train/flanker/9688eb751f0aa395.jpg	/home/aobled/Downloads/Aircraft_DATASET/tmp_multi/Sukhoi/9688eb751f0aa395.jpg
9606456dd696996d	/home/aobled/Downloads/Aircraft_DATASET/classification/train/flanker/9606456dd696996d.jpg	/home/aobled/Downloads/Aircraft_DATASET/tmp_multi/Sukhoi/9606456dd696996d.jpg
86a7e9791406a7e9	/home/aobled/Downloads/Aircraft_DATASET/classification/train/flanker/86a7e9791406a7e9.jpg	/home/aobled/Downloads/Aircraft_DATASET/tmp_multi/Sukhoi/86a7e9791406a7e9.jpg
941e497c96db6925	/home/aobled/Downloads/Aircraft_DATASET/classification/train/flanker/941e497c96db6925.jpg	/home/aobled/Downloads/Aircraft_DATASET/tmp_multi/Sukhoi/941e497c96db6925.jpg
94140d6cb69ecd2f	/home/aobled/Downloads/Aircraft_DATASET/classification/train/flanker/94140d6cb69ecd2f.jpg	/home/aobled/Downloads/Aircraft_DATASET/tmp_multi/Sukhoi/94140d6cb69ecd2f.jpg
b6b3cc193136c64d	/home/aobled/Downloads/Aircraft_DATASET/classification/train/flanker/b6b3cc193136c64d.jpg	/home/aobled/Downloads/Aircraft_DATASET/tmp_multi/Sukhoi/b6b3cc193136c64d.jpg
84d719817e897a37	/home/aobled/Downloads/Aircraft_DATASET/classification/train/flanker/84d719817e897a37.jpg	/home/aobled/Downloads/Aircraft_DATASET/tmp_multi/Sukhoi/84d719817e897a37.jpg
a6c4593bb6c4c13b	/home/aobled/Downloads/Aircraft_DATASET/classification/train/flanker/a6c4593bb6c4c13b.jpg	/home/aobled/Downloads/Aircraft_DATASET/tmp_multi/Sukhoi/a6c4593bb6c4c13b.jpg
85d807691bdb24cf	/home/aobled/Downloads/Aircraft_DATASET/classification/train/flanker/85d807691bdb24cf.jpg	/home/aobled/Downloads/Aircraft_DATASET/tmp_multi/Sukhoi/85d807691bdb24cf.jpg
d6c8a93456cbe934	/home/aobled/Downloads/Aircraft_DATASET/classification/train/flanker/d6c8a93456cbe934.jpg	/home/aobled/Downloads/Aircraft_DATASET/tmp_multi/Sukhoi/d6c8a93456cbe934.jpg
c692f3e55d182363	/home/aobled/Downloads/Aircraft_DATASET/classification/train/flanker/c692f3e55d182363.jpg	/home/aobled/Downloads/Aircraft_DATASET/tmp_multi/Sukhoi/c692f3e55d182363.jpg
b0a2cfcd3072c6cd	/home/aobled/Downloads/Aircraft_DATASET/classification/train/flanker/b0a2cfcd3072c6cd.jpg	/home/aobled/Downloads/Aircraft_DATASET/tmp_multi/Sukhoi/b0a2cfcd3072c6cd.jpg
d1a58c9a3367cc99	/home/aobled/Downloads/Aircraft_DATASET/classification/train/flanker/d1a58c9a3367cc99.jpg	/home/aobled/Downloads/Aircraft_DATASET/tmp_multi/Sukhoi/d1a58c9a3367cc99.jpg
d2b2bced49492732	/home/aobled/Downloads/Aircraft_DATASET/classification/train/flanker/d2b2bced49492732.jpg	/home/aobled/Downloads/Aircraft_DATASET/tmp_multi/Sukhoi/d2b2bced49492732.jpg
f0e38d8d23338cce	/home/aobled/Downloads/Aircraft_DATASET/classification/train/flanker/f0e38d8d23338cce.jpg	/home/aobled/Downloads/Aircraft_DATASET/tmp_multi/Sukhoi/f0e38d8d23338cce.jpg
84ded1270ef8e552	/home/aobled/Downloads/Aircraft_DATASET/classification/train/flanker/84ded1270ef8e552.jpg	/home/aobled/Downloads/Aircraft_DATASET/tmp_multi/Sukhoi/84ded1270ef8e552.jpg
848af97716196d66	/home/aobled/Downloads/Aircraft_DATASET/classification/train/flanker/848af97716196d66.jpg	/home/aobled/Downloads/Aircraft_DATASET/tmp_multi/Sukhoi/848af97716196d66.jpg
c45eccf4d293e981	/home/aobled/Downloads/Aircraft_DATASET/classification/train/flanker/c45eccf4d293e981.jpg	/home/aobled/Downloads/Aircraft_DATASET/tmp_multi/Sukhoi/c45eccf4d293e981.jpg
94b0ca6f331cd8b5	/home/aobled/Downloads/Aircraft_DATASET/classification/train/flanker/94b0ca6f331cd8b5.jpg	/home/aobled/Downloads/Aircraft_DATASET/tmp_multi/Sukhoi/94b0ca6f331cd8b5.jpg
98cba552b45ba347	/home/aobled/Downloads/Aircraft_DATASET/classification/train/flanker/98cba552b45ba347.jpg	/home/aobled/Downloads/Aircraft_DATASET/tmp_multi/Sukhoi/98cba552b45ba347.jpg
9e81e15e1ca5635e	/home/aobled/Downloads/Aircraft_DATASET/classification/train/flanker/9e81e15e1ca5635e.jpg	/home/aobled/Downloads/Aircraft_DATASET/tmp_multi/Sukhoi/9e81e15e1ca5635e.jpg
858ed975030b9ee5	/home/aobled/Downloads/Aircraft_DATASET/classification/train/flanker/858ed975030b9ee5.jpg	/home/aobled/Downloads/Aircraft_DATASET/tmp_multi/Sukhoi/858ed975030b9ee5.jpg
c1a7ca9f01c29a3f	/home/aobled/Downloads/Aircraft_DATASET/classification/train/flanker/c1a7ca9f01c29a3f.jpg	/home/aobled/Downloads/Aircraft_DATASET/tmp_multi/Sukhoi/c1a7ca9f01c29a3f.jpg
d3dd886697d92826	/home/aobled/Downloads/Aircraft_DATASET/classification/train/flanker/d3dd886697d92826.jpg	/home/aobled/Downloads/Aircraft_DATASET/tmp_multi/Sukhoi/d3dd886697d92826.jpg
92064d6d96897d67	/home/aobled/Downloads/Aircraft_DATASET/classification/train/flanker/92064d6d96897d67.jpg	/home/aobled/Downloads/Aircraft_DATASET/tmp_multi/Sukhoi/92064d6d96897d67.jpg
b787c81935e6ca61	/home/aobled/Downloads/Aircraft_DATASET/classification/train/flanker/b787c81935e6ca61.jpg	/home/aobled/Downloads/Aircraft_DATASET/tmp_multi/Sukhoi/b787c81935e6ca61.jpg
e9eda692521c3475	/home/aobled/Downloads/Aircraft_DATASET/classification/train/flanker/e9eda692521c3475.jpg	/home/aobled/Downloads/Aircraft_DATASET/tmp_multi/Sukhoi/e9eda692521c3475.jpg
91e1af9c92436d6c	/home/aobled/Downloads/Aircraft_DATASET/classification/train/flanker/91e1af9c92436d6c.jpg	/home/aobled/Downloads/Aircraft_DATASET/tmp_multi/Sukhoi/91e1af9c92436d6c.jpg
f4a58a1e7264b987	/home/aobled/Downloads/Aircraft_DATASET/classification/train/flanker/f4a58a1e7264b987.jpg	/home/aobled/Downloads/Aircraft_DATASET/tmp_multi/Sukhoi/f4a58a1e7264b987.jpg
901c4df19bda2d33	/home/aobled/Downloads/Aircraft_DATASET/classification/train/flanker/901c4df19bda2d33.jpg	/home/aobled/Downloads/Aircraft_DATASET/tmp_multi/Sukhoi/901c4df19bda2d33.jpg
cbcab0b41515c5eb	/home/aobled/Downloads/Aircraft_DATASET/classification/train/flanker/cbcab0b41515c5eb.jpg	/home/aobled/Downloads/Aircraft_DATASET/tmp_multi/Sukhoi/cbcab0b41515c5eb.jpg
9e8f2170deaf3144	/home/aobled/Downloads/Aircraft_DATASET/classification/train/flanker/9e8f2170deaf3144.jpg	/home/aobled/Downloads/Aircraft_DATASET/tmp_multi/Sukhoi/9e8f2170deaf3144.jpg
81ed76391e4513f4	/home/aobled/Downloads/Aircraft_DATASET/classification/train/flanker/81ed76391e4513f4.jpg	/home/aobled/Downloads/Aircraft_DATASET/tmp_multi/Sukhoi/81ed76391e4513f4.jpg
c0d54368f8c73eb8	/home/aobled/Downloads/Aircraft_DATASET/classification/train/flanker/c0d54368f8c73eb8.jpg	/home/aobled/Downloads/Aircraft_DATASET/tmp_multi/Sukhoi/c0d54368f8c73eb8.jpg
e5b24d8a659359cc	/home/aobled/Downloads/Aircraft_DATASET/classification/train/flanker/e5b24d8a659359cc.jpg	/home/aobled/Downloads/Aircraft_DATASET/tmp_multi/Sukhoi/e5b24d8a659359cc.jpg
92926d6d86da3fa0	/home/aobled/Downloads/Aircraft_DATASET/classification/train/flanker/92926d6d86da3fa0.jpg	/home/aobled/Downloads/Aircraft_DATASET/tmp_multi/Sukhoi/92926d6d86da3fa0.jpg
b0cc4732fc4d9374	/home/aobled/Downloads/Aircraft_DATASET/classification/train/flanker/b0cc4732fc4d9374.jpg	/home/aobled/Downloads/Aircraft_DATASET/tmp_multi/Sukhoi/b0cc4732fc4d9374.jpg
c0c9ad3252d8ed2f	/home/aobled/Downloads/Aircraft_DATASET/classification/train/flanker/c0c9ad3252d8ed2f.jpg	/home/aobled/Downloads/Aircraft_DATASET/tmp_multi/Sukhoi/c0c9ad3252d8ed2f.jpg
9083eeaddcd66069	/home/aobled/Downloads/Aircraft_DATASET/classification/train/flanker/9083eeaddcd66069.jpg	/home/aobled/Downloads/Aircraft_DATASET/tmp_multi/Sukhoi/9083eeaddcd66069.jpg
8e80f1570ca8f35f	/home/aobled/Downloads/Aircraft_DATASET/classification/train/flanker/8e80f1570ca8f35f.jpg	/home/aobled/Downloads/Aircraft_DATASET/tmp_multi/Sukhoi/8e80f1570ca8f35f.jpg
d6918937e6a19b4c	/home/aobled/Downloads/Aircraft_DATASET/classification/train/flanker/d6918937e6a19b4c.jpg	/home/aobled/Downloads/Aircraft_DATASET/tmp_multi/Sukhoi/d6918937e6a19b4c.jpg
b1c3cc7630cadb25	/home/aobled/Downloads/Aircraft_DATASET/classification/train/flanker/b1c3cc7630cadb25.jpg	/home/aobled/Downloads/Aircraft_DATASET/tmp_multi/Sukhoi/b1c3cc7630cadb25.jpg
cbc9f8a686163535	/home/aobled/Downloads/Aircraft_DATASET/classification/train/flanker/cbc9f8a686163535.jpg	/home/aobled/Downloads/Aircraft_DATASET/tmp_multi/Sukhoi/cbc9f8a686163535.jpg
d19e69e586da3125	/home/aobled/Downloads/Aircraft_DATASET/classification/train/flanker/d19e69e586da3125.jpg	/home/aobled/Downloads/Aircraft_DATASET/tmp_multi/Sukhoi/d19e69e586da3125.jpg
96160d66969ecd27	/home/aobled/Downloads/Aircraft_DATASET/classification/train/flanker/96160d66969ecd27.jpg	/home/aobled/Downloads/Aircraft_DATASET/tmp_multi/Sukhoi/96160d66969ecd27.jpg
beccc0b334e44d59	/home/aobled/Downloads/Aircraft_DATASET/classification/train/flanker/beccc0b334e44d59.jpg	/home/aobled/Downloads/Aircraft_DATASET/tmp_multi/Sukhoi/beccc0b334e44d59.jpg
901141f396df2737	/home/aobled/Downloads/Aircraft_DATASET/classification/train/flanker/901141f396df2737.jpg	/home/aobled/Downloads/Aircraft_DATASET/tmp_multi/Sukhoi/901141f396df2737.jpg
f1c98e3661c998b6	/home/aobled/Downloads/Aircraft_DATASET/classification/train/flanker/f1c98e3661c998b6.jpg	/home/aobled/Downloads/Aircraft_DATASET/tmp_multi/Sukhoi/f1c98e3661c998b6.jpg
d0caea3204c5f97b	/home/aobled/Downloads/Aircraft_DATASET/classification/train/flanker/d0caea3204c5f97b.jpg	/home/aobled/Downloads/Aircraft_DATASET/tmp_multi/Sukhoi/d0caea3204c5f97b.jpg
87fed8350788d835	/home/aobled/Downloads/Aircraft_DATASET/classification/train/flanker/87fed8350788d835.jpg	/home/aobled/Downloads/Aircraft_DATASET/tmp_multi/Sukhoi/87fed8350788d835.jpg
8583f87d178aa1b5	/home/aobled/Downloads/Aircraft_DATASET/classification/train/flanker/8583f87d178aa1b5.jpg	/home/aobled/Downloads/Aircraft_DATASET/tmp_multi/Sukhoi/8583f87d178aa1b5.jpg
d59c68e796d83123	/home/aobled/Downloads/Aircraft_DATASET/classification/train/flanker/d59c68e796d83123.jpg	/home/aobled/Downloads/Aircraft_DATASET/tmp_multi/Sukhoi/d59c68e796d83123.jpg
898984b2f47e7633	/home/aobled/Downloads/Aircraft_DATASET/classification/train/flanker/898984b2f47e7633.jpg	/home/aobled/Downloads/Aircraft_DATASET/tmp_multi/Sukhoi/898984b2f47e7633.jpg
b3c6cc4933a6ce49	/home/aobled/Downloads/Aircraft_DATASET/classification/train/flanker/b3c6cc4933a6ce49.jpg	/home/aobled/Downloads/Aircraft_DATASET/tmp_multi/Sukhoi/b3c6cc4933a6ce49.jpg
9094cdef33168ce9	/home/aobled/Downloads/Aircraft_DATASET/classification/train/flanker/9094cdef33168ce9.jpg	/home/aobled/Downloads/Aircraft_DATASET/tmp_multi/Sukhoi/9094cdef33168ce9.jpg
9780fe3856432ebc	/home/aobled/Downloads/Aircraft_DATASET/classification/train/flanker/9780fe3856432ebc.jpg	/home/aobled/Downloads/Aircraft_DATASET/tmp_multi/Sukhoi/9780fe3856432ebc.jpg
d1874cb173cc1d33	/home/aobled/Downloads/Aircraft_DATASET/classification/train/flanker/d1874cb173cc1d33.jpg	/home/aobled/Downloads/Aircraft_DATASET/tmp_multi/Sukhoi/d1874cb173cc1d33.jpg
a2ea9db551caea28	/home/aobled/Downloads/Aircraft_DATASET/classification/train/flanker/a2ea9db551caea28.jpg	/home/aobled/Downloads/Aircraft_DATASET/tmp_multi/Sukhoi/a2ea9db551caea28.jpg
d0c3afb8406fcf90	/home/aobled/Downloads/Aircraft_DATASET/classification/train/flanker/d0c3afb8406fcf90.jpg	/home/aobled/Downloads/Aircraft_DATASET/tmp_multi/Sukhoi/d0c3afb8406fcf90.jpg
a1d6da15718ec479	/home/aobled/Downloads/Aircraft_DATASET/classification/train/flanker/a1d6da15718ec479.jpg	/home/aobled/Downloads/Aircraft_DATASET/tmp_multi/Sukhoi/a1d6da15718ec479.jpg
9180eebdddc2626c	/home/aobled/Downloads/Aircraft_DATASET/classification/train/flanker/9180eebdddc2626c.jpg	/home/aobled/Downloads/Aircraft_DATASET/tmp_multi/Sukhoi/9180eebdddc2626c.jpg
90c2ff3a10c17f4e	/home/aobled/Downloads/Aircraft_DATASET/classification/train/flanker/90c2ff3a10c17f4e.jpg	/home/aobled/Downloads/Aircraft_DATASET/tmp_multi/Sukhoi/90c2ff3a10c17f4e.jpg
9482ebf51c0aeab5	/home/aobled/Downloads/Aircraft_DATASET/classification/train/flanker/9482ebf51c0aeab5.jpg	/home/aobled/Downloads/Aircraft_DATASET/tmp_multi/Sukhoi/9482ebf51c0aeab5.jpg
91044e32b1cd7bfa	/home/aobled/Downloads/Aircraft_DATASET/classification/train/flanker/91044e32b1cd7bfa.jpg	/home/aobled/Downloads/Aircraft_DATASET/tmp_multi/Sukhoi/91044e32b1cd7bfa.jpg
dadae4a4250db9b4	/home/aobled/Downloads/Aircraft_DATASET/classification/train/flanker/dadae4a4250db9b4.jpg	/home/aobled/Downloads/Aircraft_DATASET/tmp_multi/Sukhoi/dadae4a4250db9b4.jpg
bcc6c3393cc69b30	/home/aobled/Downloads/Aircraft_DATASET/classification/train/flanker/bcc6c3393cc69b30.jpg	/home/aobled/Downloads/Aircraft_DATASET/tmp_multi/Sukhoi/bcc6c3393cc69b30.jpg
9793e9d8543e2833	/home/aobled/Downloads/Aircraft_DATASET/classification/train/flanker/9793e9d8543e2833.jpg	/home/aobled/Downloads/Aircraft_DATASET/tmp_multi/Sukhoi/9793e9d8543e2833.jpg
94f2e20c97e23c9d	/home/aobled/Downloads/Aircraft_DATASET/classification/train/flanker/94f2e20c97e23c9d.jpg	/home/aobled/Downloads/Aircraft_DATASET/tmp_multi/Sukhoi/94f2e20c97e23c9d.jpg
b0b0ed8f1f4e6d20	/home/aobled/Downloads/Aircraft_DATASET/classification/train/flanker/b0b0ed8f1f4e6d20.jpg	/home/aobled/Downloads/Aircraft_DATASET/tmp_multi/Sukhoi/b0b0ed8f1f4e6d20.jpg
e9c8da838786367c	/home/aobled/Downloads/Aircraft_DATASET/classification/train/flanker/e9c8da838786367c.jpg	/home/aobled/Downloads/Aircraft_DATASET/tmp_multi/Sukhoi/e9c8da838786367c.jpg
94c3796586def031	/home/aobled/Downloads/Aircraft_DATASET/classification/train/flanker/94c3796586def031.jpg	/home/aobled/Downloads/Aircraft_DATASET/tmp_multi/Sukhoi/94c3796586def031.jpg
9683e975160beb83	/home/aobled/Downloads/Aircraft_DATASET/classification/train/flanker/9683e975160beb83.jpg	/home/aobled/Downloads/Aircraft_DATASET/tmp_multi/Sukhoi/9683e975160beb83.jpg
d1f1acb64e0f2263	/home/aobled/Downloads/Aircraft_DATASET/classification/train/flanker/d1f1acb64e0f2263.jpg	/home/aobled/Downloads/Aircraft_DATASET/tmp_multi/Sukhoi/d1f1acb64e0f2263.jpg
cb9a94657988c667	/home/aobled/Downloads/Aircraft_DATASET/classification/train/flanker/cb9a94657988c667.jpg	/home/aobled/Downloads/Aircraft_DATASET/tmp_multi/Sukhoi/cb9a94657988c667.jpg
e1cdd4b2024dede1	/home/aobled/Downloads/Aircraft_DATASET/classification/train/flanker/e1cdd4b2024dede1.jpg	/home/aobled/Downloads/Aircraft_DATASET/tmp_multi/Sukhoi/e1cdd4b2024dede1.jpg
80ed7e0d1720bbec	/home/aobled/Downloads/Aircraft_DATASET/classification/train/flanker/80ed7e0d1720bbec.jpg	/home/aobled/Downloads/Aircraft_DATASET/tmp_multi/Sukhoi/80ed7e0d1720bbec.jpg
a4ded5092e96f509	/home/aobled/Downloads/Aircraft_DATASET/classification/train/flanker/a4ded5092e96f509.jpg	/home/aobled/Downloads/Aircraft_DATASET/tmp_multi/Sukhoi/a4ded5092e96f509.jpg
90b0cf6f7718d8b0	/home/aobled/Downloads/Aircraft_DATASET/classification/train/flanker/90b0cf6f7718d8b0.jpg	/home/aobled/Downloads/Aircraft_DATASET/tmp_multi/Sukhoi/90b0cf6f7718d8b0.jpg
c5dafa2415ce62b8	/home/aobled/Downloads/Aircraft_DATASET/classification/train/flanker/c5dafa2415ce62b8.jpg	/home/aobled/Downloads/Aircraft_DATASET/tmp_multi/Sukhoi/c5dafa2415ce62b8.jpg
89a99dd652053f3a	/home/aobled/Downloads/Aircraft_DATASET/classification/train/flanker/89a99dd652053f3a.jpg	/home/aobled/Downloads/Aircraft_DATASET/tmp_multi/Sukhoi/89a99dd652053f3a.jpg
85d80fd6659aa936	/home/aobled/Downloads/Aircraft_DATASET/classification/train/flanker/85d80fd6659aa936.jpg	/home/aobled/Downloads/Aircraft_DATASET/tmp_multi/Sukhoi/85d80fd6659aa936.jpg
84169b8dc6ceed49	/home/aobled/Downloads/Aircraft_DATASET/classification/train/flanker/84169b8dc6ceed49.jpg	/home/aobled/Downloads/Aircraft_DATASET/tmp_multi/Sukhoi/84169b8dc6ceed49.jpg
d2cdac3242cded32	/home/aobled/Downloads/Aircraft_DATASET/classification/train/flanker/d2cdac3242cded32.jpg	/home/aobled/Downloads/Aircraft_DATASET/tmp_multi/Sukhoi/d2cdac3242cded32.jpg
edd3901f24d9832d	/home/aobled/Downloads/Aircraft_DATASET/classification/train/flanker/edd3901f24d9832d.jpg	/home/aobled/Downloads/Aircraft_DATASET/tmp_multi/Sukhoi/edd3901f24d9832d.jpg
86a7e9791416a3e9	/home/aobled/Downloads/Aircraft_DATASET/classification/train/flanker/86a7e9791416a3e9.jpg	/home/aobled/Downloads/Aircraft_DATASET/tmp_multi/Sukhoi/86a7e9791416a3e9.jpg
8f9fd4e22bc17070	/home/aobled/Downloads/Aircraft_DATASET/classification/train/flanker/8f9fd4e22bc17070.jpg	/home/aobled/Downloads/Aircraft_DATASET/tmp_multi/Sukhoi/8f9fd4e22bc17070.jpg
bee4439138ec4e1b	/home/aobled/Downloads/Aircraft_DATASET/classification/train/flanker/bee4439138ec4e1b.jpg	/home/aobled/Downloads/Aircraft_DATASET/tmp_multi/Sukhoi/bee4439138ec4e1b.jpg
c68de9528eed7118	/home/aobled/Downloads/Aircraft_DATASET/classification/train/flanker/c68de9528eed7118.jpg	/home/aobled/Downloads/Aircraft_DATASET/tmp_multi/Sukhoi/c68de9528eed7118.jpg
d78de0121fcd6931	/home/aobled/Downloads/Aircraft_DATASET/classification/train/flanker/d78de0121fcd6931.jpg	/home/aobled/Downloads/Aircraft_DATASET/tmp_multi/Sukhoi/d78de0121fcd6931.jpg
d6d2e8a90f50f2a6	/home/aobled/Downloads/Aircraft_DATASET/classification/train/flanker/d6d2e8a90f50f2a6.jpg	/home/aobled/Downloads/Aircraft_DATASET/tmp_multi/Sukhoi/d6d2e8a90f50f2a6.jpg
d2cdad1252cded12	/home/aobled/Downloads/Aircraft_DATASET/classification/train/flanker/d2cdad1252cded12.jpg	/home/aobled/Downloads/Aircraft_DATASET/tmp_multi/Sukhoi/d2cdad1252cded12.jpg
e8cc9533daa54b58	/home/aobled/Downloads/Aircraft_DATASET/classification/train/flanker/e8cc9533daa54b58.jpg	/home/aobled/Downloads/Aircraft_DATASET/tmp_multi/Sukhoi/e8cc9533daa54b58.jpg
9488ebf71708eab1	/home/aobled/Downloads/Aircraft_DATASET/classification/train/flanker/9488ebf71708eab1.jpg	/home/aobled/Downloads/Aircraft_DATASET/tmp_multi/Sukhoi/9488ebf71708eab1.jpg
90a2ed7f1782e871	/home/aobled/Downloads/Aircraft_DATASET/classification/train/flanker/90a2ed7f1782e871.jpg	/home/aobled/Downloads/Aircraft_DATASET/tmp_multi/Sukhoi/90a2ed7f1782e871.jpg
9688e9f71608ebb2	/home/aobled/Downloads/Aircraft_DATASET/classification/train/flanker/9688e9f71608ebb2.jpg	/home/aobled/Downloads/Aircraft_DATASET/tmp_multi/Sukhoi/9688e9f71608ebb2.jpg
d5caca0165dafa25	/home/aobled/Downloads/Aircraft_DATASET/classification/train/flanker/d5caca0165dafa25.jpg	/home/aobled/Downloads/Aircraft_DATASET/tmp_multi/Sukhoi/d5caca0165dafa25.jpg
8783e97c7c0b2947	/home/aobled/Downloads/Aircraft_DATASET/classification/train/flanker/8783e97c7c0b2947.jpg	/home/aobled/Downloads/Aircraft_DATASET/tmp_multi/Sukhoi/8783e97c7c0b2947.jpg
b1cf8e322dcd1233	/home/aobled/Downloads/Aircraft_DATASET/classification/train/flanker/b1cf8e322dcd1233.jpg	/home/aobled/Downloads/Aircraft_DATASET/tmp_multi/Sukhoi/b1cf8e322dcd1233.jpg
9389ecb25addb422	/home/aobled/Downloads/Aircraft_DATASET/classification/train/flanker/9389ecb25addb422.jpg	/home/aobled/Downloads/Aircraft_DATASET/tmp_multi/Sukhoi/9389ecb25addb422.jpg
c49919e667d99266	/home/aobled/Downloads/Aircraft_DATASET/classification/train/flanker/c49919e667d99266.jpg	/home/aobled/Downloads/Aircraft_DATASET/tmp_multi/Sukhoi/c49919e667d99266.jpg
84c5d3332cc47b3b	/home/aobled/Downloads/Aircraft_DATASET/classification/train/flanker/84c5d3332cc47b3b.jpg	/home/aobled/Downloads/Aircraft_DATASET/tmp_multi/Sukhoi/84c5d3332cc47b3b.jpg
8dc5d3722dcd6033	/home/aobled/Downloads/Aircraft_DATASET/classification/train/flanker/8dc5d3722dcd6033.jpg	/home/aobled/Downloads/Aircraft_DATASET/tmp_multi/Sukhoi/8dc5d3722dcd6033.jpg
905e077d3b036dc9	/home/aobled/Downloads/Aircraft_DATASET/classification/train/flanker/905e077d3b036dc9.jpg	/home/aobled/Downloads/Aircraft_DATASET/tmp_multi/Sukhoi/905e077d3b036dc9.jpg
9489eb7c158be865	/home/aobled/Downloads/Aircraft_DATASET/classification/train/flanker/9489eb7c158be865.jpg	/home/aobled/Downloads/Aircraft_DATASET/tmp_multi/Sukhoi/9489eb7c158be865.jpg
b0a4cfcb3134cc9d	/home/aobled/Downloads/Aircraft_DATASET/classification/train/flanker/b0a4cfcb3134cc9d.jpg	/home/aobled/Downloads/Aircraft_DATASET/tmp_multi/Sukhoi/b0a4cfcb3134cc9d.jpg
f060e7a7c7c6e038	/home/aobled/Downloads/Aircraft_DATASET/classification/train/f16/f060e7a7c7c6e038.jpg	/home/aobled/Downloads/Aircraft_DATASET/tmp_multi/F16/f060e7a7c7c6e038.jpg
bf1f89e260f9b0c0	/home/aobled/Downloads/Aircraft_DATASET/classification/val/a4/bf1f89e260f9b0c0.jpg	/home/aobled/Downloads/Aircraft_DATASET/tmp_multi/a4/bf1f89e260f9b0c0.jpg
848d7b72d4952d4d	/home/aobled/Downloads/Aircraft_DATASET/classification/val/a4/848d7b72d4952d4d.jpg	/home/aobled/Downloads/Aircraft_DATASET/tmp_multi/a4/848d7b72d4952d4d.jpg
90752f8fd270783c	/home/aobled/Downloads/Aircraft_DATASET/classification/val/a4/90752f8fd270783c.jpg	/home/aobled/Downloads/Aircraft_DATASET/tmp_multi/a4/90752f8fd270783c.jpg
94a87bd654b5294e	/home/aobled/Downloads/Aircraft_DATASET/classification/val/a4/94a87bd654b5294e.jpg	/home/aobled/Downloads/Aircraft_DATASET/tmp_multi/a4/94a87bd654b5294e.jpg
856b7a3695c1625e	/home/aobled/Downloads/Aircraft_DATASET/classification/val/a4/856b7a3695c1625e.jpg	/home/aobled/Downloads/Aircraft_DATASET/tmp_multi/a4/856b7a3695c1625e.jpg
d7cd283ad3c54459	/home/aobled/Downloads/Aircraft_DATASET/classification/val/a4/d7cd283ad3c54459.jpg	/home/aobled/Downloads/Aircraft_DATASET/tmp_multi/a4/d7cd283ad3c54459.jpg
98b8bf0dc5c37268	/home/aobled/Downloads/Aircraft_DATASET/classification/val/a4/98b8bf0dc5c37268.jpg	/home/aobled/Downloads/Aircraft_DATASET/tmp_multi/a4/98b8bf0dc5c37268.jpg
94cb8d43f43c4bc5	/home/aobled/Downloads/Aircraft_DATASET/classification/val/a4/94cb8d43f43c4bc5.jpg	/home/aobled/Downloads/Aircraft_DATASET/tmp_multi/a4/94cb8d43f43c4bc5.jpg
91ad3b4ad231b4d6	/home/aobled/Downloads/Aircraft_DATASET/classification/val/a4/91ad3b4ad231b4d6.jpg	/home/aobled/Downloads/Aircraft_DATASET/tmp_multi/a4/91ad3b4ad231b4d6.jpg
98983e9f47e27898	/home/aobled/Downloads/Aircraft_DATASET/classification/val/a4/98983e9f47e27898.jpg	/home/aobled/Downloads/Aircraft_DATASET/tmp_multi/a4/98983e9f47e27898.jpg
91a46ed2da2db16a	/home/aobled/Downloads/Aircraft_DATASET/classification/val/a4/91a46ed2da2db16a.jpg	/home/aobled/Downloads/Aircraft_DATASET/tmp_multi/a4/91a46ed2da2db16a.jpg
bac784631a8769dc	/home/aobled/Downloads/Aircraft_DATASET/classification/val/a4/bac784631a8769dc.jpg	/home/aobled/Downloads/Aircraft_DATASET/tmp_multi/a4/bac784631a8769dc.jpg
b791b923db0b7038	/home/aobled/Downloads/Aircraft_DATASET/classification/val/a4/b791b923db0b7038.jpg	/home/aobled/Downloads/Aircraft_DATASET/tmp_multi/a4/b791b923db0b7038.jpg
afc999b206ccb970	/home/aobled/Downloads/Aircraft_DATASET/classification/val/c130/afc999b206ccb970.jpg	/home/aobled/Downloads/Aircraft_DATASET/tmp_multi/C130/afc999b206ccb970.jpg
