base_image_name,image_filename,box_class,directory,split
8000020f3fffbf76,8000020f3fffbf76.jpg,f18,satellite,train
8000020f3fffbf76,8000020f3fffbf76.jpg,f18,satellite,train
8000020f3fffbf76,8000020f3fffbf76.jpg,f18,satellite,train
8000020f3fffbf76,8000020f3fffbf76.jpg,f18,satellite,train
8000020f3fffbf76,8000020f3fffbf76.jpg,f18,satellite,train
8000020f3fffbf76,8000020f3fffbf76.jpg,f18,satellite,train
8000020f3fffbf76,8000020f3fffbf76.jpg,f18,satellite,train
8000020f3fffbf76,8000020f3fffbf76.jpg,f18,satellite,train
8000020f3fffbf76,8000020f3fffbf76.jpg,f18,satellite,train
8000020f3fffbf76,8000020f3fffbf76.jpg,f18,satellite,train
8000020f3fffbf76,8000020f3fffbf76.jpg,f18,satellite,train
8000020f3fffbf76,8000020f3fffbf76.jpg,f18,satellite,train
8000020f3fffbf76,8000020f3fffbf76.jpg,f18,satellite,train
80ff40f687360f39,80ff40f687360f39.jpg,f18,satellite,val
80ff40f687360f39,80ff40f687360f39.jpg,f22,satellite,val
80ff40f687360f39,80ff40f687360f39.jpg,f18,satellite,val
80ff40f687360f39,80ff40f687360f39.jpg,f18,satellite,val
80ff40f687360f39,80ff40f687360f39.jpg,f18,satellite,val
80ff40f687360f39,80ff40f687360f39.jpg,f18,satellite,val
80ff40f687360f39,80ff40f687360f39.jpg,f22,satellite,val
80ff40f687360f39,80ff40f687360f39.jpg,f18,satellite,val
80ff40f687360f39,80ff40f687360f39.jpg,f22,satellite,val
80ff40f687360f39,80ff40f687360f39.jpg,f18,satellite,val
80ff40f687360f39,80ff40f687360f39.jpg,f18,satellite,val
80ff40f687360f39,80ff40f687360f39.jpg,f18,satellite,val
80ff40f687360f39,80ff40f687360f39.jpg,f22,satellite,val
812f1e161b4d6d76,812f1e161b4d6d76.jpg,typhoon,typhoon,val
812f1e161b4d6d76,812f1e161b4d6d76.jpg,typhoon,typhoon,val
812f1e161b4d6d76,812f1e161b4d6d76.jpg,f15,typhoon,val
812f1e161b4d6d76,812f1e161b4d6d76.jpg,f15,typhoon,val
812f1e161b4d6d76,812f1e161b4d6d76.jpg,typhoon,typhoon,val
812f1e161b4d6d76,812f1e161b4d6d76.jpg,typhoon,typhoon,val
812f1e161b4d6d76,812f1e161b4d6d76.jpg,f15,typhoon,val
812f1e161b4d6d76,812f1e161b4d6d76.jpg,unknown,typhoon,val
812f1e161b4d6d76,812f1e161b4d6d76.jpg,f15,typhoon,val
812f1e161b4d6d76,812f1e161b4d6d76.jpg,f15,typhoon,val
812f1e161b4d6d76,812f1e161b4d6d76.jpg,f15,typhoon,val
812f1e161b4d6d76,812f1e161b4d6d76.jpg,f14,typhoon,val
812f1e161b4d6d76,812f1e161b4d6d76.jpg,typhoon,typhoon,val
816949675b574dc3,816949675b574dc3.jpg,f16,_multi,train
816949675b574dc3,816949675b574dc3.jpg,gripen,_multi,train
816949675b574dc3,816949675b574dc3.jpg,gripen,_multi,train
816949675b574dc3,816949675b574dc3.jpg,gripen,_multi,train
816949675b574dc3,816949675b574dc3.jpg,f16,_multi,train
816949675b574dc3,816949675b574dc3.jpg,f16,_multi,train
816949675b574dc3,816949675b574dc3.jpg,f16,_multi,train
816949675b574dc3,816949675b574dc3.jpg,gripen,_multi,train
816949675b574dc3,816949675b574dc3.jpg,b52,_multi,train
816949675b574dc3,816949675b574dc3.jpg,typhoon,_multi,train
816949675b574dc3,816949675b574dc3.jpg,typhoon,_multi,train
816949675b574dc3,816949675b574dc3.jpg,f16,_multi,train
816949675b574dc3,816949675b574dc3.jpg,f16,_multi,train
81e8367d8a9db44b,81e8367d8a9db44b.jpg,f35,harrier,train
81e8367d8a9db44b,81e8367d8a9db44b.jpg,f18,harrier,train
81e8367d8a9db44b,81e8367d8a9db44b.jpg,harrier,harrier,train
81e8367d8a9db44b,81e8367d8a9db44b.jpg,f18,harrier,train
81e8367d8a9db44b,81e8367d8a9db44b.jpg,f35,harrier,train
81e8367d8a9db44b,81e8367d8a9db44b.jpg,f35,harrier,train
81e8367d8a9db44b,81e8367d8a9db44b.jpg,f18,harrier,train
81e8367d8a9db44b,81e8367d8a9db44b.jpg,f18,harrier,train
81e8367d8a9db44b,81e8367d8a9db44b.jpg,f35,harrier,train
81e8367d8a9db44b,81e8367d8a9db44b.jpg,f35,harrier,train
81e8367d8a9db44b,81e8367d8a9db44b.jpg,f35,harrier,train
81e8367d8a9db44b,81e8367d8a9db44b.jpg,f35,harrier,train
81e8367d8a9db44b,81e8367d8a9db44b.jpg,f18,harrier,train
8207586ba79ec9a7,8207586ba79ec9a7.jpg,rafale,_multi,train
8207586ba79ec9a7,8207586ba79ec9a7.jpg,rafale,_multi,train
8207586ba79ec9a7,8207586ba79ec9a7.jpg,rafale,_multi,train
8207586ba79ec9a7,8207586ba79ec9a7.jpg,rafale,_multi,train
8207586ba79ec9a7,8207586ba79ec9a7.jpg,rafale,_multi,train
8207586ba79ec9a7,8207586ba79ec9a7.jpg,rafale,_multi,train
8207586ba79ec9a7,8207586ba79ec9a7.jpg,rafale,_multi,train
8207586ba79ec9a7,8207586ba79ec9a7.jpg,rafale,_multi,train
8207586ba79ec9a7,8207586ba79ec9a7.jpg,rafale,_multi,train
8207586ba79ec9a7,8207586ba79ec9a7.jpg,rafale,_multi,train
8207586ba79ec9a7,8207586ba79ec9a7.jpg,rafale,_multi,train
8207586ba79ec9a7,8207586ba79ec9a7.jpg,unknown,_multi,train
8207586ba79ec9a7,8207586ba79ec9a7.jpg,rafale,_multi,train
820fe14b7de22f70,820fe14b7de22f70.jpg,f18,satellite,val
820fe14b7de22f70,820fe14b7de22f70.jpg,f18,satellite,val
820fe14b7de22f70,820fe14b7de22f70.jpg,f18,satellite,val
820fe14b7de22f70,820fe14b7de22f70.jpg,f18,satellite,val
820fe14b7de22f70,820fe14b7de22f70.jpg,f18,satellite,val
820fe14b7de22f70,820fe14b7de22f70.jpg,f18,satellite,val
820fe14b7de22f70,820fe14b7de22f70.jpg,f18,satellite,val
820fe14b7de22f70,820fe14b7de22f70.jpg,f18,satellite,val
820fe14b7de22f70,820fe14b7de22f70.jpg,f18,satellite,val
820fe14b7de22f70,820fe14b7de22f70.jpg,f18,satellite,val
820fe14b7de22f70,820fe14b7de22f70.jpg,f18,satellite,val
820fe14b7de22f70,820fe14b7de22f70.jpg,f18,satellite,val
820fe14b7de22f70,820fe14b7de22f70.jpg,f18,satellite,val
83055c6b67dec8e1,83055c6b67dec8e1.jpg,rafale,_multi,train
83055c6b67dec8e1,83055c6b67dec8e1.jpg,rafale,_multi,train
83055c6b67dec8e1,83055c6b67dec8e1.jpg,rafale,_multi,train
83055c6b67dec8e1,83055c6b67dec8e1.jpg,rafale,_multi,train
83055c6b67dec8e1,83055c6b67dec8e1.jpg,rafale,_multi,train
83055c6b67dec8e1,83055c6b67dec8e1.jpg,rafaale,_multi,train
83055c6b67dec8e1,83055c6b67dec8e1.jpg,rafale,_multi,train
83055c6b67dec8e1,83055c6b67dec8e1.jpg,rafale,_multi,train
83055c6b67dec8e1,83055c6b67dec8e1.jpg,rafale,_multi,train
83055c6b67dec8e1,83055c6b67dec8e1.jpg,unknown,_multi,train
83055c6b67dec8e1,83055c6b67dec8e1.jpg,gripen,_multi,train
83055c6b67dec8e1,83055c6b67dec8e1.jpg,rafale,_multi,train
83055c6b67dec8e1,83055c6b67dec8e1.jpg,rafale,_multi,train
837cf8c7639443b4,837cf8c7639443b4.jpg,unknown,_multi,train
837cf8c7639443b4,837cf8c7639443b4.jpg,hawk,_multi,train
837cf8c7639443b4,837cf8c7639443b4.jpg,hawk,_multi,train
837cf8c7639443b4,837cf8c7639443b4.jpg,hawk,_multi,train
837cf8c7639443b4,837cf8c7639443b4.jpg,hawk,_multi,train
837cf8c7639443b4,837cf8c7639443b4.jpg,unknown,_multi,train
837cf8c7639443b4,837cf8c7639443b4.jpg,unknown,_multi,train
837cf8c7639443b4,837cf8c7639443b4.jpg,hawk,_multi,train
837cf8c7639443b4,837cf8c7639443b4.jpg,hawk,_multi,train
837cf8c7639443b4,837cf8c7639443b4.jpg,unknown,_multi,train
837cf8c7639443b4,837cf8c7639443b4.jpg,hawk,_multi,train
837cf8c7639443b4,837cf8c7639443b4.jpg,hawk,_multi,train
837cf8c7639443b4,837cf8c7639443b4.jpg,hawk,_multi,train
83de895c78267333,83de895c78267333.jpg,unknown,satellite,val
83de895c78267333,83de895c78267333.jpg,unknown,satellite,val
83de895c78267333,83de895c78267333.jpg,unknown,satellite,val
83de895c78267333,83de895c78267333.jpg,unknown,satellite,val
83de895c78267333,83de895c78267333.jpg,unknown,satellite,val
83de895c78267333,83de895c78267333.jpg,unknown,satellite,val
83de895c78267333,83de895c78267333.jpg,unknown,satellite,val
83de895c78267333,83de895c78267333.jpg,unknown,satellite,val
83de895c78267333,83de895c78267333.jpg,unknown,satellite,val
83de895c78267333,83de895c78267333.jpg,unknown,satellite,val
83de895c78267333,83de895c78267333.jpg,unknown,satellite,val
83de895c78267333,83de895c78267333.jpg,unknown,satellite,val
83de895c78267333,83de895c78267333.jpg,unknown,satellite,val
85544aaff8c70db8,85544aaff8c70db8.jpg,b52,satellite,train
85544aaff8c70db8,85544aaff8c70db8.jpg,b52,satellite,train
85544aaff8c70db8,85544aaff8c70db8.jpg,b52,satellite,train
85544aaff8c70db8,85544aaff8c70db8.jpg,b52,satellite,train
85544aaff8c70db8,85544aaff8c70db8.jpg,b52,satellite,train
85544aaff8c70db8,85544aaff8c70db8.jpg,b52,satellite,train
85544aaff8c70db8,85544aaff8c70db8.jpg,b52,satellite,train
85544aaff8c70db8,85544aaff8c70db8.jpg,b52,satellite,train
85544aaff8c70db8,85544aaff8c70db8.jpg,b52,satellite,train
85544aaff8c70db8,85544aaff8c70db8.jpg,b52,satellite,train
85544aaff8c70db8,85544aaff8c70db8.jpg,b52,satellite,train
85544aaff8c70db8,85544aaff8c70db8.jpg,b52,satellite,train
85544aaff8c70db8,85544aaff8c70db8.jpg,b52,satellite,train
85aa371f1f15742a,85aa371f1f15742a.jpg,unknown,satellite,val
85aa371f1f15742a,85aa371f1f15742a.jpg,unknown,satellite,val
85aa371f1f15742a,85aa371f1f15742a.jpg,unknown,satellite,val
85aa371f1f15742a,85aa371f1f15742a.jpg,unknown,satellite,val
85aa371f1f15742a,85aa371f1f15742a.jpg,unknown,satellite,val
85aa371f1f15742a,85aa371f1f15742a.jpg,unknown,satellite,val
85aa371f1f15742a,85aa371f1f15742a.jpg,unknown,satellite,val
85aa371f1f15742a,85aa371f1f15742a.jpg,unknown,satellite,val
85aa371f1f15742a,85aa371f1f15742a.jpg,unknown,satellite,val
85aa371f1f15742a,85aa371f1f15742a.jpg,unknown,satellite,val
85aa371f1f15742a,85aa371f1f15742a.jpg,unknown,satellite,val
85aa371f1f15742a,85aa371f1f15742a.jpg,unknown,satellite,val
85aa371f1f15742a,85aa371f1f15742a.jpg,unknown,satellite,val
86d98cf5e289e5a8,86d98cf5e289e5a8.jpg,mig29,_multi,train
86d98cf5e289e5a8,86d98cf5e289e5a8.jpg,mig29,_multi,train
86d98cf5e289e5a8,86d98cf5e289e5a8.jpg,mig29,_multi,train
86d98cf5e289e5a8,86d98cf5e289e5a8.jpg,mig29,_multi,train
86d98cf5e289e5a8,86d98cf5e289e5a8.jpg,mig29,_multi,train
86d98cf5e289e5a8,86d98cf5e289e5a8.jpg,mig29,_multi,train
86d98cf5e289e5a8,86d98cf5e289e5a8.jpg,mig29,_multi,train
86d98cf5e289e5a8,86d98cf5e289e5a8.jpg,mig29,_multi,train
86d98cf5e289e5a8,86d98cf5e289e5a8.jpg,mig29,_multi,train
86d98cf5e289e5a8,86d98cf5e289e5a8.jpg,mig29,_multi,train
86d98cf5e289e5a8,86d98cf5e289e5a8.jpg,mig29,_multi,train
86d98cf5e289e5a8,86d98cf5e289e5a8.jpg,mig29,_multi,train
86d98cf5e289e5a8,86d98cf5e289e5a8.jpg,mig29,_multi,train
87972f6d09593871,87972f6d09593871.jpg,tu95,satellite,train
87972f6d09593871,87972f6d09593871.jpg,tu95,satellite,train
87972f6d09593871,87972f6d09593871.jpg,tu95,satellite,train
87972f6d09593871,87972f6d09593871.jpg,tu95,satellite,train
87972f6d09593871,87972f6d09593871.jpg,tu95,satellite,train
87972f6d09593871,87972f6d09593871.jpg,tu95,satellite,train
87972f6d09593871,87972f6d09593871.jpg,tu95,satellite,train
87972f6d09593871,87972f6d09593871.jpg,tu95,satellite,train
87972f6d09593871,87972f6d09593871.jpg,tu95,satellite,train
87972f6d09593871,87972f6d09593871.jpg,tu95,satellite,train
87972f6d09593871,87972f6d09593871.jpg,tu95,satellite,train
87972f6d09593871,87972f6d09593871.jpg,tu95,satellite,train
87972f6d09593871,87972f6d09593871.jpg,tu95,satellite,train
8b653805e7ef90d8,8b653805e7ef90d8.jpg,f15,satellite,val
8b653805e7ef90d8,8b653805e7ef90d8.jpg,f15,satellite,val
8b653805e7ef90d8,8b653805e7ef90d8.jpg,f15,satellite,val
8b653805e7ef90d8,8b653805e7ef90d8.jpg,f15,satellite,val
8b653805e7ef90d8,8b653805e7ef90d8.jpg,f15,satellite,val
8b653805e7ef90d8,8b653805e7ef90d8.jpg,f15,satellite,val
8b653805e7ef90d8,8b653805e7ef90d8.jpg,f15,satellite,val
8b653805e7ef90d8,8b653805e7ef90d8.jpg,f15,satellite,val
8b653805e7ef90d8,8b653805e7ef90d8.jpg,f15,satellite,val
8b653805e7ef90d8,8b653805e7ef90d8.jpg,f15,satellite,val
8b653805e7ef90d8,8b653805e7ef90d8.jpg,f15,satellite,val
8b653805e7ef90d8,8b653805e7ef90d8.jpg,f15,satellite,val
8b653805e7ef90d8,8b653805e7ef90d8.jpg,f15,satellite,val
8c1462eeaf567163,8c1462eeaf567163.jpg,mig23,satellite,val
8c1462eeaf567163,8c1462eeaf567163.jpg,mig23,satellite,val
8c1462eeaf567163,8c1462eeaf567163.jpg,tu95,satellite,val
8c1462eeaf567163,8c1462eeaf567163.jpg,tu95,satellite,val
8c1462eeaf567163,8c1462eeaf567163.jpg,mig23,satellite,val
8c1462eeaf567163,8c1462eeaf567163.jpg,tu160,satellite,val
8c1462eeaf567163,8c1462eeaf567163.jpg,mig23,satellite,val
8c1462eeaf567163,8c1462eeaf567163.jpg,tu160,satellite,val
8c1462eeaf567163,8c1462eeaf567163.jpg,tu160,satellite,val
8c1462eeaf567163,8c1462eeaf567163.jpg,tu160,satellite,val
8c1462eeaf567163,8c1462eeaf567163.jpg,tu160,satellite,val
8c1462eeaf567163,8c1462eeaf567163.jpg,tu22,satellite,val
8c1462eeaf567163,8c1462eeaf567163.jpg,tu160,satellite,val
8c3b7307ac8c5eac,8c3b7307ac8c5eac.jpg,unknown,satellite,val
8c3b7307ac8c5eac,8c3b7307ac8c5eac.jpg,unknown,satellite,val
8c3b7307ac8c5eac,8c3b7307ac8c5eac.jpg,unknown,satellite,val
8c3b7307ac8c5eac,8c3b7307ac8c5eac.jpg,unknown,satellite,val
8c3b7307ac8c5eac,8c3b7307ac8c5eac.jpg,unknown,satellite,val
8c3b7307ac8c5eac,8c3b7307ac8c5eac.jpg,unknown,satellite,val
8c3b7307ac8c5eac,8c3b7307ac8c5eac.jpg,unknown,satellite,val
8c3b7307ac8c5eac,8c3b7307ac8c5eac.jpg,unknown,satellite,val
8c3b7307ac8c5eac,8c3b7307ac8c5eac.jpg,unknown,satellite,val
8c3b7307ac8c5eac,8c3b7307ac8c5eac.jpg,unknown,satellite,val
8c3b7307ac8c5eac,8c3b7307ac8c5eac.jpg,unknown,satellite,val
8c3b7307ac8c5eac,8c3b7307ac8c5eac.jpg,unknown,satellite,val
8c3b7307ac8c5eac,8c3b7307ac8c5eac.jpg,unknown,satellite,val
8d5ddd88d84ed292,8d5ddd88d84ed292.jpg,unknown,satellite,val
8d5ddd88d84ed292,8d5ddd88d84ed292.jpg,unknown,satellite,val
8d5ddd88d84ed292,8d5ddd88d84ed292.jpg,unknown,satellite,val
8d5ddd88d84ed292,8d5ddd88d84ed292.jpg,unknown,satellite,val
8d5ddd88d84ed292,8d5ddd88d84ed292.jpg,unknown,satellite,val
8d5ddd88d84ed292,8d5ddd88d84ed292.jpg,unknown,satellite,val
8d5ddd88d84ed292,8d5ddd88d84ed292.jpg,unknown,satellite,val
8d5ddd88d84ed292,8d5ddd88d84ed292.jpg,unknown,satellite,val
8d5ddd88d84ed292,8d5ddd88d84ed292.jpg,unknown,satellite,val
8d5ddd88d84ed292,8d5ddd88d84ed292.jpg,unknown,satellite,val
8d5ddd88d84ed292,8d5ddd88d84ed292.jpg,unknown,satellite,val
8d5ddd88d84ed292,8d5ddd88d84ed292.jpg,unknown,satellite,val
8d5ddd88d84ed292,8d5ddd88d84ed292.jpg,unknown,satellite,val
8dce3cf0b046e726,8dce3cf0b046e726.jpg,unknown,satellite,val
8dce3cf0b046e726,8dce3cf0b046e726.jpg,unknown,satellite,val
8dce3cf0b046e726,8dce3cf0b046e726.jpg,unknown,satellite,val
8dce3cf0b046e726,8dce3cf0b046e726.jpg,unknown,satellite,val
8dce3cf0b046e726,8dce3cf0b046e726.jpg,unknown,satellite,val
8dce3cf0b046e726,8dce3cf0b046e726.jpg,unknown,satellite,val
8dce3cf0b046e726,8dce3cf0b046e726.jpg,unknown,satellite,val
8dce3cf0b046e726,8dce3cf0b046e726.jpg,unknown,satellite,val
8dce3cf0b046e726,8dce3cf0b046e726.jpg,unknown,satellite,val
8dce3cf0b046e726,8dce3cf0b046e726.jpg,unknown,satellite,val
8dce3cf0b046e726,8dce3cf0b046e726.jpg,unknown,satellite,val
8dce3cf0b046e726,8dce3cf0b046e726.jpg,unknown,satellite,val
8dce3cf0b046e726,8dce3cf0b046e726.jpg,unknown,satellite,val
8ef31ae11c6c946e,8ef31ae11c6c946e.jpg,f22,f22,val
8ef31ae11c6c946e,8ef31ae11c6c946e.jpg,f22,f22,val
8ef31ae11c6c946e,8ef31ae11c6c946e.jpg,f22,f22,val
8ef31ae11c6c946e,8ef31ae11c6c946e.jpg,f22,f22,val
8ef31ae11c6c946e,8ef31ae11c6c946e.jpg,f22,f22,val
8ef31ae11c6c946e,8ef31ae11c6c946e.jpg,f22,f22,val
8ef31ae11c6c946e,8ef31ae11c6c946e.jpg,f22,f22,val
8ef31ae11c6c946e,8ef31ae11c6c946e.jpg,f22,f22,val
8ef31ae11c6c946e,8ef31ae11c6c946e.jpg,unknown,f22,val
8ef31ae11c6c946e,8ef31ae11c6c946e.jpg,f22,f22,val
8ef31ae11c6c946e,8ef31ae11c6c946e.jpg,f22,f22,val
8ef31ae11c6c946e,8ef31ae11c6c946e.jpg,f22,f22,val
8ef31ae11c6c946e,8ef31ae11c6c946e.jpg,f22,f22,val
8f17c3f0180f13f9,8f17c3f0180f13f9.jpg,j10,j10,train
8f17c3f0180f13f9,8f17c3f0180f13f9.jpg,j10,j10,train
8f17c3f0180f13f9,8f17c3f0180f13f9.jpg,j10,j10,train
8f17c3f0180f13f9,8f17c3f0180f13f9.jpg,j10,j10,train
8f17c3f0180f13f9,8f17c3f0180f13f9.jpg,j10,j10,train
8f17c3f0180f13f9,8f17c3f0180f13f9.jpg,j10,j10,train
8f17c3f0180f13f9,8f17c3f0180f13f9.jpg,j10,j10,train
8f17c3f0180f13f9,8f17c3f0180f13f9.jpg,j10,j10,train
8f17c3f0180f13f9,8f17c3f0180f13f9.jpg,j10,j10,train
8f17c3f0180f13f9,8f17c3f0180f13f9.jpg,j10,j10,train
8f17c3f0180f13f9,8f17c3f0180f13f9.jpg,j10,j10,train
8f17c3f0180f13f9,8f17c3f0180f13f9.jpg,j10,j10,train
8f17c3f0180f13f9,8f17c3f0180f13f9.jpg,j10,j10,train
8f5f9495694b5249,8f5f9495694b5249.jpg,unknown,satellite,val
8f5f9495694b5249,8f5f9495694b5249.jpg,unknown,satellite,val
8f5f9495694b5249,8f5f9495694b5249.jpg,unknown,satellite,val
8f5f9495694b5249,8f5f9495694b5249.jpg,unknown,satellite,val
8f5f9495694b5249,8f5f9495694b5249.jpg,unknown,satellite,val
8f5f9495694b5249,8f5f9495694b5249.jpg,unknown,satellite,val
8f5f9495694b5249,8f5f9495694b5249.jpg,unknown,satellite,val
8f5f9495694b5249,8f5f9495694b5249.jpg,unknown,satellite,val
8f5f9495694b5249,8f5f9495694b5249.jpg,unknown,satellite,val
8f5f9495694b5249,8f5f9495694b5249.jpg,unknown,satellite,val
8f5f9495694b5249,8f5f9495694b5249.jpg,unknown,satellite,val
8f5f9495694b5249,8f5f9495694b5249.jpg,unknown,satellite,val
8f5f9495694b5249,8f5f9495694b5249.jpg,unknown,satellite,val
9092266f6f4fd8d0,9092266f6f4fd8d0.jpg,unknown,satellite,val
9092266f6f4fd8d0,9092266f6f4fd8d0.jpg,unknown,satellite,val
9092266f6f4fd8d0,9092266f6f4fd8d0.jpg,unknown,satellite,val
9092266f6f4fd8d0,9092266f6f4fd8d0.jpg,unknown,satellite,val
9092266f6f4fd8d0,9092266f6f4fd8d0.jpg,unknown,satellite,val
9092266f6f4fd8d0,9092266f6f4fd8d0.jpg,unknown,satellite,val
9092266f6f4fd8d0,9092266f6f4fd8d0.jpg,unknown,satellite,val
9092266f6f4fd8d0,9092266f6f4fd8d0.jpg,unknown,satellite,val
9092266f6f4fd8d0,9092266f6f4fd8d0.jpg,unknown,satellite,val
9092266f6f4fd8d0,9092266f6f4fd8d0.jpg,unknown,satellite,val
9092266f6f4fd8d0,9092266f6f4fd8d0.jpg,unknown,satellite,val
9092266f6f4fd8d0,9092266f6f4fd8d0.jpg,unknown,satellite,val
9092266f6f4fd8d0,9092266f6f4fd8d0.jpg,unknown,satellite,val
931c1e3237333736,931c1e3237333736.jpg,f18,satellite,train
931c1e3237333736,931c1e3237333736.jpg,f18,satellite,train
931c1e3237333736,931c1e3237333736.jpg,f18,satellite,train
931c1e3237333736,931c1e3237333736.jpg,f18,satellite,train
931c1e3237333736,931c1e3237333736.jpg,f18,satellite,train
931c1e3237333736,931c1e3237333736.jpg,f18,satellite,train
931c1e3237333736,931c1e3237333736.jpg,f18,satellite,train
931c1e3237333736,931c1e3237333736.jpg,f18,satellite,train
931c1e3237333736,931c1e3237333736.jpg,f18,satellite,train
931c1e3237333736,931c1e3237333736.jpg,f18,satellite,train
931c1e3237333736,931c1e3237333736.jpg,f18,satellite,train
931c1e3237333736,931c1e3237333736.jpg,f18,satellite,train
931c1e3237333736,931c1e3237333736.jpg,f18,satellite,train
948d0c4eccf971f2,948d0c4eccf971f2.jpg,unknown,satellite,val
948d0c4eccf971f2,948d0c4eccf971f2.jpg,unknown,satellite,val
948d0c4eccf971f2,948d0c4eccf971f2.jpg,unknown,satellite,val
948d0c4eccf971f2,948d0c4eccf971f2.jpg,unknown,satellite,val
948d0c4eccf971f2,948d0c4eccf971f2.jpg,unknown,satellite,val
948d0c4eccf971f2,948d0c4eccf971f2.jpg,unknown,satellite,val
948d0c4eccf971f2,948d0c4eccf971f2.jpg,unknown,satellite,val
948d0c4eccf971f2,948d0c4eccf971f2.jpg,unknown,satellite,val
948d0c4eccf971f2,948d0c4eccf971f2.jpg,unknown,satellite,val
948d0c4eccf971f2,948d0c4eccf971f2.jpg,unknown,satellite,val
948d0c4eccf971f2,948d0c4eccf971f2.jpg,unknown,satellite,val
948d0c4eccf971f2,948d0c4eccf971f2.jpg,unknown,satellite,val
948d0c4eccf971f2,948d0c4eccf971f2.jpg,unknown,satellite,val
94e9469c7b64a473,94e9469c7b64a473.jpg,f22,_multi,train
94e9469c7b64a473,94e9469c7b64a473.jpg,f22,_multi,train
94e9469c7b64a473,94e9469c7b64a473.jpg,f35,_multi,train
94e9469c7b64a473,94e9469c7b64a473.jpg,hawk,_multi,train
94e9469c7b64a473,94e9469c7b64a473.jpg,hawk,_multi,train
94e9469c7b64a473,94e9469c7b64a473.jpg,hawk,_multi,train
94e9469c7b64a473,94e9469c7b64a473.jpg,hawk,_multi,train
94e9469c7b64a473,94e9469c7b64a473.jpg,hawk,_multi,train
94e9469c7b64a473,94e9469c7b64a473.jpg,hawk,_multi,train
94e9469c7b64a473,94e9469c7b64a473.jpg,hawk,_multi,train
94e9469c7b64a473,94e9469c7b64a473.jpg,hawk,_multi,train
94e9469c7b64a473,94e9469c7b64a473.jpg,hawk,_multi,train
94e9469c7b64a473,94e9469c7b64a473.jpg,f35,_multi,train
9528c73f84378c3e,9528c73f84378c3e.jpg,unknownA19,satellite,train
9528c73f84378c3e,9528c73f84378c3e.jpg,mig23,satellite,train
9528c73f84378c3e,9528c73f84378c3e.jpg,unknownA19,satellite,train
9528c73f84378c3e,9528c73f84378c3e.jpg,unknownA19,satellite,train
9528c73f84378c3e,9528c73f84378c3e.jpg,mig23,satellite,train
9528c73f84378c3e,9528c73f84378c3e.jpg,mig23,satellite,train
9528c73f84378c3e,9528c73f84378c3e.jpg,mig23,satellite,train
9528c73f84378c3e,9528c73f84378c3e.jpg,unknownA19,satellite,train
9528c73f84378c3e,9528c73f84378c3e.jpg,unknownA19,satellite,train
9528c73f84378c3e,9528c73f84378c3e.jpg,mig23,satellite,train
9528c73f84378c3e,9528c73f84378c3e.jpg,mig23,satellite,train
9528c73f84378c3e,9528c73f84378c3e.jpg,unknownA19,satellite,train
9528c73f84378c3e,9528c73f84378c3e.jpg,mig23,satellite,train
9532252aa24d3faf,9532252aa24d3faf.jpg,mig23,satellite,train
9532252aa24d3faf,9532252aa24d3faf.jpg,unknownA1,satellite,train
9532252aa24d3faf,9532252aa24d3faf.jpg,mig23,satellite,train
9532252aa24d3faf,9532252aa24d3faf.jpg,unknownA19,satellite,train
9532252aa24d3faf,9532252aa24d3faf.jpg,unknownA19,satellite,train
9532252aa24d3faf,9532252aa24d3faf.jpg,mig23,satellite,train
9532252aa24d3faf,9532252aa24d3faf.jpg,unknownA1,satellite,train
9532252aa24d3faf,9532252aa24d3faf.jpg,mig23,satellite,train
9532252aa24d3faf,9532252aa24d3faf.jpg,unknownA1,satellite,train
9532252aa24d3faf,9532252aa24d3faf.jpg,unknownA19,satellite,train
9532252aa24d3faf,9532252aa24d3faf.jpg,unknownA19,satellite,train
9532252aa24d3faf,9532252aa24d3faf.jpg,unknownA19,satellite,train
9532252aa24d3faf,9532252aa24d3faf.jpg,unknownA19,satellite,train
963412d2dacaed27,963412d2dacaed27.jpg,y20,y20,train
963412d2dacaed27,963412d2dacaed27.jpg,y20,y20,train
963412d2dacaed27,963412d2dacaed27.jpg,y20,y20,train
963412d2dacaed27,963412d2dacaed27.jpg,y20,y20,train
963412d2dacaed27,963412d2dacaed27.jpg,y20,y20,train
963412d2dacaed27,963412d2dacaed27.jpg,y20,y20,train
963412d2dacaed27,963412d2dacaed27.jpg,y20,y20,train
963412d2dacaed27,963412d2dacaed27.jpg,y20,y20,train
963412d2dacaed27,963412d2dacaed27.jpg,y20,y20,train
963412d2dacaed27,963412d2dacaed27.jpg,y20,y20,train
963412d2dacaed27,963412d2dacaed27.jpg,y20,y20,train
963412d2dacaed27,963412d2dacaed27.jpg,y20,y20,train
963412d2dacaed27,963412d2dacaed27.jpg,y20,y20,train
9664e984e52e69d9,9664e984e52e69d9.jpg,su24,su24,train
9664e984e52e69d9,9664e984e52e69d9.jpg,su24,su24,train
9664e984e52e69d9,9664e984e52e69d9.jpg,su24,su24,train
9664e984e52e69d9,9664e984e52e69d9.jpg,su24,su24,train
9664e984e52e69d9,9664e984e52e69d9.jpg,su24,su24,train
9664e984e52e69d9,9664e984e52e69d9.jpg,su24,su24,train
9664e984e52e69d9,9664e984e52e69d9.jpg,su24,su24,train
9664e984e52e69d9,9664e984e52e69d9.jpg,su24,su24,train
9664e984e52e69d9,9664e984e52e69d9.jpg,su24,su24,train
9664e984e52e69d9,9664e984e52e69d9.jpg,su24,su24,train
9664e984e52e69d9,9664e984e52e69d9.jpg,su24,su24,train
9664e984e52e69d9,9664e984e52e69d9.jpg,su24,su24,train
9664e984e52e69d9,9664e984e52e69d9.jpg,su24,su24,train
96916b4cf5e2169c,96916b4cf5e2169c.jpg,unknown,_multi,train
96916b4cf5e2169c,96916b4cf5e2169c.jpg,unknown,_multi,train
96916b4cf5e2169c,96916b4cf5e2169c.jpg,unknown,_multi,train
96916b4cf5e2169c,96916b4cf5e2169c.jpg,unknown,_multi,train
96916b4cf5e2169c,96916b4cf5e2169c.jpg,unknown,_multi,train
96916b4cf5e2169c,96916b4cf5e2169c.jpg,awacs,_multi,train
96916b4cf5e2169c,96916b4cf5e2169c.jpg,unknown,_multi,train
96916b4cf5e2169c,96916b4cf5e2169c.jpg,unknown,_multi,train
96916b4cf5e2169c,96916b4cf5e2169c.jpg,unknown,_multi,train
96916b4cf5e2169c,96916b4cf5e2169c.jpg,unknown,_multi,train
96916b4cf5e2169c,96916b4cf5e2169c.jpg,unknown,_multi,train
96916b4cf5e2169c,96916b4cf5e2169c.jpg,unknown,_multi,train
96916b4cf5e2169c,96916b4cf5e2169c.jpg,unknown,_multi,train
98b2682d173a3de6,98b2682d173a3de6.jpg,mig29,mig29,train
98b2682d173a3de6,98b2682d173a3de6.jpg,mig29,mig29,train
98b2682d173a3de6,98b2682d173a3de6.jpg,mig29,mig29,train
98b2682d173a3de6,98b2682d173a3de6.jpg,mig29,mig29,train
98b2682d173a3de6,98b2682d173a3de6.jpg,mig29,mig29,train
98b2682d173a3de6,98b2682d173a3de6.jpg,mig29,mig29,train
98b2682d173a3de6,98b2682d173a3de6.jpg,mig29,mig29,train
98b2682d173a3de6,98b2682d173a3de6.jpg,mig29,mig29,train
98b2682d173a3de6,98b2682d173a3de6.jpg,mig29,mig29,train
98b2682d173a3de6,98b2682d173a3de6.jpg,mig29,mig29,train
98b2682d173a3de6,98b2682d173a3de6.jpg,mig29,mig29,train
98b2682d173a3de6,98b2682d173a3de6.jpg,mig29,mig29,train
98b2682d173a3de6,98b2682d173a3de6.jpg,mig29,mig29,train
9939f544f4746664,9939f544f4746664.jpg,unknown,satellite,val
9939f544f4746664,9939f544f4746664.jpg,unknown,satellite,val
9939f544f4746664,9939f544f4746664.jpg,unknown,satellite,val
9939f544f4746664,9939f544f4746664.jpg,unknown,satellite,val
9939f544f4746664,9939f544f4746664.jpg,unknown,satellite,val
9939f544f4746664,9939f544f4746664.jpg,unknown,satellite,val
9939f544f4746664,9939f544f4746664.jpg,unknown,satellite,val
9939f544f4746664,9939f544f4746664.jpg,unknown,satellite,val
9939f544f4746664,9939f544f4746664.jpg,unknown,satellite,val
9939f544f4746664,9939f544f4746664.jpg,unknown,satellite,val
9939f544f4746664,9939f544f4746664.jpg,unknown,satellite,val
9939f544f4746664,9939f544f4746664.jpg,unknown,satellite,val
9939f544f4746664,9939f544f4746664.jpg,unknown,satellite,val
9aa56a55a89eed09,9aa56a55a89eed09.jpg,f22,satellite,val
9aa56a55a89eed09,9aa56a55a89eed09.jpg,f22,satellite,val
9aa56a55a89eed09,9aa56a55a89eed09.jpg,f22,satellite,val
9aa56a55a89eed09,9aa56a55a89eed09.jpg,f22,satellite,val
9aa56a55a89eed09,9aa56a55a89eed09.jpg,f22,satellite,val
9aa56a55a89eed09,9aa56a55a89eed09.jpg,f22,satellite,val
9aa56a55a89eed09,9aa56a55a89eed09.jpg,f22,satellite,val
9aa56a55a89eed09,9aa56a55a89eed09.jpg,f22,satellite,val
9aa56a55a89eed09,9aa56a55a89eed09.jpg,f22,satellite,val
9aa56a55a89eed09,9aa56a55a89eed09.jpg,f22,satellite,val
9aa56a55a89eed09,9aa56a55a89eed09.jpg,f22,satellite,val
9aa56a55a89eed09,9aa56a55a89eed09.jpg,f22,satellite,val
9aa56a55a89eed09,9aa56a55a89eed09.jpg,f22,satellite,val
9c7fccf05cc0136c,9c7fccf05cc0136c.jpg,hawk,hawk,train
9c7fccf05cc0136c,9c7fccf05cc0136c.jpg,hawk,hawk,train
9c7fccf05cc0136c,9c7fccf05cc0136c.jpg,unknown,hawk,train
9c7fccf05cc0136c,9c7fccf05cc0136c.jpg,hawk,hawk,train
9c7fccf05cc0136c,9c7fccf05cc0136c.jpg,hawk,hawk,train
9c7fccf05cc0136c,9c7fccf05cc0136c.jpg,hawk,hawk,train
9c7fccf05cc0136c,9c7fccf05cc0136c.jpg,unknown,hawk,train
9c7fccf05cc0136c,9c7fccf05cc0136c.jpg,hawk,hawk,train
9c7fccf05cc0136c,9c7fccf05cc0136c.jpg,hawk,hawk,train
9c7fccf05cc0136c,9c7fccf05cc0136c.jpg,hawk,hawk,train
9c7fccf05cc0136c,9c7fccf05cc0136c.jpg,unknown,hawk,train
9c7fccf05cc0136c,9c7fccf05cc0136c.jpg,hawk,hawk,train
9c7fccf05cc0136c,9c7fccf05cc0136c.jpg,hawk,hawk,train
9ece4343c2dc1cd9,9ece4343c2dc1cd9.jpg,unknown,satellite,val
9ece4343c2dc1cd9,9ece4343c2dc1cd9.jpg,unknown,satellite,val
9ece4343c2dc1cd9,9ece4343c2dc1cd9.jpg,unknown,satellite,val
9ece4343c2dc1cd9,9ece4343c2dc1cd9.jpg,unknown,satellite,val
9ece4343c2dc1cd9,9ece4343c2dc1cd9.jpg,unknown,satellite,val
9ece4343c2dc1cd9,9ece4343c2dc1cd9.jpg,unknown,satellite,val
9ece4343c2dc1cd9,9ece4343c2dc1cd9.jpg,unknown,satellite,val
9ece4343c2dc1cd9,9ece4343c2dc1cd9.jpg,unknown,satellite,val
9ece4343c2dc1cd9,9ece4343c2dc1cd9.jpg,unknown,satellite,val
9ece4343c2dc1cd9,9ece4343c2dc1cd9.jpg,unknown,satellite,val
9ece4343c2dc1cd9,9ece4343c2dc1cd9.jpg,unknown,satellite,val
9ece4343c2dc1cd9,9ece4343c2dc1cd9.jpg,unknown,satellite,val
9ece4343c2dc1cd9,9ece4343c2dc1cd9.jpg,unknown,satellite,val
9f611c05945517fe,9f611c05945517fe.jpg,unknown,satellite,val
9f611c05945517fe,9f611c05945517fe.jpg,unknown,satellite,val
9f611c05945517fe,9f611c05945517fe.jpg,unknown,satellite,val
9f611c05945517fe,9f611c05945517fe.jpg,unknown,satellite,val
9f611c05945517fe,9f611c05945517fe.jpg,unknown,satellite,val
9f611c05945517fe,9f611c05945517fe.jpg,unknown,satellite,val
9f611c05945517fe,9f611c05945517fe.jpg,unknown,satellite,val
9f611c05945517fe,9f611c05945517fe.jpg,unknown,satellite,val
9f611c05945517fe,9f611c05945517fe.jpg,unknown,satellite,val
9f611c05945517fe,9f611c05945517fe.jpg,unknown,satellite,val
9f611c05945517fe,9f611c05945517fe.jpg,unknown,satellite,val
9f611c05945517fe,9f611c05945517fe.jpg,unknown,satellite,val
9f611c05945517fe,9f611c05945517fe.jpg,unknown,satellite,val
a1be07b0b8c7d1f0,a1be07b0b8c7d1f0.jpg,unknown,satellite,val
a1be07b0b8c7d1f0,a1be07b0b8c7d1f0.jpg,unknown,satellite,val
a1be07b0b8c7d1f0,a1be07b0b8c7d1f0.jpg,unknown,satellite,val
a1be07b0b8c7d1f0,a1be07b0b8c7d1f0.jpg,unknown,satellite,val
a1be07b0b8c7d1f0,a1be07b0b8c7d1f0.jpg,unknown,satellite,val
a1be07b0b8c7d1f0,a1be07b0b8c7d1f0.jpg,unknown,satellite,val
a1be07b0b8c7d1f0,a1be07b0b8c7d1f0.jpg,unknown,satellite,val
a1be07b0b8c7d1f0,a1be07b0b8c7d1f0.jpg,unknown,satellite,val
a1be07b0b8c7d1f0,a1be07b0b8c7d1f0.jpg,unknown,satellite,val
a1be07b0b8c7d1f0,a1be07b0b8c7d1f0.jpg,unknown,satellite,val
a1be07b0b8c7d1f0,a1be07b0b8c7d1f0.jpg,unknown,satellite,val
a1be07b0b8c7d1f0,a1be07b0b8c7d1f0.jpg,unknown,satellite,val
a1be07b0b8c7d1f0,a1be07b0b8c7d1f0.jpg,unknown,satellite,val
a22a6a68cb19cb3f,a22a6a68cb19cb3f.jpg,tu95,satellite,train
a22a6a68cb19cb3f,a22a6a68cb19cb3f.jpg,tu22,satellite,train
a22a6a68cb19cb3f,a22a6a68cb19cb3f.jpg,tu95,satellite,train
a22a6a68cb19cb3f,a22a6a68cb19cb3f.jpg,tu22,satellite,train
a22a6a68cb19cb3f,a22a6a68cb19cb3f.jpg,tu22,satellite,train
a22a6a68cb19cb3f,a22a6a68cb19cb3f.jpg,tu95,satellite,train
a22a6a68cb19cb3f,a22a6a68cb19cb3f.jpg,tu95,satellite,train
a22a6a68cb19cb3f,a22a6a68cb19cb3f.jpg,tu95,satellite,train
a22a6a68cb19cb3f,a22a6a68cb19cb3f.jpg,tu22,satellite,train
a22a6a68cb19cb3f,a22a6a68cb19cb3f.jpg,tu22,satellite,train
a22a6a68cb19cb3f,a22a6a68cb19cb3f.jpg,tu22,satellite,train
a22a6a68cb19cb3f,a22a6a68cb19cb3f.jpg,tu22,satellite,train
a22a6a68cb19cb3f,a22a6a68cb19cb3f.jpg,tu22,satellite,train
a2351c0e1f0f5f93,a2351c0e1f0f5f93.jpg,f16,satellite,train
a2351c0e1f0f5f93,a2351c0e1f0f5f93.jpg,f16,satellite,train
a2351c0e1f0f5f93,a2351c0e1f0f5f93.jpg,f16,satellite,train
a2351c0e1f0f5f93,a2351c0e1f0f5f93.jpg,f16,satellite,train
a2351c0e1f0f5f93,a2351c0e1f0f5f93.jpg,f16,satellite,train
a2351c0e1f0f5f93,a2351c0e1f0f5f93.jpg,f16,satellite,train
a2351c0e1f0f5f93,a2351c0e1f0f5f93.jpg,f16,satellite,train
a2351c0e1f0f5f93,a2351c0e1f0f5f93.jpg,f16,satellite,train
a2351c0e1f0f5f93,a2351c0e1f0f5f93.jpg,f16,satellite,train
a2351c0e1f0f5f93,a2351c0e1f0f5f93.jpg,f16,satellite,train
a2351c0e1f0f5f93,a2351c0e1f0f5f93.jpg,f16,satellite,train
a2351c0e1f0f5f93,a2351c0e1f0f5f93.jpg,f16,satellite,train
a2351c0e1f0f5f93,a2351c0e1f0f5f93.jpg,f16,satellite,train
a347cbd9311b307c,a347cbd9311b307c.jpg,gripen,_multi,train
a347cbd9311b307c,a347cbd9311b307c.jpg,f16,_multi,train
a347cbd9311b307c,a347cbd9311b307c.jpg,f16,_multi,train
a347cbd9311b307c,a347cbd9311b307c.jpg,typhoon,_multi,train
a347cbd9311b307c,a347cbd9311b307c.jpg,gripen,_multi,train
a347cbd9311b307c,a347cbd9311b307c.jpg,f16,_multi,train
a347cbd9311b307c,a347cbd9311b307c.jpg,gripen,_multi,train
a347cbd9311b307c,a347cbd9311b307c.jpg,f16,_multi,train
a347cbd9311b307c,a347cbd9311b307c.jpg,b52,_multi,train
a347cbd9311b307c,a347cbd9311b307c.jpg,gripen,_multi,train
a347cbd9311b307c,a347cbd9311b307c.jpg,f16,_multi,train
a347cbd9311b307c,a347cbd9311b307c.jpg,typhoon,_multi,train
a347cbd9311b307c,a347cbd9311b307c.jpg,f16,_multi,train
a6d920df20e718e7,a6d920df20e718e7.jpg,f117,_multi,train
a6d920df20e718e7,a6d920df20e718e7.jpg,unknown,_multi,train
a6d920df20e718e7,a6d920df20e718e7.jpg,unknown,_multi,train
a6d920df20e718e7,a6d920df20e718e7.jpg,unknown,_multi,train
a6d920df20e718e7,a6d920df20e718e7.jpg,unknown,_multi,train
a6d920df20e718e7,a6d920df20e718e7.jpg,unknown,_multi,train
a6d920df20e718e7,a6d920df20e718e7.jpg,unknown,_multi,train
a6d920df20e718e7,a6d920df20e718e7.jpg,unknown,_multi,train
a6d920df20e718e7,a6d920df20e718e7.jpg,unknown,_multi,train
a6d920df20e718e7,a6d920df20e718e7.jpg,unknown,_multi,train
a6d920df20e718e7,a6d920df20e718e7.jpg,unknown,_multi,train
a6d920df20e718e7,a6d920df20e718e7.jpg,unknown,_multi,train
a6d920df20e718e7,a6d920df20e718e7.jpg,unknown,_multi,train
a955b554a24af56a,a955b554a24af56a.jpg,f18,satellite,train
a955b554a24af56a,a955b554a24af56a.jpg,f18,satellite,train
a955b554a24af56a,a955b554a24af56a.jpg,f18,satellite,train
a955b554a24af56a,a955b554a24af56a.jpg,f18,satellite,train
a955b554a24af56a,a955b554a24af56a.jpg,f18,satellite,train
a955b554a24af56a,a955b554a24af56a.jpg,f18,satellite,train
a955b554a24af56a,a955b554a24af56a.jpg,f18,satellite,train
a955b554a24af56a,a955b554a24af56a.jpg,f18,satellite,train
a955b554a24af56a,a955b554a24af56a.jpg,f18,satellite,train
a955b554a24af56a,a955b554a24af56a.jpg,f18,satellite,train
a955b554a24af56a,a955b554a24af56a.jpg,f18,satellite,train
a955b554a24af56a,a955b554a24af56a.jpg,f18,satellite,train
a955b554a24af56a,a955b554a24af56a.jpg,f18,satellite,train
a9bd1e92be0ae82c,a9bd1e92be0ae82c.jpg,unknown,satellite,val
a9bd1e92be0ae82c,a9bd1e92be0ae82c.jpg,unknown,satellite,val
a9bd1e92be0ae82c,a9bd1e92be0ae82c.jpg,unknown,satellite,val
a9bd1e92be0ae82c,a9bd1e92be0ae82c.jpg,unknown,satellite,val
a9bd1e92be0ae82c,a9bd1e92be0ae82c.jpg,unknown,satellite,val
a9bd1e92be0ae82c,a9bd1e92be0ae82c.jpg,unknown,satellite,val
a9bd1e92be0ae82c,a9bd1e92be0ae82c.jpg,unknown,satellite,val
a9bd1e92be0ae82c,a9bd1e92be0ae82c.jpg,unknown,satellite,val
a9bd1e92be0ae82c,a9bd1e92be0ae82c.jpg,unknown,satellite,val
a9bd1e92be0ae82c,a9bd1e92be0ae82c.jpg,unknown,satellite,val
a9bd1e92be0ae82c,a9bd1e92be0ae82c.jpg,unknown,satellite,val
a9bd1e92be0ae82c,a9bd1e92be0ae82c.jpg,unknown,satellite,val
a9bd1e92be0ae82c,a9bd1e92be0ae82c.jpg,unknown,satellite,val
aa6996de49b34994,aa6996de49b34994.jpg,unknown,satellite,val
aa6996de49b34994,aa6996de49b34994.jpg,unknown,satellite,val
aa6996de49b34994,aa6996de49b34994.jpg,unknown,satellite,val
aa6996de49b34994,aa6996de49b34994.jpg,unknown,satellite,val
aa6996de49b34994,aa6996de49b34994.jpg,unknown,satellite,val
aa6996de49b34994,aa6996de49b34994.jpg,unknown,satellite,val
aa6996de49b34994,aa6996de49b34994.jpg,unknown,satellite,val
aa6996de49b34994,aa6996de49b34994.jpg,unknown,satellite,val
aa6996de49b34994,aa6996de49b34994.jpg,unknown,satellite,val
aa6996de49b34994,aa6996de49b34994.jpg,unknown,satellite,val
aa6996de49b34994,aa6996de49b34994.jpg,unknown,satellite,val
aa6996de49b34994,aa6996de49b34994.jpg,unknown,satellite,val
aa6996de49b34994,aa6996de49b34994.jpg,unknown,satellite,val
aacaa0ab95a5ea95,aacaa0ab95a5ea95.jpg,gripen,_multi,train
aacaa0ab95a5ea95,aacaa0ab95a5ea95.jpg,f16,_multi,train
aacaa0ab95a5ea95,aacaa0ab95a5ea95.jpg,typhoon,_multi,train
aacaa0ab95a5ea95,aacaa0ab95a5ea95.jpg,b52,_multi,train
aacaa0ab95a5ea95,aacaa0ab95a5ea95.jpg,f16,_multi,train
aacaa0ab95a5ea95,aacaa0ab95a5ea95.jpg,typhoon,_multi,train
aacaa0ab95a5ea95,aacaa0ab95a5ea95.jpg,f16,_multi,train
aacaa0ab95a5ea95,aacaa0ab95a5ea95.jpg,f16,_multi,train
aacaa0ab95a5ea95,aacaa0ab95a5ea95.jpg,gripen,_multi,train
aacaa0ab95a5ea95,aacaa0ab95a5ea95.jpg,f16,_multi,train
aacaa0ab95a5ea95,aacaa0ab95a5ea95.jpg,gripen,_multi,train
aacaa0ab95a5ea95,aacaa0ab95a5ea95.jpg,gripen,_multi,train
aacaa0ab95a5ea95,aacaa0ab95a5ea95.jpg,f16,_multi,train
accd33a7c13819cd,accd33a7c13819cd.jpg,f18,f18,train
accd33a7c13819cd,accd33a7c13819cd.jpg,f18,f18,train
accd33a7c13819cd,accd33a7c13819cd.jpg,f18,f18,train
accd33a7c13819cd,accd33a7c13819cd.jpg,f18,f18,train
accd33a7c13819cd,accd33a7c13819cd.jpg,f18,f18,train
accd33a7c13819cd,accd33a7c13819cd.jpg,f18,f18,train
accd33a7c13819cd,accd33a7c13819cd.jpg,f18,f18,train
accd33a7c13819cd,accd33a7c13819cd.jpg,f14,f18,train
accd33a7c13819cd,accd33a7c13819cd.jpg,f18,f18,train
accd33a7c13819cd,accd33a7c13819cd.jpg,f14,f18,train
accd33a7c13819cd,accd33a7c13819cd.jpg,f18,f18,train
accd33a7c13819cd,accd33a7c13819cd.jpg,f14,f18,train
accd33a7c13819cd,accd33a7c13819cd.jpg,f14,f18,train
ad562d757a7182c1,ad562d757a7182c1.jpg,c17,c17,train
ad562d757a7182c1,ad562d757a7182c1.jpg,c17,c17,train
ad562d757a7182c1,ad562d757a7182c1.jpg,c17,c17,train
ad562d757a7182c1,ad562d757a7182c1.jpg,c17,c17,train
ad562d757a7182c1,ad562d757a7182c1.jpg,c17,c17,train
ad562d757a7182c1,ad562d757a7182c1.jpg,c17,c17,train
ad562d757a7182c1,ad562d757a7182c1.jpg,c17,c17,train
ad562d757a7182c1,ad562d757a7182c1.jpg,c17,c17,train
ad562d757a7182c1,ad562d757a7182c1.jpg,c17,c17,train
ad562d757a7182c1,ad562d757a7182c1.jpg,c17,c17,train
ad562d757a7182c1,ad562d757a7182c1.jpg,c17,c17,train
ad562d757a7182c1,ad562d757a7182c1.jpg,c17,c17,train
ad562d757a7182c1,ad562d757a7182c1.jpg,c17,c17,train
add629d629d229d2,add629d629d229d2.jpg,f15,satellite,train
add629d629d229d2,add629d629d229d2.jpg,f15,satellite,train
add629d629d229d2,add629d629d229d2.jpg,f15,satellite,train
add629d629d229d2,add629d629d229d2.jpg,f15,satellite,train
add629d629d229d2,add629d629d229d2.jpg,f15,satellite,train
add629d629d229d2,add629d629d229d2.jpg,f15,satellite,train
add629d629d229d2,add629d629d229d2.jpg,f15,satellite,train
add629d629d229d2,add629d629d229d2.jpg,f15,satellite,train
add629d629d229d2,add629d629d229d2.jpg,f15,satellite,train
add629d629d229d2,add629d629d229d2.jpg,f15,satellite,train
add629d629d229d2,add629d629d229d2.jpg,f15,satellite,train
add629d629d229d2,add629d629d229d2.jpg,f15,satellite,train
add629d629d229d2,add629d629d229d2.jpg,f15,satellite,train
af05c2a806fabf23,af05c2a806fabf23.jpg,unknown,rafale,val
af05c2a806fabf23,af05c2a806fabf23.jpg,rafale,rafale,val
af05c2a806fabf23,af05c2a806fabf23.jpg,rafale,rafale,val
af05c2a806fabf23,af05c2a806fabf23.jpg,rafale,rafale,val
af05c2a806fabf23,af05c2a806fabf23.jpg,rafale,rafale,val
af05c2a806fabf23,af05c2a806fabf23.jpg,rafale,rafale,val
af05c2a806fabf23,af05c2a806fabf23.jpg,rafale,rafale,val
af05c2a806fabf23,af05c2a806fabf23.jpg,rafale,rafale,val
af05c2a806fabf23,af05c2a806fabf23.jpg,rafale,rafale,val
af05c2a806fabf23,af05c2a806fabf23.jpg,rafale,rafale,val
af05c2a806fabf23,af05c2a806fabf23.jpg,unknown,rafale,val
af05c2a806fabf23,af05c2a806fabf23.jpg,rafale,rafale,val
af05c2a806fabf23,af05c2a806fabf23.jpg,rafale,rafale,val
af840eb0467bf187,af840eb0467bf187.jpg,c5,sr71,train
af840eb0467bf187,af840eb0467bf187.jpg,unknown,sr71,train
af840eb0467bf187,af840eb0467bf187.jpg,unknown,sr71,train
af840eb0467bf187,af840eb0467bf187.jpg,sr71,sr71,train
af840eb0467bf187,af840eb0467bf187.jpg,unknown,sr71,train
af840eb0467bf187,af840eb0467bf187.jpg,unknown,sr71,train
af840eb0467bf187,af840eb0467bf187.jpg,f15,sr71,train
af840eb0467bf187,af840eb0467bf187.jpg,unknown,sr71,train
af840eb0467bf187,af840eb0467bf187.jpg,t38,sr71,train
af840eb0467bf187,af840eb0467bf187.jpg,unknown,sr71,train
af840eb0467bf187,af840eb0467bf187.jpg,unknown,sr71,train
af840eb0467bf187,af840eb0467bf187.jpg,b52,sr71,train
af840eb0467bf187,af840eb0467bf187.jpg,unknown,sr71,train
b049e89ee1d6ca35,b049e89ee1d6ca35.jpg,hawk,hawk,train
b049e89ee1d6ca35,b049e89ee1d6ca35.jpg,hawk,hawk,train
b049e89ee1d6ca35,b049e89ee1d6ca35.jpg,hawk,hawk,train
b049e89ee1d6ca35,b049e89ee1d6ca35.jpg,hawk,hawk,train
b049e89ee1d6ca35,b049e89ee1d6ca35.jpg,unknown,hawk,train
b049e89ee1d6ca35,b049e89ee1d6ca35.jpg,hawk,hawk,train
b049e89ee1d6ca35,b049e89ee1d6ca35.jpg,f16,hawk,train
b049e89ee1d6ca35,b049e89ee1d6ca35.jpg,alphajet,hawk,train
b049e89ee1d6ca35,b049e89ee1d6ca35.jpg,hawk,hawk,train
b049e89ee1d6ca35,b049e89ee1d6ca35.jpg,hawk,hawk,train
b049e89ee1d6ca35,b049e89ee1d6ca35.jpg,unknown,hawk,train
b049e89ee1d6ca35,b049e89ee1d6ca35.jpg,hawk,hawk,train
b049e89ee1d6ca35,b049e89ee1d6ca35.jpg,hawk,hawk,train
b063c99b998ce636,b063c99b998ce636.jpg,flanker,_multi,train
b063c99b998ce636,b063c99b998ce636.jpg,flanker,_multi,train
b063c99b998ce636,b063c99b998ce636.jpg,flanker,_multi,train
b063c99b998ce636,b063c99b998ce636.jpg,flanker,_multi,train
b063c99b998ce636,b063c99b998ce636.jpg,flanker,_multi,train
b063c99b998ce636,b063c99b998ce636.jpg,flanker,_multi,train
b063c99b998ce636,b063c99b998ce636.jpg,flanker,_multi,train
b063c99b998ce636,b063c99b998ce636.jpg,flanker,_multi,train
b063c99b998ce636,b063c99b998ce636.jpg,flanker,_multi,train
b063c99b998ce636,b063c99b998ce636.jpg,flanker,_multi,train
b063c99b998ce636,b063c99b998ce636.jpg,flanker,_multi,train
b063c99b998ce636,b063c99b998ce636.jpg,flanker,_multi,train
b063c99b998ce636,b063c99b998ce636.jpg,flanker,_multi,train
b191ce245f2bb552,b191ce245f2bb552.jpg,f16,_multi,train
b191ce245f2bb552,b191ce245f2bb552.jpg,unknown,_multi,train
b191ce245f2bb552,b191ce245f2bb552.jpg,f18,_multi,train
b191ce245f2bb552,b191ce245f2bb552.jpg,f16,_multi,train
b191ce245f2bb552,b191ce245f2bb552.jpg,b1b,_multi,train
b191ce245f2bb552,b191ce245f2bb552.jpg,typhoon,_multi,train
b191ce245f2bb552,b191ce245f2bb552.jpg,f18,_multi,train
b191ce245f2bb552,b191ce245f2bb552.jpg,f15,_multi,train
b191ce245f2bb552,b191ce245f2bb552.jpg,typhoon,_multi,train
b191ce245f2bb552,b191ce245f2bb552.jpg,f15,_multi,train
b191ce245f2bb552,b191ce245f2bb552.jpg,f16,_multi,train
b191ce245f2bb552,b191ce245f2bb552.jpg,f16,_multi,train
b191ce245f2bb552,b191ce245f2bb552.jpg,unknown,_multi,train
b2921b3950575f4e,b2921b3950575f4e.jpg,unknownA1,satellite,train
b2921b3950575f4e,b2921b3950575f4e.jpg,unknownA1,satellite,train
b2921b3950575f4e,b2921b3950575f4e.jpg,unknownA1,satellite,train
b2921b3950575f4e,b2921b3950575f4e.jpg,unknownA19,satellite,train
b2921b3950575f4e,b2921b3950575f4e.jpg,unknownA1,satellite,train
b2921b3950575f4e,b2921b3950575f4e.jpg,unknownA1,satellite,train
b2921b3950575f4e,b2921b3950575f4e.jpg,unknownA1,satellite,train
b2921b3950575f4e,b2921b3950575f4e.jpg,unknownA1,satellite,train
b2921b3950575f4e,b2921b3950575f4e.jpg,unknownA1,satellite,train
b2921b3950575f4e,b2921b3950575f4e.jpg,unknownA1,satellite,train
b2921b3950575f4e,b2921b3950575f4e.jpg,unknownA19,satellite,train
b2921b3950575f4e,b2921b3950575f4e.jpg,unknownA1,satellite,train
b2921b3950575f4e,b2921b3950575f4e.jpg,unknownA1,satellite,train
b40d9be2ec8389ad,b40d9be2ec8389ad.jpg,f15,_multi,train
b40d9be2ec8389ad,b40d9be2ec8389ad.jpg,f15,_multi,train
b40d9be2ec8389ad,b40d9be2ec8389ad.jpg,f15,_multi,train
b40d9be2ec8389ad,b40d9be2ec8389ad.jpg,f15,_multi,train
b40d9be2ec8389ad,b40d9be2ec8389ad.jpg,f15,_multi,train
b40d9be2ec8389ad,b40d9be2ec8389ad.jpg,f15,_multi,train
b40d9be2ec8389ad,b40d9be2ec8389ad.jpg,f15,_multi,train
b40d9be2ec8389ad,b40d9be2ec8389ad.jpg,f15,_multi,train
b40d9be2ec8389ad,b40d9be2ec8389ad.jpg,f15,_multi,train
b40d9be2ec8389ad,b40d9be2ec8389ad.jpg,f15,_multi,train
b40d9be2ec8389ad,b40d9be2ec8389ad.jpg,f15,_multi,train
b40d9be2ec8389ad,b40d9be2ec8389ad.jpg,f15,_multi,train
b40d9be2ec8389ad,b40d9be2ec8389ad.jpg,f15,_multi,train
b5814a8f3a6a357a,b5814a8f3a6a357a.jpg,unknown,satellite,val
b5814a8f3a6a357a,b5814a8f3a6a357a.jpg,unknown,satellite,val
b5814a8f3a6a357a,b5814a8f3a6a357a.jpg,unknown,satellite,val
b5814a8f3a6a357a,b5814a8f3a6a357a.jpg,unknown,satellite,val
b5814a8f3a6a357a,b5814a8f3a6a357a.jpg,unknown,satellite,val
b5814a8f3a6a357a,b5814a8f3a6a357a.jpg,unknown,satellite,val
b5814a8f3a6a357a,b5814a8f3a6a357a.jpg,unknown,satellite,val
b5814a8f3a6a357a,b5814a8f3a6a357a.jpg,unknown,satellite,val
b5814a8f3a6a357a,b5814a8f3a6a357a.jpg,unknown,satellite,val
b5814a8f3a6a357a,b5814a8f3a6a357a.jpg,unknown,satellite,val
b5814a8f3a6a357a,b5814a8f3a6a357a.jpg,unknown,satellite,val
b5814a8f3a6a357a,b5814a8f3a6a357a.jpg,unknown,satellite,val
b5814a8f3a6a357a,b5814a8f3a6a357a.jpg,unknown,satellite,val
b639e051931bcd4d,b639e051931bcd4d.jpg,gripen,gripen,train
b639e051931bcd4d,b639e051931bcd4d.jpg,gripen,gripen,train
b639e051931bcd4d,b639e051931bcd4d.jpg,gripen,gripen,train
b639e051931bcd4d,b639e051931bcd4d.jpg,gripen,gripen,train
b639e051931bcd4d,b639e051931bcd4d.jpg,gripen,gripen,train
b639e051931bcd4d,b639e051931bcd4d.jpg,gripen,gripen,train
b639e051931bcd4d,b639e051931bcd4d.jpg,gripen,gripen,train
b639e051931bcd4d,b639e051931bcd4d.jpg,gripen,gripen,train
b639e051931bcd4d,b639e051931bcd4d.jpg,gripen,gripen,train
b639e051931bcd4d,b639e051931bcd4d.jpg,gripen,gripen,train
b639e051931bcd4d,b639e051931bcd4d.jpg,gripen,gripen,train
b639e051931bcd4d,b639e051931bcd4d.jpg,gripen,gripen,train
b639e051931bcd4d,b639e051931bcd4d.jpg,gripen,gripen,train
b6c916e35f20cf18,b6c916e35f20cf18.jpg,unknown,_multi,train
b6c916e35f20cf18,b6c916e35f20cf18.jpg,unknown,_multi,train
b6c916e35f20cf18,b6c916e35f20cf18.jpg,unknown,_multi,train
b6c916e35f20cf18,b6c916e35f20cf18.jpg,unknown,_multi,train
b6c916e35f20cf18,b6c916e35f20cf18.jpg,unknown,_multi,train
b6c916e35f20cf18,b6c916e35f20cf18.jpg,unknown,_multi,train
b6c916e35f20cf18,b6c916e35f20cf18.jpg,unknown,_multi,train
b6c916e35f20cf18,b6c916e35f20cf18.jpg,unknown,_multi,train
b6c916e35f20cf18,b6c916e35f20cf18.jpg,unknown,_multi,train
b6c916e35f20cf18,b6c916e35f20cf18.jpg,unknown,_multi,train
b6c916e35f20cf18,b6c916e35f20cf18.jpg,unknown,_multi,train
b6c916e35f20cf18,b6c916e35f20cf18.jpg,unknown,_multi,train
b6c916e35f20cf18,b6c916e35f20cf18.jpg,unknown,_multi,train
b78eb688617eb281,b78eb688617eb281.jpg,unknown,satellite,val
b78eb688617eb281,b78eb688617eb281.jpg,unknown,satellite,val
b78eb688617eb281,b78eb688617eb281.jpg,unknown,satellite,val
b78eb688617eb281,b78eb688617eb281.jpg,unknown,satellite,val
b78eb688617eb281,b78eb688617eb281.jpg,unknown,satellite,val
b78eb688617eb281,b78eb688617eb281.jpg,unknown,satellite,val
b78eb688617eb281,b78eb688617eb281.jpg,unknown,satellite,val
b78eb688617eb281,b78eb688617eb281.jpg,unknown,satellite,val
b78eb688617eb281,b78eb688617eb281.jpg,unknown,satellite,val
b78eb688617eb281,b78eb688617eb281.jpg,unknown,satellite,val
b78eb688617eb281,b78eb688617eb281.jpg,unknown,satellite,val
b78eb688617eb281,b78eb688617eb281.jpg,unknown,satellite,val
b78eb688617eb281,b78eb688617eb281.jpg,unknown,satellite,val
b8daa4a695e8d0f8,b8daa4a695e8d0f8.jpg,f18,satellite,train
b8daa4a695e8d0f8,b8daa4a695e8d0f8.jpg,f18,satellite,train
b8daa4a695e8d0f8,b8daa4a695e8d0f8.jpg,p3,satellite,train
b8daa4a695e8d0f8,b8daa4a695e8d0f8.jpg,f18,satellite,train
b8daa4a695e8d0f8,b8daa4a695e8d0f8.jpg,f18,satellite,train
b8daa4a695e8d0f8,b8daa4a695e8d0f8.jpg,f18,satellite,train
b8daa4a695e8d0f8,b8daa4a695e8d0f8.jpg,f18,satellite,train
b8daa4a695e8d0f8,b8daa4a695e8d0f8.jpg,f18,satellite,train
b8daa4a695e8d0f8,b8daa4a695e8d0f8.jpg,f18,satellite,train
b8daa4a695e8d0f8,b8daa4a695e8d0f8.jpg,p3,satellite,train
b8daa4a695e8d0f8,b8daa4a695e8d0f8.jpg,f18,satellite,train
b8daa4a695e8d0f8,b8daa4a695e8d0f8.jpg,f18,satellite,train
b8daa4a695e8d0f8,b8daa4a695e8d0f8.jpg,f18,satellite,train
b97b269b142a7456,b97b269b142a7456.jpg,c130,c130,val
b97b269b142a7456,b97b269b142a7456.jpg,c130,c130,val
b97b269b142a7456,b97b269b142a7456.jpg,c130,c130,val
b97b269b142a7456,b97b269b142a7456.jpg,c130,c130,val
b97b269b142a7456,b97b269b142a7456.jpg,c130,c130,val
b97b269b142a7456,b97b269b142a7456.jpg,c130,c130,val
b97b269b142a7456,b97b269b142a7456.jpg,c130,c130,val
b97b269b142a7456,b97b269b142a7456.jpg,c130,c130,val
b97b269b142a7456,b97b269b142a7456.jpg,c130,c130,val
b97b269b142a7456,b97b269b142a7456.jpg,c130,c130,val
b97b269b142a7456,b97b269b142a7456.jpg,c130,c130,val
b97b269b142a7456,b97b269b142a7456.jpg,c130,c130,val
b97b269b142a7456,b97b269b142a7456.jpg,c130,c130,val
ba36e90bc0e93674,ba36e90bc0e93674.jpg,f16,satellite,train
ba36e90bc0e93674,ba36e90bc0e93674.jpg,f16,satellite,train
ba36e90bc0e93674,ba36e90bc0e93674.jpg,f16,satellite,train
ba36e90bc0e93674,ba36e90bc0e93674.jpg,f16,satellite,train
ba36e90bc0e93674,ba36e90bc0e93674.jpg,f16,satellite,train
ba36e90bc0e93674,ba36e90bc0e93674.jpg,f16,satellite,train
ba36e90bc0e93674,ba36e90bc0e93674.jpg,f16,satellite,train
ba36e90bc0e93674,ba36e90bc0e93674.jpg,f16,satellite,train
ba36e90bc0e93674,ba36e90bc0e93674.jpg,f16,satellite,train
ba36e90bc0e93674,ba36e90bc0e93674.jpg,f16,satellite,train
ba36e90bc0e93674,ba36e90bc0e93674.jpg,f16,satellite,train
ba36e90bc0e93674,ba36e90bc0e93674.jpg,f16,satellite,train
ba36e90bc0e93674,ba36e90bc0e93674.jpg,f16,satellite,train
ba45b8758359a749,ba45b8758359a749.jpg,unknown,hawk,train
ba45b8758359a749,ba45b8758359a749.jpg,hawk,hawk,train
ba45b8758359a749,ba45b8758359a749.jpg,typhoon,hawk,train
ba45b8758359a749,ba45b8758359a749.jpg,typhoon,hawk,train
ba45b8758359a749,ba45b8758359a749.jpg,hawk,hawk,train
ba45b8758359a749,ba45b8758359a749.jpg,hawk,hawk,train
ba45b8758359a749,ba45b8758359a749.jpg,hawk,hawk,train
ba45b8758359a749,ba45b8758359a749.jpg,hawk,hawk,train
ba45b8758359a749,ba45b8758359a749.jpg,typhoon,hawk,train
ba45b8758359a749,ba45b8758359a749.jpg,hawk,hawk,train
ba45b8758359a749,ba45b8758359a749.jpg,hawk,hawk,train
ba45b8758359a749,ba45b8758359a749.jpg,hawk,hawk,train
ba45b8758359a749,ba45b8758359a749.jpg,typhoon,hawk,train
bb47c01c67997493,bb47c01c67997493.jpg,unknown,hawk,train
bb47c01c67997493,bb47c01c67997493.jpg,hawk,hawk,train
bb47c01c67997493,bb47c01c67997493.jpg,unknown,hawk,train
bb47c01c67997493,bb47c01c67997493.jpg,hawk,hawk,train
bb47c01c67997493,bb47c01c67997493.jpg,hawk,hawk,train
bb47c01c67997493,bb47c01c67997493.jpg,hawk,hawk,train
bb47c01c67997493,bb47c01c67997493.jpg,unknown,hawk,train
bb47c01c67997493,bb47c01c67997493.jpg,hawk,hawk,train
bb47c01c67997493,bb47c01c67997493.jpg,hawk,hawk,train
bb47c01c67997493,bb47c01c67997493.jpg,unknown,hawk,train
bb47c01c67997493,bb47c01c67997493.jpg,hawk,hawk,train
bb47c01c67997493,bb47c01c67997493.jpg,hawk,hawk,train
bb47c01c67997493,bb47c01c67997493.jpg,hawk,hawk,train
bc1870631fe343cb,bc1870631fe343cb.jpg,unknown,satellite,val
bc1870631fe343cb,bc1870631fe343cb.jpg,unknown,satellite,val
bc1870631fe343cb,bc1870631fe343cb.jpg,unknown,satellite,val
bc1870631fe343cb,bc1870631fe343cb.jpg,unknown,satellite,val
bc1870631fe343cb,bc1870631fe343cb.jpg,unknown,satellite,val
bc1870631fe343cb,bc1870631fe343cb.jpg,unknown,satellite,val
bc1870631fe343cb,bc1870631fe343cb.jpg,unknown,satellite,val
bc1870631fe343cb,bc1870631fe343cb.jpg,unknown,satellite,val
bc1870631fe343cb,bc1870631fe343cb.jpg,unknown,satellite,val
bc1870631fe343cb,bc1870631fe343cb.jpg,unknown,satellite,val
bc1870631fe343cb,bc1870631fe343cb.jpg,unknown,satellite,val
bc1870631fe343cb,bc1870631fe343cb.jpg,unknown,satellite,val
bc1870631fe343cb,bc1870631fe343cb.jpg,unknown,satellite,val
bd29cfc5a360fc08,bd29cfc5a360fc08.jpg,unknown,satellite,val
bd29cfc5a360fc08,bd29cfc5a360fc08.jpg,unknown,satellite,val
bd29cfc5a360fc08,bd29cfc5a360fc08.jpg,unknown,satellite,val
bd29cfc5a360fc08,bd29cfc5a360fc08.jpg,unknown,satellite,val
bd29cfc5a360fc08,bd29cfc5a360fc08.jpg,unknown,satellite,val
bd29cfc5a360fc08,bd29cfc5a360fc08.jpg,unknown,satellite,val
bd29cfc5a360fc08,bd29cfc5a360fc08.jpg,unknown,satellite,val
bd29cfc5a360fc08,bd29cfc5a360fc08.jpg,unknown,satellite,val
bd29cfc5a360fc08,bd29cfc5a360fc08.jpg,unknown,satellite,val
bd29cfc5a360fc08,bd29cfc5a360fc08.jpg,unknown,satellite,val
bd29cfc5a360fc08,bd29cfc5a360fc08.jpg,unknown,satellite,val
bd29cfc5a360fc08,bd29cfc5a360fc08.jpg,unknown,satellite,val
bd29cfc5a360fc08,bd29cfc5a360fc08.jpg,unknown,satellite,val
bf62f19c67815c22,bf62f19c67815c22.jpg,unknown,hawk,train
bf62f19c67815c22,bf62f19c67815c22.jpg,hawk,hawk,train
bf62f19c67815c22,bf62f19c67815c22.jpg,unknown,hawk,train
bf62f19c67815c22,bf62f19c67815c22.jpg,unknown,hawk,train
bf62f19c67815c22,bf62f19c67815c22.jpg,unknown,hawk,train
bf62f19c67815c22,bf62f19c67815c22.jpg,hawk,hawk,train
bf62f19c67815c22,bf62f19c67815c22.jpg,hawk,hawk,train
bf62f19c67815c22,bf62f19c67815c22.jpg,hawk,hawk,train
bf62f19c67815c22,bf62f19c67815c22.jpg,hawk,hawk,train
bf62f19c67815c22,bf62f19c67815c22.jpg,hawk,hawk,train
bf62f19c67815c22,bf62f19c67815c22.jpg,hawk,hawk,train
bf62f19c67815c22,bf62f19c67815c22.jpg,hawk,hawk,train
bf62f19c67815c22,bf62f19c67815c22.jpg,hawk,hawk,train
c07b36dd4dcd0433,c07b36dd4dcd0433.jpg,unknown,satellite,val
c07b36dd4dcd0433,c07b36dd4dcd0433.jpg,unknown,satellite,val
c07b36dd4dcd0433,c07b36dd4dcd0433.jpg,unknown,satellite,val
c07b36dd4dcd0433,c07b36dd4dcd0433.jpg,unknown,satellite,val
c07b36dd4dcd0433,c07b36dd4dcd0433.jpg,unknown,satellite,val
c07b36dd4dcd0433,c07b36dd4dcd0433.jpg,unknown,satellite,val
c07b36dd4dcd0433,c07b36dd4dcd0433.jpg,unknown,satellite,val
c07b36dd4dcd0433,c07b36dd4dcd0433.jpg,unknown,satellite,val
c07b36dd4dcd0433,c07b36dd4dcd0433.jpg,unknown,satellite,val
c07b36dd4dcd0433,c07b36dd4dcd0433.jpg,unknown,satellite,val
c07b36dd4dcd0433,c07b36dd4dcd0433.jpg,unknown,satellite,val
c07b36dd4dcd0433,c07b36dd4dcd0433.jpg,unknown,satellite,val
c07b36dd4dcd0433,c07b36dd4dcd0433.jpg,unknown,satellite,val
c35c0b7bb1e53541,c35c0b7bb1e53541.jpg,unknown,satellite,val
c35c0b7bb1e53541,c35c0b7bb1e53541.jpg,unknown,satellite,val
c35c0b7bb1e53541,c35c0b7bb1e53541.jpg,unknown,satellite,val
c35c0b7bb1e53541,c35c0b7bb1e53541.jpg,unknown,satellite,val
c35c0b7bb1e53541,c35c0b7bb1e53541.jpg,unknown,satellite,val
c35c0b7bb1e53541,c35c0b7bb1e53541.jpg,unknown,satellite,val
c35c0b7bb1e53541,c35c0b7bb1e53541.jpg,unknown,satellite,val
c35c0b7bb1e53541,c35c0b7bb1e53541.jpg,unknown,satellite,val
c35c0b7bb1e53541,c35c0b7bb1e53541.jpg,unknown,satellite,val
c35c0b7bb1e53541,c35c0b7bb1e53541.jpg,unknown,satellite,val
c35c0b7bb1e53541,c35c0b7bb1e53541.jpg,unknown,satellite,val
c35c0b7bb1e53541,c35c0b7bb1e53541.jpg,unknown,satellite,val
c35c0b7bb1e53541,c35c0b7bb1e53541.jpg,unknown,satellite,val
c35f98369748b472,c35f98369748b472.jpg,hawk,_multi,train
c35f98369748b472,c35f98369748b472.jpg,hawk,_multi,train
c35f98369748b472,c35f98369748b472.jpg,f22,_multi,train
c35f98369748b472,c35f98369748b472.jpg,hawk,_multi,train
c35f98369748b472,c35f98369748b472.jpg,hawk,_multi,train
c35f98369748b472,c35f98369748b472.jpg,hawk,_multi,train
c35f98369748b472,c35f98369748b472.jpg,f35,_multi,train
c35f98369748b472,c35f98369748b472.jpg,hawk,_multi,train
c35f98369748b472,c35f98369748b472.jpg,hawk,_multi,train
c35f98369748b472,c35f98369748b472.jpg,hawk,_multi,train
c35f98369748b472,c35f98369748b472.jpg,f35,_multi,train
c35f98369748b472,c35f98369748b472.jpg,f22,_multi,train
c35f98369748b472,c35f98369748b472.jpg,hawk,_multi,train
c375f60f2fc42813,c375f60f2fc42813.jpg,unknown,satellite,val
c375f60f2fc42813,c375f60f2fc42813.jpg,unknown,satellite,val
c375f60f2fc42813,c375f60f2fc42813.jpg,unknown,satellite,val
c375f60f2fc42813,c375f60f2fc42813.jpg,unknown,satellite,val
c375f60f2fc42813,c375f60f2fc42813.jpg,unknown,satellite,val
c375f60f2fc42813,c375f60f2fc42813.jpg,unknown,satellite,val
c375f60f2fc42813,c375f60f2fc42813.jpg,unknown,satellite,val
c375f60f2fc42813,c375f60f2fc42813.jpg,unknown,satellite,val
c375f60f2fc42813,c375f60f2fc42813.jpg,unknown,satellite,val
c375f60f2fc42813,c375f60f2fc42813.jpg,unknown,satellite,val
c375f60f2fc42813,c375f60f2fc42813.jpg,unknown,satellite,val
c375f60f2fc42813,c375f60f2fc42813.jpg,unknown,satellite,val
c375f60f2fc42813,c375f60f2fc42813.jpg,unknown,satellite,val
c4ed3613e03b671c,c4ed3613e03b671c.jpg,b52,satellite,train
c4ed3613e03b671c,c4ed3613e03b671c.jpg,b52,satellite,train
c4ed3613e03b671c,c4ed3613e03b671c.jpg,b52,satellite,train
c4ed3613e03b671c,c4ed3613e03b671c.jpg,b52,satellite,train
c4ed3613e03b671c,c4ed3613e03b671c.jpg,b52,satellite,train
c4ed3613e03b671c,c4ed3613e03b671c.jpg,b52,satellite,train
c4ed3613e03b671c,c4ed3613e03b671c.jpg,b52,satellite,train
c4ed3613e03b671c,c4ed3613e03b671c.jpg,b52,satellite,train
c4ed3613e03b671c,c4ed3613e03b671c.jpg,b52,satellite,train
c4ed3613e03b671c,c4ed3613e03b671c.jpg,b52,satellite,train
c4ed3613e03b671c,c4ed3613e03b671c.jpg,b52,satellite,train
c4ed3613e03b671c,c4ed3613e03b671c.jpg,b52,satellite,train
c4ed3613e03b671c,c4ed3613e03b671c.jpg,b52,satellite,train
c7934b38a68ca9cb,c7934b38a68ca9cb.jpg,f35,_multi,train
c7934b38a68ca9cb,c7934b38a68ca9cb.jpg,f35,_multi,train
c7934b38a68ca9cb,c7934b38a68ca9cb.jpg,f35,_multi,train
c7934b38a68ca9cb,c7934b38a68ca9cb.jpg,f35,_multi,train
c7934b38a68ca9cb,c7934b38a68ca9cb.jpg,f35,_multi,train
c7934b38a68ca9cb,c7934b38a68ca9cb.jpg,f35,_multi,train
c7934b38a68ca9cb,c7934b38a68ca9cb.jpg,f35,_multi,train
c7934b38a68ca9cb,c7934b38a68ca9cb.jpg,e7,_multi,train
c7934b38a68ca9cb,c7934b38a68ca9cb.jpg,f35,_multi,train
c7934b38a68ca9cb,c7934b38a68ca9cb.jpg,f35,_multi,train
c7934b38a68ca9cb,c7934b38a68ca9cb.jpg,f35,_multi,train
c7934b38a68ca9cb,c7934b38a68ca9cb.jpg,f35,_multi,train
c7934b38a68ca9cb,c7934b38a68ca9cb.jpg,f35,_multi,train
c7c8f9f8a8150b17,c7c8f9f8a8150b17.jpg,f18,satellite,train
c7c8f9f8a8150b17,c7c8f9f8a8150b17.jpg,f18,satellite,train
c7c8f9f8a8150b17,c7c8f9f8a8150b17.jpg,f18,satellite,train
c7c8f9f8a8150b17,c7c8f9f8a8150b17.jpg,f18,satellite,train
c7c8f9f8a8150b17,c7c8f9f8a8150b17.jpg,f18,satellite,train
c7c8f9f8a8150b17,c7c8f9f8a8150b17.jpg,f18,satellite,train
c7c8f9f8a8150b17,c7c8f9f8a8150b17.jpg,f18,satellite,train
c7c8f9f8a8150b17,c7c8f9f8a8150b17.jpg,f18,satellite,train
c7c8f9f8a8150b17,c7c8f9f8a8150b17.jpg,f18,satellite,train
c7c8f9f8a8150b17,c7c8f9f8a8150b17.jpg,f18,satellite,train
c7c8f9f8a8150b17,c7c8f9f8a8150b17.jpg,f18,satellite,train
c7c8f9f8a8150b17,c7c8f9f8a8150b17.jpg,f18,satellite,train
c7c8f9f8a8150b17,c7c8f9f8a8150b17.jpg,f18,satellite,train
c927516e72706de4,c927516e72706de4.jpg,unknown,satellite,val
c927516e72706de4,c927516e72706de4.jpg,unknown,satellite,val
c927516e72706de4,c927516e72706de4.jpg,unknown,satellite,val
c927516e72706de4,c927516e72706de4.jpg,unknown,satellite,val
c927516e72706de4,c927516e72706de4.jpg,unknown,satellite,val
c927516e72706de4,c927516e72706de4.jpg,unknown,satellite,val
c927516e72706de4,c927516e72706de4.jpg,unknown,satellite,val
c927516e72706de4,c927516e72706de4.jpg,unknown,satellite,val
c927516e72706de4,c927516e72706de4.jpg,unknown,satellite,val
c927516e72706de4,c927516e72706de4.jpg,unknown,satellite,val
c927516e72706de4,c927516e72706de4.jpg,unknown,satellite,val
c927516e72706de4,c927516e72706de4.jpg,unknown,satellite,val
c927516e72706de4,c927516e72706de4.jpg,unknown,satellite,val
c9de03e0ff80cfc0,c9de03e0ff80cfc0.jpg,unknown,satellite,val
c9de03e0ff80cfc0,c9de03e0ff80cfc0.jpg,unknown,satellite,val
c9de03e0ff80cfc0,c9de03e0ff80cfc0.jpg,unknown,satellite,val
c9de03e0ff80cfc0,c9de03e0ff80cfc0.jpg,unknown,satellite,val
c9de03e0ff80cfc0,c9de03e0ff80cfc0.jpg,unknown,satellite,val
c9de03e0ff80cfc0,c9de03e0ff80cfc0.jpg,unknown,satellite,val
c9de03e0ff80cfc0,c9de03e0ff80cfc0.jpg,unknown,satellite,val
c9de03e0ff80cfc0,c9de03e0ff80cfc0.jpg,unknown,satellite,val
c9de03e0ff80cfc0,c9de03e0ff80cfc0.jpg,unknown,satellite,val
c9de03e0ff80cfc0,c9de03e0ff80cfc0.jpg,unknown,satellite,val
c9de03e0ff80cfc0,c9de03e0ff80cfc0.jpg,unknown,satellite,val
c9de03e0ff80cfc0,c9de03e0ff80cfc0.jpg,unknown,satellite,val
c9de03e0ff80cfc0,c9de03e0ff80cfc0.jpg,unknown,satellite,val
ca86858bd76c6837,ca86858bd76c6837.jpg,ka52,ka52,train
ca86858bd76c6837,ca86858bd76c6837.jpg,ka52,ka52,train
ca86858bd76c6837,ca86858bd76c6837.jpg,ka52,ka52,train
ca86858bd76c6837,ca86858bd76c6837.jpg,ka52,ka52,train
ca86858bd76c6837,ca86858bd76c6837.jpg,ka52,ka52,train
ca86858bd76c6837,ca86858bd76c6837.jpg,ka52,ka52,train
ca86858bd76c6837,ca86858bd76c6837.jpg,ka52,ka52,train
ca86858bd76c6837,ca86858bd76c6837.jpg,ka52,ka52,train
ca86858bd76c6837,ca86858bd76c6837.jpg,ka52,ka52,train
ca86858bd76c6837,ca86858bd76c6837.jpg,ka52,ka52,train
ca86858bd76c6837,ca86858bd76c6837.jpg,ka52,ka52,train
ca86858bd76c6837,ca86858bd76c6837.jpg,ka52,ka52,train
ca86858bd76c6837,ca86858bd76c6837.jpg,ka52,ka52,train
cb89ca2dd9d22936,cb89ca2dd9d22936.jpg,unknown,satellite,val
cb89ca2dd9d22936,cb89ca2dd9d22936.jpg,unknown,satellite,val
cb89ca2dd9d22936,cb89ca2dd9d22936.jpg,unknown,satellite,val
cb89ca2dd9d22936,cb89ca2dd9d22936.jpg,unknown,satellite,val
cb89ca2dd9d22936,cb89ca2dd9d22936.jpg,unknown,satellite,val
cb89ca2dd9d22936,cb89ca2dd9d22936.jpg,unknown,satellite,val
cb89ca2dd9d22936,cb89ca2dd9d22936.jpg,unknown,satellite,val
cb89ca2dd9d22936,cb89ca2dd9d22936.jpg,unknown,satellite,val
cb89ca2dd9d22936,cb89ca2dd9d22936.jpg,unknown,satellite,val
cb89ca2dd9d22936,cb89ca2dd9d22936.jpg,unknown,satellite,val
cb89ca2dd9d22936,cb89ca2dd9d22936.jpg,unknown,satellite,val
cb89ca2dd9d22936,cb89ca2dd9d22936.jpg,unknown,satellite,val
cb89ca2dd9d22936,cb89ca2dd9d22936.jpg,unknown,satellite,val
cd5e01613c1f4fe2,cd5e01613c1f4fe2.jpg,jaguar,jaguar,train
cd5e01613c1f4fe2,cd5e01613c1f4fe2.jpg,jaguar,jaguar,train
cd5e01613c1f4fe2,cd5e01613c1f4fe2.jpg,jaguar,jaguar,train
cd5e01613c1f4fe2,cd5e01613c1f4fe2.jpg,jaguar,jaguar,train
cd5e01613c1f4fe2,cd5e01613c1f4fe2.jpg,jaguar,jaguar,train
cd5e01613c1f4fe2,cd5e01613c1f4fe2.jpg,jaguar,jaguar,train
cd5e01613c1f4fe2,cd5e01613c1f4fe2.jpg,jaguar,jaguar,train
cd5e01613c1f4fe2,cd5e01613c1f4fe2.jpg,jaguar,jaguar,train
cd5e01613c1f4fe2,cd5e01613c1f4fe2.jpg,jaguar,jaguar,train
cd5e01613c1f4fe2,cd5e01613c1f4fe2.jpg,jaguar,jaguar,train
cd5e01613c1f4fe2,cd5e01613c1f4fe2.jpg,jaguar,jaguar,train
cd5e01613c1f4fe2,cd5e01613c1f4fe2.jpg,jaguar,jaguar,train
cd5e01613c1f4fe2,cd5e01613c1f4fe2.jpg,jaguar,jaguar,train
cd9734247c690bcb,cd9734247c690bcb.jpg,b52,satellite,train
cd9734247c690bcb,cd9734247c690bcb.jpg,b52,satellite,train
cd9734247c690bcb,cd9734247c690bcb.jpg,b52,satellite,train
cd9734247c690bcb,cd9734247c690bcb.jpg,b52,satellite,train
cd9734247c690bcb,cd9734247c690bcb.jpg,b52,satellite,train
cd9734247c690bcb,cd9734247c690bcb.jpg,b52,satellite,train
cd9734247c690bcb,cd9734247c690bcb.jpg,b52,satellite,train
cd9734247c690bcb,cd9734247c690bcb.jpg,b52,satellite,train
cd9734247c690bcb,cd9734247c690bcb.jpg,b52,satellite,train
cd9734247c690bcb,cd9734247c690bcb.jpg,b52,satellite,train
cd9734247c690bcb,cd9734247c690bcb.jpg,b52,satellite,train
cd9734247c690bcb,cd9734247c690bcb.jpg,b52,satellite,train
cd9734247c690bcb,cd9734247c690bcb.jpg,b52,satellite,train
ceb34e8453866d93,ceb34e8453866d93.jpg,unknown,satellite,val
ceb34e8453866d93,ceb34e8453866d93.jpg,unknown,satellite,val
ceb34e8453866d93,ceb34e8453866d93.jpg,unknown,satellite,val
ceb34e8453866d93,ceb34e8453866d93.jpg,unknown,satellite,val
ceb34e8453866d93,ceb34e8453866d93.jpg,unknown,satellite,val
ceb34e8453866d93,ceb34e8453866d93.jpg,unknown,satellite,val
ceb34e8453866d93,ceb34e8453866d93.jpg,unknown,satellite,val
ceb34e8453866d93,ceb34e8453866d93.jpg,unknown,satellite,val
ceb34e8453866d93,ceb34e8453866d93.jpg,unknown,satellite,val
ceb34e8453866d93,ceb34e8453866d93.jpg,unknown,satellite,val
ceb34e8453866d93,ceb34e8453866d93.jpg,unknown,satellite,val
ceb34e8453866d93,ceb34e8453866d93.jpg,unknown,satellite,val
ceb34e8453866d93,ceb34e8453866d93.jpg,unknown,satellite,val
d03b5579aa50aad5,d03b5579aa50aad5.jpg,unknown,satellite,val
d03b5579aa50aad5,d03b5579aa50aad5.jpg,unknown,satellite,val
d03b5579aa50aad5,d03b5579aa50aad5.jpg,unknown,satellite,val
d03b5579aa50aad5,d03b5579aa50aad5.jpg,unknown,satellite,val
d03b5579aa50aad5,d03b5579aa50aad5.jpg,unknown,satellite,val
d03b5579aa50aad5,d03b5579aa50aad5.jpg,unknown,satellite,val
d03b5579aa50aad5,d03b5579aa50aad5.jpg,unknown,satellite,val
d03b5579aa50aad5,d03b5579aa50aad5.jpg,unknown,satellite,val
d03b5579aa50aad5,d03b5579aa50aad5.jpg,unknown,satellite,val
d03b5579aa50aad5,d03b5579aa50aad5.jpg,unknown,satellite,val
d03b5579aa50aad5,d03b5579aa50aad5.jpg,unknown,satellite,val
d03b5579aa50aad5,d03b5579aa50aad5.jpg,unknown,satellite,val
d03b5579aa50aad5,d03b5579aa50aad5.jpg,unknown,satellite,val
d0b13692c6fdb113,d0b13692c6fdb113.jpg,unknown,satellite,val
d0b13692c6fdb113,d0b13692c6fdb113.jpg,unknown,satellite,val
d0b13692c6fdb113,d0b13692c6fdb113.jpg,unknown,satellite,val
d0b13692c6fdb113,d0b13692c6fdb113.jpg,unknown,satellite,val
d0b13692c6fdb113,d0b13692c6fdb113.jpg,unknown,satellite,val
d0b13692c6fdb113,d0b13692c6fdb113.jpg,unknown,satellite,val
d0b13692c6fdb113,d0b13692c6fdb113.jpg,unknown,satellite,val
d0b13692c6fdb113,d0b13692c6fdb113.jpg,unknown,satellite,val
d0b13692c6fdb113,d0b13692c6fdb113.jpg,unknown,satellite,val
d0b13692c6fdb113,d0b13692c6fdb113.jpg,unknown,satellite,val
d0b13692c6fdb113,d0b13692c6fdb113.jpg,unknown,satellite,val
d0b13692c6fdb113,d0b13692c6fdb113.jpg,unknown,satellite,val
d0b13692c6fdb113,d0b13692c6fdb113.jpg,unknown,satellite,val
d1483d121bdb90f7,d1483d121bdb90f7.jpg,unknownA19,satellite,train
d1483d121bdb90f7,d1483d121bdb90f7.jpg,unknownA19,satellite,train
d1483d121bdb90f7,d1483d121bdb90f7.jpg,unknownA19,satellite,train
d1483d121bdb90f7,d1483d121bdb90f7.jpg,unknownA19,satellite,train
d1483d121bdb90f7,d1483d121bdb90f7.jpg,unknownA1,satellite,train
d1483d121bdb90f7,d1483d121bdb90f7.jpg,unknownA19,satellite,train
d1483d121bdb90f7,d1483d121bdb90f7.jpg,unknownA19,satellite,train
d1483d121bdb90f7,d1483d121bdb90f7.jpg,unknownA19,satellite,train
d1483d121bdb90f7,d1483d121bdb90f7.jpg,unknownA1,satellite,train
d1483d121bdb90f7,d1483d121bdb90f7.jpg,unknownA19,satellite,train
d1483d121bdb90f7,d1483d121bdb90f7.jpg,unknownA1,satellite,train
d1483d121bdb90f7,d1483d121bdb90f7.jpg,unknownA19,satellite,train
d1483d121bdb90f7,d1483d121bdb90f7.jpg,unknownA1,satellite,train
d1e495af4e13630b,d1e495af4e13630b.jpg,ah64,_multi,train
d1e495af4e13630b,d1e495af4e13630b.jpg,ah64,_multi,train
d1e495af4e13630b,d1e495af4e13630b.jpg,ah64,_multi,train
d1e495af4e13630b,d1e495af4e13630b.jpg,ah64,_multi,train
d1e495af4e13630b,d1e495af4e13630b.jpg,ah64,_multi,train
d1e495af4e13630b,d1e495af4e13630b.jpg,ah64,_multi,train
d1e495af4e13630b,d1e495af4e13630b.jpg,ah64,_multi,train
d1e495af4e13630b,d1e495af4e13630b.jpg,ah64,_multi,train
d1e495af4e13630b,d1e495af4e13630b.jpg,ah64,_multi,train
d1e495af4e13630b,d1e495af4e13630b.jpg,ah64,_multi,train
d1e495af4e13630b,d1e495af4e13630b.jpg,ah64,_multi,train
d1e495af4e13630b,d1e495af4e13630b.jpg,ah64,_multi,train
d1e495af4e13630b,d1e495af4e13630b.jpg,ah64,_multi,train
d1ffa8b4a292564c,d1ffa8b4a292564c.jpg,c130,satellite,train
d1ffa8b4a292564c,d1ffa8b4a292564c.jpg,c130,satellite,train
d1ffa8b4a292564c,d1ffa8b4a292564c.jpg,c130,satellite,train
d1ffa8b4a292564c,d1ffa8b4a292564c.jpg,c130,satellite,train
d1ffa8b4a292564c,d1ffa8b4a292564c.jpg,c130,satellite,train
d1ffa8b4a292564c,d1ffa8b4a292564c.jpg,c130,satellite,train
d1ffa8b4a292564c,d1ffa8b4a292564c.jpg,c130,satellite,train
d1ffa8b4a292564c,d1ffa8b4a292564c.jpg,c130,satellite,train
d1ffa8b4a292564c,d1ffa8b4a292564c.jpg,c130,satellite,train
d1ffa8b4a292564c,d1ffa8b4a292564c.jpg,c130,satellite,train
d1ffa8b4a292564c,d1ffa8b4a292564c.jpg,c130,satellite,train
d1ffa8b4a292564c,d1ffa8b4a292564c.jpg,c130,satellite,train
d1ffa8b4a292564c,d1ffa8b4a292564c.jpg,c130,satellite,train
d21e2d076ce1939e,d21e2d076ce1939e.jpg,flanker,flanker,train
d21e2d076ce1939e,d21e2d076ce1939e.jpg,flanker,flanker,train
d21e2d076ce1939e,d21e2d076ce1939e.jpg,flanker,flanker,train
d21e2d076ce1939e,d21e2d076ce1939e.jpg,flanker,flanker,train
d21e2d076ce1939e,d21e2d076ce1939e.jpg,flanker,flanker,train
d21e2d076ce1939e,d21e2d076ce1939e.jpg,flanker,flanker,train
d21e2d076ce1939e,d21e2d076ce1939e.jpg,flanker,flanker,train
d21e2d076ce1939e,d21e2d076ce1939e.jpg,flanker,flanker,train
d21e2d076ce1939e,d21e2d076ce1939e.jpg,flanker,flanker,train
d21e2d076ce1939e,d21e2d076ce1939e.jpg,flanker,flanker,train
d21e2d076ce1939e,d21e2d076ce1939e.jpg,flanker,flanker,train
d21e2d076ce1939e,d21e2d076ce1939e.jpg,flanker,flanker,train
d21e2d076ce1939e,d21e2d076ce1939e.jpg,flanker,flanker,train
d252edf53e216d04,d252edf53e216d04.jpg,unknown,satellite,val
d252edf53e216d04,d252edf53e216d04.jpg,unknown,satellite,val
d252edf53e216d04,d252edf53e216d04.jpg,unknown,satellite,val
d252edf53e216d04,d252edf53e216d04.jpg,unknown,satellite,val
d252edf53e216d04,d252edf53e216d04.jpg,unknown,satellite,val
d252edf53e216d04,d252edf53e216d04.jpg,unknown,satellite,val
d252edf53e216d04,d252edf53e216d04.jpg,unknown,satellite,val
d252edf53e216d04,d252edf53e216d04.jpg,unknown,satellite,val
d252edf53e216d04,d252edf53e216d04.jpg,unknown,satellite,val
d252edf53e216d04,d252edf53e216d04.jpg,unknown,satellite,val
d252edf53e216d04,d252edf53e216d04.jpg,unknown,satellite,val
d252edf53e216d04,d252edf53e216d04.jpg,unknown,satellite,val
d252edf53e216d04,d252edf53e216d04.jpg,unknown,satellite,val
d28d2088fdee835e,d28d2088fdee835e.jpg,unknown,satellite,val
d28d2088fdee835e,d28d2088fdee835e.jpg,unknown,satellite,val
d28d2088fdee835e,d28d2088fdee835e.jpg,unknown,satellite,val
d28d2088fdee835e,d28d2088fdee835e.jpg,unknown,satellite,val
d28d2088fdee835e,d28d2088fdee835e.jpg,unknown,satellite,val
d28d2088fdee835e,d28d2088fdee835e.jpg,unknown,satellite,val
d28d2088fdee835e,d28d2088fdee835e.jpg,unknown,satellite,val
d28d2088fdee835e,d28d2088fdee835e.jpg,unknown,satellite,val
d28d2088fdee835e,d28d2088fdee835e.jpg,unknown,satellite,val
d28d2088fdee835e,d28d2088fdee835e.jpg,unknown,satellite,val
d28d2088fdee835e,d28d2088fdee835e.jpg,unknown,satellite,val
d28d2088fdee835e,d28d2088fdee835e.jpg,unknown,satellite,val
d28d2088fdee835e,d28d2088fdee835e.jpg,unknown,satellite,val
d2aaa51c23d56bca,d2aaa51c23d56bca.jpg,c130,satellite,train
d2aaa51c23d56bca,d2aaa51c23d56bca.jpg,c130,satellite,train
d2aaa51c23d56bca,d2aaa51c23d56bca.jpg,c130,satellite,train
d2aaa51c23d56bca,d2aaa51c23d56bca.jpg,c130,satellite,train
d2aaa51c23d56bca,d2aaa51c23d56bca.jpg,c130,satellite,train
d2aaa51c23d56bca,d2aaa51c23d56bca.jpg,c130,satellite,train
d2aaa51c23d56bca,d2aaa51c23d56bca.jpg,c130,satellite,train
d2aaa51c23d56bca,d2aaa51c23d56bca.jpg,c130,satellite,train
d2aaa51c23d56bca,d2aaa51c23d56bca.jpg,c130,satellite,train
d2aaa51c23d56bca,d2aaa51c23d56bca.jpg,c130,satellite,train
d2aaa51c23d56bca,d2aaa51c23d56bca.jpg,c130,satellite,train
d2aaa51c23d56bca,d2aaa51c23d56bca.jpg,c130,satellite,train
d2aaa51c23d56bca,d2aaa51c23d56bca.jpg,c130,satellite,train
d2bfca2aeea08478,d2bfca2aeea08478.jpg,c17,satellite,train
d2bfca2aeea08478,d2bfca2aeea08478.jpg,c17,satellite,train
d2bfca2aeea08478,d2bfca2aeea08478.jpg,c17,satellite,train
d2bfca2aeea08478,d2bfca2aeea08478.jpg,c17,satellite,train
d2bfca2aeea08478,d2bfca2aeea08478.jpg,c17,satellite,train
d2bfca2aeea08478,d2bfca2aeea08478.jpg,c17,satellite,train
d2bfca2aeea08478,d2bfca2aeea08478.jpg,c17,satellite,train
d2bfca2aeea08478,d2bfca2aeea08478.jpg,c17,satellite,train
d2bfca2aeea08478,d2bfca2aeea08478.jpg,c17,satellite,train
d2bfca2aeea08478,d2bfca2aeea08478.jpg,c17,satellite,train
d2bfca2aeea08478,d2bfca2aeea08478.jpg,c17,satellite,train
d2bfca2aeea08478,d2bfca2aeea08478.jpg,c17,satellite,train
d2bfca2aeea08478,d2bfca2aeea08478.jpg,c17,satellite,train
d42d6a5e21a3a1f3,d42d6a5e21a3a1f3.jpg,p3,satellite,train
d42d6a5e21a3a1f3,d42d6a5e21a3a1f3.jpg,p3,satellite,train
d42d6a5e21a3a1f3,d42d6a5e21a3a1f3.jpg,p3,satellite,train
d42d6a5e21a3a1f3,d42d6a5e21a3a1f3.jpg,p3,satellite,train
d42d6a5e21a3a1f3,d42d6a5e21a3a1f3.jpg,p3,satellite,train
d42d6a5e21a3a1f3,d42d6a5e21a3a1f3.jpg,p3,satellite,train
d42d6a5e21a3a1f3,d42d6a5e21a3a1f3.jpg,p3,satellite,train
d42d6a5e21a3a1f3,d42d6a5e21a3a1f3.jpg,p3,satellite,train
d42d6a5e21a3a1f3,d42d6a5e21a3a1f3.jpg,p3,satellite,train
d42d6a5e21a3a1f3,d42d6a5e21a3a1f3.jpg,p3,satellite,train
d42d6a5e21a3a1f3,d42d6a5e21a3a1f3.jpg,p3,satellite,train
d42d6a5e21a3a1f3,d42d6a5e21a3a1f3.jpg,p3,satellite,train
d42d6a5e21a3a1f3,d42d6a5e21a3a1f3.jpg,p3,satellite,train
d5380a676a6b24d7,d5380a676a6b24d7.jpg,unknown,satellite,val
d5380a676a6b24d7,d5380a676a6b24d7.jpg,unknown,satellite,val
d5380a676a6b24d7,d5380a676a6b24d7.jpg,unknown,satellite,val
d5380a676a6b24d7,d5380a676a6b24d7.jpg,unknown,satellite,val
d5380a676a6b24d7,d5380a676a6b24d7.jpg,unknown,satellite,val
d5380a676a6b24d7,d5380a676a6b24d7.jpg,unknown,satellite,val
d5380a676a6b24d7,d5380a676a6b24d7.jpg,unknown,satellite,val
d5380a676a6b24d7,d5380a676a6b24d7.jpg,unknown,satellite,val
d5380a676a6b24d7,d5380a676a6b24d7.jpg,unknown,satellite,val
d5380a676a6b24d7,d5380a676a6b24d7.jpg,unknown,satellite,val
d5380a676a6b24d7,d5380a676a6b24d7.jpg,unknown,satellite,val
d5380a676a6b24d7,d5380a676a6b24d7.jpg,unknown,satellite,val
d5380a676a6b24d7,d5380a676a6b24d7.jpg,unknown,satellite,val
d556524aaacb98b9,d556524aaacb98b9.jpg,f18,satellite,train
d556524aaacb98b9,d556524aaacb98b9.jpg,f18,satellite,train
d556524aaacb98b9,d556524aaacb98b9.jpg,f18,satellite,train
d556524aaacb98b9,d556524aaacb98b9.jpg,f18,satellite,train
d556524aaacb98b9,d556524aaacb98b9.jpg,f18,satellite,train
d556524aaacb98b9,d556524aaacb98b9.jpg,f18,satellite,train
d556524aaacb98b9,d556524aaacb98b9.jpg,f18,satellite,train
d556524aaacb98b9,d556524aaacb98b9.jpg,f18,satellite,train
d556524aaacb98b9,d556524aaacb98b9.jpg,f18,satellite,train
d556524aaacb98b9,d556524aaacb98b9.jpg,f18,satellite,train
d556524aaacb98b9,d556524aaacb98b9.jpg,f18,satellite,train
d556524aaacb98b9,d556524aaacb98b9.jpg,f18,satellite,train
d556524aaacb98b9,d556524aaacb98b9.jpg,f18,satellite,train
d5d029c57e922ae5,d5d029c57e922ae5.jpg,fougamagister,alphajet,train
d5d029c57e922ae5,d5d029c57e922ae5.jpg,fougamagister,alphajet,train
d5d029c57e922ae5,d5d029c57e922ae5.jpg,fougamagister,alphajet,train
d5d029c57e922ae5,d5d029c57e922ae5.jpg,fougamagister,alphajet,train
d5d029c57e922ae5,d5d029c57e922ae5.jpg,alphajet,alphajet,train
d5d029c57e922ae5,d5d029c57e922ae5.jpg,alphajet,alphajet,train
d5d029c57e922ae5,d5d029c57e922ae5.jpg,alphajet,alphajet,train
d5d029c57e922ae5,d5d029c57e922ae5.jpg,alphajet,alphajet,train
d5d029c57e922ae5,d5d029c57e922ae5.jpg,alphajet,alphajet,train
d5d029c57e922ae5,d5d029c57e922ae5.jpg,alphajet,alphajet,train
d5d029c57e922ae5,d5d029c57e922ae5.jpg,alphajet,alphajet,train
d5d029c57e922ae5,d5d029c57e922ae5.jpg,fougamagister,alphajet,train
d5d029c57e922ae5,d5d029c57e922ae5.jpg,alphajet,alphajet,train
d5fa1ac378cf210c,d5fa1ac378cf210c.jpg,unknown,satellite,val
d5fa1ac378cf210c,d5fa1ac378cf210c.jpg,unknown,satellite,val
d5fa1ac378cf210c,d5fa1ac378cf210c.jpg,unknown,satellite,val
d5fa1ac378cf210c,d5fa1ac378cf210c.jpg,unknown,satellite,val
d5fa1ac378cf210c,d5fa1ac378cf210c.jpg,unknown,satellite,val
d5fa1ac378cf210c,d5fa1ac378cf210c.jpg,unknown,satellite,val
d5fa1ac378cf210c,d5fa1ac378cf210c.jpg,unknown,satellite,val
d5fa1ac378cf210c,d5fa1ac378cf210c.jpg,unknown,satellite,val
d5fa1ac378cf210c,d5fa1ac378cf210c.jpg,unknown,satellite,val
d5fa1ac378cf210c,d5fa1ac378cf210c.jpg,unknown,satellite,val
d5fa1ac378cf210c,d5fa1ac378cf210c.jpg,unknown,satellite,val
d5fa1ac378cf210c,d5fa1ac378cf210c.jpg,unknown,satellite,val
d5fa1ac378cf210c,d5fa1ac378cf210c.jpg,unknown,satellite,val
d69f4f8f4e906031,d69f4f8f4e906031.jpg,j10,j10,train
d69f4f8f4e906031,d69f4f8f4e906031.jpg,j10,j10,train
d69f4f8f4e906031,d69f4f8f4e906031.jpg,j10,j10,train
d69f4f8f4e906031,d69f4f8f4e906031.jpg,j10,j10,train
d69f4f8f4e906031,d69f4f8f4e906031.jpg,j10,j10,train
d69f4f8f4e906031,d69f4f8f4e906031.jpg,j10,j10,train
d69f4f8f4e906031,d69f4f8f4e906031.jpg,j10,j10,train
d69f4f8f4e906031,d69f4f8f4e906031.jpg,j10,j10,train
d69f4f8f4e906031,d69f4f8f4e906031.jpg,j10,j10,train
d69f4f8f4e906031,d69f4f8f4e906031.jpg,j10,j10,train
d69f4f8f4e906031,d69f4f8f4e906031.jpg,j10,j10,train
d69f4f8f4e906031,d69f4f8f4e906031.jpg,j10,j10,train
d69f4f8f4e906031,d69f4f8f4e906031.jpg,j10,j10,train
d6d6982965d4b8a3,d6d6982965d4b8a3.jpg,unknown,satellite,val
d6d6982965d4b8a3,d6d6982965d4b8a3.jpg,unknown,satellite,val
d6d6982965d4b8a3,d6d6982965d4b8a3.jpg,unknown,satellite,val
d6d6982965d4b8a3,d6d6982965d4b8a3.jpg,unknown,satellite,val
d6d6982965d4b8a3,d6d6982965d4b8a3.jpg,unknown,satellite,val
d6d6982965d4b8a3,d6d6982965d4b8a3.jpg,unknown,satellite,val
d6d6982965d4b8a3,d6d6982965d4b8a3.jpg,unknown,satellite,val
d6d6982965d4b8a3,d6d6982965d4b8a3.jpg,unknown,satellite,val
d6d6982965d4b8a3,d6d6982965d4b8a3.jpg,unknown,satellite,val
d6d6982965d4b8a3,d6d6982965d4b8a3.jpg,unknown,satellite,val
d6d6982965d4b8a3,d6d6982965d4b8a3.jpg,unknown,satellite,val
d6d6982965d4b8a3,d6d6982965d4b8a3.jpg,unknown,satellite,val
d6d6982965d4b8a3,d6d6982965d4b8a3.jpg,unknown,satellite,val
d7032b8b0b8b9f0b,d7032b8b0b8b9f0b.jpg,unknown,satellite,val
d7032b8b0b8b9f0b,d7032b8b0b8b9f0b.jpg,unknown,satellite,val
d7032b8b0b8b9f0b,d7032b8b0b8b9f0b.jpg,unknown,satellite,val
d7032b8b0b8b9f0b,d7032b8b0b8b9f0b.jpg,unknown,satellite,val
d7032b8b0b8b9f0b,d7032b8b0b8b9f0b.jpg,unknown,satellite,val
d7032b8b0b8b9f0b,d7032b8b0b8b9f0b.jpg,unknown,satellite,val
d7032b8b0b8b9f0b,d7032b8b0b8b9f0b.jpg,unknown,satellite,val
d7032b8b0b8b9f0b,d7032b8b0b8b9f0b.jpg,unknown,satellite,val
d7032b8b0b8b9f0b,d7032b8b0b8b9f0b.jpg,unknown,satellite,val
d7032b8b0b8b9f0b,d7032b8b0b8b9f0b.jpg,unknown,satellite,val
d7032b8b0b8b9f0b,d7032b8b0b8b9f0b.jpg,unknown,satellite,val
d7032b8b0b8b9f0b,d7032b8b0b8b9f0b.jpg,unknown,satellite,val
d7032b8b0b8b9f0b,d7032b8b0b8b9f0b.jpg,unknown,satellite,val
d74b6f2371152274,d74b6f2371152274.jpg,c130,satellite,train
d74b6f2371152274,d74b6f2371152274.jpg,c17,satellite,train
d74b6f2371152274,d74b6f2371152274.jpg,c17,satellite,train
d74b6f2371152274,d74b6f2371152274.jpg,c5,satellite,train
d74b6f2371152274,d74b6f2371152274.jpg,c17,satellite,train
d74b6f2371152274,d74b6f2371152274.jpg,c130,satellite,train
d74b6f2371152274,d74b6f2371152274.jpg,c5,satellite,train
d74b6f2371152274,d74b6f2371152274.jpg,c17,satellite,train
d74b6f2371152274,d74b6f2371152274.jpg,c130,satellite,train
d74b6f2371152274,d74b6f2371152274.jpg,c17,satellite,train
d74b6f2371152274,d74b6f2371152274.jpg,c130,satellite,train
d74b6f2371152274,d74b6f2371152274.jpg,c130,satellite,train
d74b6f2371152274,d74b6f2371152274.jpg,c130,satellite,train
d78d458c168b1bb5,d78d458c168b1bb5.jpg,c130,satellite,train
d78d458c168b1bb5,d78d458c168b1bb5.jpg,c130,satellite,train
d78d458c168b1bb5,d78d458c168b1bb5.jpg,c130,satellite,train
d78d458c168b1bb5,d78d458c168b1bb5.jpg,c130,satellite,train
d78d458c168b1bb5,d78d458c168b1bb5.jpg,c130,satellite,train
d78d458c168b1bb5,d78d458c168b1bb5.jpg,c130,satellite,train
d78d458c168b1bb5,d78d458c168b1bb5.jpg,c130,satellite,train
d78d458c168b1bb5,d78d458c168b1bb5.jpg,c130,satellite,train
d78d458c168b1bb5,d78d458c168b1bb5.jpg,c130,satellite,train
d78d458c168b1bb5,d78d458c168b1bb5.jpg,c130,satellite,train
d78d458c168b1bb5,d78d458c168b1bb5.jpg,c130,satellite,train
d78d458c168b1bb5,d78d458c168b1bb5.jpg,c130,satellite,train
d78d458c168b1bb5,d78d458c168b1bb5.jpg,c130,satellite,train
db59894d6ca4b692,db59894d6ca4b692.jpg,unknown,satellite,val
db59894d6ca4b692,db59894d6ca4b692.jpg,unknown,satellite,val
db59894d6ca4b692,db59894d6ca4b692.jpg,unknown,satellite,val
db59894d6ca4b692,db59894d6ca4b692.jpg,unknown,satellite,val
db59894d6ca4b692,db59894d6ca4b692.jpg,unknown,satellite,val
db59894d6ca4b692,db59894d6ca4b692.jpg,unknown,satellite,val
db59894d6ca4b692,db59894d6ca4b692.jpg,unknown,satellite,val
db59894d6ca4b692,db59894d6ca4b692.jpg,unknown,satellite,val
db59894d6ca4b692,db59894d6ca4b692.jpg,unknown,satellite,val
db59894d6ca4b692,db59894d6ca4b692.jpg,unknown,satellite,val
db59894d6ca4b692,db59894d6ca4b692.jpg,unknown,satellite,val
db59894d6ca4b692,db59894d6ca4b692.jpg,unknown,satellite,val
db59894d6ca4b692,db59894d6ca4b692.jpg,unknown,satellite,val
dc5a56d0490bcbe6,dc5a56d0490bcbe6.jpg,f18,satellite,train
dc5a56d0490bcbe6,dc5a56d0490bcbe6.jpg,f18,satellite,train
dc5a56d0490bcbe6,dc5a56d0490bcbe6.jpg,f18,satellite,train
dc5a56d0490bcbe6,dc5a56d0490bcbe6.jpg,f18,satellite,train
dc5a56d0490bcbe6,dc5a56d0490bcbe6.jpg,f18,satellite,train
dc5a56d0490bcbe6,dc5a56d0490bcbe6.jpg,f18,satellite,train
dc5a56d0490bcbe6,dc5a56d0490bcbe6.jpg,f18,satellite,train
dc5a56d0490bcbe6,dc5a56d0490bcbe6.jpg,f18,satellite,train
dc5a56d0490bcbe6,dc5a56d0490bcbe6.jpg,f18,satellite,train
dc5a56d0490bcbe6,dc5a56d0490bcbe6.jpg,f18,satellite,train
dc5a56d0490bcbe6,dc5a56d0490bcbe6.jpg,f18,satellite,train
dc5a56d0490bcbe6,dc5a56d0490bcbe6.jpg,f18,satellite,train
dc5a56d0490bcbe6,dc5a56d0490bcbe6.jpg,f18,satellite,train
dca3c09c33cc58f3,dca3c09c33cc58f3.jpg,f35,_multi,train
dca3c09c33cc58f3,dca3c09c33cc58f3.jpg,f35,_multi,train
dca3c09c33cc58f3,dca3c09c33cc58f3.jpg,f35,_multi,train
dca3c09c33cc58f3,dca3c09c33cc58f3.jpg,f35,_multi,train
dca3c09c33cc58f3,dca3c09c33cc58f3.jpg,f35,_multi,train
dca3c09c33cc58f3,dca3c09c33cc58f3.jpg,f35,_multi,train
dca3c09c33cc58f3,dca3c09c33cc58f3.jpg,f22,_multi,train
dca3c09c33cc58f3,dca3c09c33cc58f3.jpg,f22,_multi,train
dca3c09c33cc58f3,dca3c09c33cc58f3.jpg,f22,_multi,train
dca3c09c33cc58f3,dca3c09c33cc58f3.jpg,unknown,_multi,train
dca3c09c33cc58f3,dca3c09c33cc58f3.jpg,f22,_multi,train
dca3c09c33cc58f3,dca3c09c33cc58f3.jpg,f22,_multi,train
dca3c09c33cc58f3,dca3c09c33cc58f3.jpg,unknown,_multi,train
ddf10fe50543f206,ddf10fe50543f206.jpg,c130,satellite,train
ddf10fe50543f206,ddf10fe50543f206.jpg,c130,satellite,train
ddf10fe50543f206,ddf10fe50543f206.jpg,c130,satellite,train
ddf10fe50543f206,ddf10fe50543f206.jpg,c130,satellite,train
ddf10fe50543f206,ddf10fe50543f206.jpg,c130,satellite,train
ddf10fe50543f206,ddf10fe50543f206.jpg,c130,satellite,train
ddf10fe50543f206,ddf10fe50543f206.jpg,c130,satellite,train
ddf10fe50543f206,ddf10fe50543f206.jpg,c130,satellite,train
ddf10fe50543f206,ddf10fe50543f206.jpg,c130,satellite,train
ddf10fe50543f206,ddf10fe50543f206.jpg,c130,satellite,train
ddf10fe50543f206,ddf10fe50543f206.jpg,c130,satellite,train
ddf10fe50543f206,ddf10fe50543f206.jpg,c130,satellite,train
ddf10fe50543f206,ddf10fe50543f206.jpg,c130,satellite,train
df08d3792839c90f,df08d3792839c90f.jpg,f22,_multi,train
df08d3792839c90f,df08d3792839c90f.jpg,f22,_multi,train
df08d3792839c90f,df08d3792839c90f.jpg,f22,_multi,train
df08d3792839c90f,df08d3792839c90f.jpg,f22,_multi,train
df08d3792839c90f,df08d3792839c90f.jpg,f22,_multi,train
df08d3792839c90f,df08d3792839c90f.jpg,f22,_multi,train
df08d3792839c90f,df08d3792839c90f.jpg,f22,_multi,train
df08d3792839c90f,df08d3792839c90f.jpg,f22,_multi,train
df08d3792839c90f,df08d3792839c90f.jpg,f22,_multi,train
df08d3792839c90f,df08d3792839c90f.jpg,f22,_multi,train
df08d3792839c90f,df08d3792839c90f.jpg,f22,_multi,train
df08d3792839c90f,df08d3792839c90f.jpg,f22,_multi,train
df08d3792839c90f,df08d3792839c90f.jpg,f22,_multi,train
dfdc443626245e2d,dfdc443626245e2d.jpg,unknown,satellite,val
dfdc443626245e2d,dfdc443626245e2d.jpg,unknown,satellite,val
dfdc443626245e2d,dfdc443626245e2d.jpg,unknown,satellite,val
dfdc443626245e2d,dfdc443626245e2d.jpg,unknown,satellite,val
dfdc443626245e2d,dfdc443626245e2d.jpg,unknown,satellite,val
dfdc443626245e2d,dfdc443626245e2d.jpg,unknown,satellite,val
dfdc443626245e2d,dfdc443626245e2d.jpg,unknown,satellite,val
dfdc443626245e2d,dfdc443626245e2d.jpg,unknown,satellite,val
dfdc443626245e2d,dfdc443626245e2d.jpg,unknown,satellite,val
dfdc443626245e2d,dfdc443626245e2d.jpg,unknown,satellite,val
dfdc443626245e2d,dfdc443626245e2d.jpg,unknown,satellite,val
dfdc443626245e2d,dfdc443626245e2d.jpg,unknown,satellite,val
dfdc443626245e2d,dfdc443626245e2d.jpg,unknown,satellite,val
e177706625eb445a,e177706625eb445a.jpg,b1b,b1b,val
e177706625eb445a,e177706625eb445a.jpg,b1b,b1b,val
e177706625eb445a,e177706625eb445a.jpg,b1b,b1b,val
e177706625eb445a,e177706625eb445a.jpg,b1b,b1b,val
e177706625eb445a,e177706625eb445a.jpg,b1b,b1b,val
e177706625eb445a,e177706625eb445a.jpg,b1b,b1b,val
e177706625eb445a,e177706625eb445a.jpg,b1b,b1b,val
e177706625eb445a,e177706625eb445a.jpg,b1b,b1b,val
e177706625eb445a,e177706625eb445a.jpg,b1b,b1b,val
e177706625eb445a,e177706625eb445a.jpg,b1b,b1b,val
e177706625eb445a,e177706625eb445a.jpg,b1b,b1b,val
e177706625eb445a,e177706625eb445a.jpg,b1b,b1b,val
e177706625eb445a,e177706625eb445a.jpg,b1b,b1b,val
e1839e839ce710ee,e1839e839ce710ee.jpg,unknownA19,satellite,train
e1839e839ce710ee,e1839e839ce710ee.jpg,unknownA19,satellite,train
e1839e839ce710ee,e1839e839ce710ee.jpg,unknownA19,satellite,train
e1839e839ce710ee,e1839e839ce710ee.jpg,mig23,satellite,train
e1839e839ce710ee,e1839e839ce710ee.jpg,mig23,satellite,train
e1839e839ce710ee,e1839e839ce710ee.jpg,mig23,satellite,train
e1839e839ce710ee,e1839e839ce710ee.jpg,unknownA19,satellite,train
e1839e839ce710ee,e1839e839ce710ee.jpg,mig23,satellite,train
e1839e839ce710ee,e1839e839ce710ee.jpg,mig23,satellite,train
e1839e839ce710ee,e1839e839ce710ee.jpg,unknownA19,satellite,train
e1839e839ce710ee,e1839e839ce710ee.jpg,unknownA19,satellite,train
e1839e839ce710ee,e1839e839ce710ee.jpg,unknownA19,satellite,train
e1839e839ce710ee,e1839e839ce710ee.jpg,unknownA19,satellite,train
e1e98f29494a6ba5,e1e98f29494a6ba5.jpg,unknown,satellite,val
e1e98f29494a6ba5,e1e98f29494a6ba5.jpg,unknown,satellite,val
e1e98f29494a6ba5,e1e98f29494a6ba5.jpg,unknown,satellite,val
e1e98f29494a6ba5,e1e98f29494a6ba5.jpg,unknown,satellite,val
e1e98f29494a6ba5,e1e98f29494a6ba5.jpg,unknown,satellite,val
e1e98f29494a6ba5,e1e98f29494a6ba5.jpg,unknown,satellite,val
e1e98f29494a6ba5,e1e98f29494a6ba5.jpg,unknown,satellite,val
e1e98f29494a6ba5,e1e98f29494a6ba5.jpg,unknown,satellite,val
e1e98f29494a6ba5,e1e98f29494a6ba5.jpg,unknown,satellite,val
e1e98f29494a6ba5,e1e98f29494a6ba5.jpg,unknown,satellite,val
e1e98f29494a6ba5,e1e98f29494a6ba5.jpg,unknown,satellite,val
e1e98f29494a6ba5,e1e98f29494a6ba5.jpg,unknown,satellite,val
e1e98f29494a6ba5,e1e98f29494a6ba5.jpg,unknown,satellite,val
e5a827963664d636,e5a827963664d636.jpg,unknown,satellite,val
e5a827963664d636,e5a827963664d636.jpg,unknown,satellite,val
e5a827963664d636,e5a827963664d636.jpg,unknown,satellite,val
e5a827963664d636,e5a827963664d636.jpg,unknown,satellite,val
e5a827963664d636,e5a827963664d636.jpg,unknown,satellite,val
e5a827963664d636,e5a827963664d636.jpg,unknown,satellite,val
e5a827963664d636,e5a827963664d636.jpg,unknown,satellite,val
e5a827963664d636,e5a827963664d636.jpg,unknown,satellite,val
e5a827963664d636,e5a827963664d636.jpg,unknown,satellite,val
e5a827963664d636,e5a827963664d636.jpg,unknown,satellite,val
e5a827963664d636,e5a827963664d636.jpg,unknown,satellite,val
e5a827963664d636,e5a827963664d636.jpg,unknown,satellite,val
e5a827963664d636,e5a827963664d636.jpg,unknown,satellite,val
e5bb4422d9d46aa5,e5bb4422d9d46aa5.jpg,unknown,satellite,val
e5bb4422d9d46aa5,e5bb4422d9d46aa5.jpg,unknown,satellite,val
e5bb4422d9d46aa5,e5bb4422d9d46aa5.jpg,unknown,satellite,val
e5bb4422d9d46aa5,e5bb4422d9d46aa5.jpg,unknown,satellite,val
e5bb4422d9d46aa5,e5bb4422d9d46aa5.jpg,unknown,satellite,val
e5bb4422d9d46aa5,e5bb4422d9d46aa5.jpg,unknown,satellite,val
e5bb4422d9d46aa5,e5bb4422d9d46aa5.jpg,unknown,satellite,val
e5bb4422d9d46aa5,e5bb4422d9d46aa5.jpg,unknown,satellite,val
e5bb4422d9d46aa5,e5bb4422d9d46aa5.jpg,unknown,satellite,val
e5bb4422d9d46aa5,e5bb4422d9d46aa5.jpg,unknown,satellite,val
e5bb4422d9d46aa5,e5bb4422d9d46aa5.jpg,unknown,satellite,val
e5bb4422d9d46aa5,e5bb4422d9d46aa5.jpg,unknown,satellite,val
e5bb4422d9d46aa5,e5bb4422d9d46aa5.jpg,unknown,satellite,val
e815d1da36b43715,e815d1da36b43715.jpg,unknown,satellite,val
e815d1da36b43715,e815d1da36b43715.jpg,unknown,satellite,val
e815d1da36b43715,e815d1da36b43715.jpg,unknown,satellite,val
e815d1da36b43715,e815d1da36b43715.jpg,unknown,satellite,val
e815d1da36b43715,e815d1da36b43715.jpg,unknown,satellite,val
e815d1da36b43715,e815d1da36b43715.jpg,unknown,satellite,val
e815d1da36b43715,e815d1da36b43715.jpg,unknown,satellite,val
e815d1da36b43715,e815d1da36b43715.jpg,unknown,satellite,val
e815d1da36b43715,e815d1da36b43715.jpg,unknown,satellite,val
e815d1da36b43715,e815d1da36b43715.jpg,unknown,satellite,val
e815d1da36b43715,e815d1da36b43715.jpg,unknown,satellite,val
e815d1da36b43715,e815d1da36b43715.jpg,unknown,satellite,val
e815d1da36b43715,e815d1da36b43715.jpg,unknown,satellite,val
e89e94e51585e25b,e89e94e51585e25b.jpg,c17,c17,train
e89e94e51585e25b,e89e94e51585e25b.jpg,c17,c17,train
e89e94e51585e25b,e89e94e51585e25b.jpg,c17,c17,train
e89e94e51585e25b,e89e94e51585e25b.jpg,c17,c17,train
e89e94e51585e25b,e89e94e51585e25b.jpg,c17,c17,train
e89e94e51585e25b,e89e94e51585e25b.jpg,c17,c17,train
e89e94e51585e25b,e89e94e51585e25b.jpg,c17,c17,train
e89e94e51585e25b,e89e94e51585e25b.jpg,c17,c17,train
e89e94e51585e25b,e89e94e51585e25b.jpg,c17,c17,train
e89e94e51585e25b,e89e94e51585e25b.jpg,c17,c17,train
e89e94e51585e25b,e89e94e51585e25b.jpg,c17,c17,train
e89e94e51585e25b,e89e94e51585e25b.jpg,c17,c17,train
e89e94e51585e25b,e89e94e51585e25b.jpg,c17,c17,train
eb71c34071c37fc0,eb71c34071c37fc0.jpg,unknown,satellite,val
eb71c34071c37fc0,eb71c34071c37fc0.jpg,unknown,satellite,val
eb71c34071c37fc0,eb71c34071c37fc0.jpg,unknown,satellite,val
eb71c34071c37fc0,eb71c34071c37fc0.jpg,unknown,satellite,val
eb71c34071c37fc0,eb71c34071c37fc0.jpg,unknown,satellite,val
eb71c34071c37fc0,eb71c34071c37fc0.jpg,unknown,satellite,val
eb71c34071c37fc0,eb71c34071c37fc0.jpg,unknown,satellite,val
eb71c34071c37fc0,eb71c34071c37fc0.jpg,unknown,satellite,val
eb71c34071c37fc0,eb71c34071c37fc0.jpg,unknown,satellite,val
eb71c34071c37fc0,eb71c34071c37fc0.jpg,unknown,satellite,val
eb71c34071c37fc0,eb71c34071c37fc0.jpg,unknown,satellite,val
eb71c34071c37fc0,eb71c34071c37fc0.jpg,unknown,satellite,val
eb71c34071c37fc0,eb71c34071c37fc0.jpg,unknown,satellite,val
ebc51763e1872172,ebc51763e1872172.jpg,unknownA19,satellite,train
ebc51763e1872172,ebc51763e1872172.jpg,unknownA1,satellite,train
ebc51763e1872172,ebc51763e1872172.jpg,unknownA19,satellite,train
ebc51763e1872172,ebc51763e1872172.jpg,unknownA19,satellite,train
ebc51763e1872172,ebc51763e1872172.jpg,unknownA1,satellite,train
ebc51763e1872172,ebc51763e1872172.jpg,mig23,satellite,train
ebc51763e1872172,ebc51763e1872172.jpg,unknownA19,satellite,train
ebc51763e1872172,ebc51763e1872172.jpg,mig23,satellite,train
ebc51763e1872172,ebc51763e1872172.jpg,unknownA19,satellite,train
ebc51763e1872172,ebc51763e1872172.jpg,mig23,satellite,train
ebc51763e1872172,ebc51763e1872172.jpg,mig23,satellite,train
ebc51763e1872172,ebc51763e1872172.jpg,unknownA1,satellite,train
ebc51763e1872172,ebc51763e1872172.jpg,unknownA19,satellite,train
ecc653c942d8ece2,ecc653c942d8ece2.jpg,rafale,rafale,train
ecc653c942d8ece2,ecc653c942d8ece2.jpg,rafale,rafale,train
ecc653c942d8ece2,ecc653c942d8ece2.jpg,rafale,rafale,train
ecc653c942d8ece2,ecc653c942d8ece2.jpg,rafale,rafale,train
ecc653c942d8ece2,ecc653c942d8ece2.jpg,rafale,rafale,train
ecc653c942d8ece2,ecc653c942d8ece2.jpg,rafale,rafale,train
ecc653c942d8ece2,ecc653c942d8ece2.jpg,rafale,rafale,train
ecc653c942d8ece2,ecc653c942d8ece2.jpg,rafale,rafale,train
ecc653c942d8ece2,ecc653c942d8ece2.jpg,rafale,rafale,train
ecc653c942d8ece2,ecc653c942d8ece2.jpg,rafale,rafale,train
ecc653c942d8ece2,ecc653c942d8ece2.jpg,rafale,rafale,train
ecc653c942d8ece2,ecc653c942d8ece2.jpg,rafale,rafale,train
ecc653c942d8ece2,ecc653c942d8ece2.jpg,rafale,rafale,train
ee7d82e8b5cbc420,ee7d82e8b5cbc420.jpg,hawk,hawk,train
ee7d82e8b5cbc420,ee7d82e8b5cbc420.jpg,hawk,hawk,train
ee7d82e8b5cbc420,ee7d82e8b5cbc420.jpg,typhoon,hawk,train
ee7d82e8b5cbc420,ee7d82e8b5cbc420.jpg,hawk,hawk,train
ee7d82e8b5cbc420,ee7d82e8b5cbc420.jpg,hawk,hawk,train
ee7d82e8b5cbc420,ee7d82e8b5cbc420.jpg,typhoon,hawk,train
ee7d82e8b5cbc420,ee7d82e8b5cbc420.jpg,hawk,hawk,train
ee7d82e8b5cbc420,ee7d82e8b5cbc420.jpg,typhoon,hawk,train
ee7d82e8b5cbc420,ee7d82e8b5cbc420.jpg,hawk,hawk,train
ee7d82e8b5cbc420,ee7d82e8b5cbc420.jpg,hawk,hawk,train
ee7d82e8b5cbc420,ee7d82e8b5cbc420.jpg,hawk,hawk,train
ee7d82e8b5cbc420,ee7d82e8b5cbc420.jpg,hawk,hawk,train
ee7d82e8b5cbc420,ee7d82e8b5cbc420.jpg,typhoon,hawk,train
efb5d2a90c0aa1d9,efb5d2a90c0aa1d9.jpg,f16,satellite,train
efb5d2a90c0aa1d9,efb5d2a90c0aa1d9.jpg,f16,satellite,train
efb5d2a90c0aa1d9,efb5d2a90c0aa1d9.jpg,f16,satellite,train
efb5d2a90c0aa1d9,efb5d2a90c0aa1d9.jpg,f16,satellite,train
efb5d2a90c0aa1d9,efb5d2a90c0aa1d9.jpg,f16,satellite,train
efb5d2a90c0aa1d9,efb5d2a90c0aa1d9.jpg,f16,satellite,train
efb5d2a90c0aa1d9,efb5d2a90c0aa1d9.jpg,f16,satellite,train
efb5d2a90c0aa1d9,efb5d2a90c0aa1d9.jpg,f16,satellite,train
efb5d2a90c0aa1d9,efb5d2a90c0aa1d9.jpg,f16,satellite,train
efb5d2a90c0aa1d9,efb5d2a90c0aa1d9.jpg,f16,satellite,train
efb5d2a90c0aa1d9,efb5d2a90c0aa1d9.jpg,f16,satellite,train
efb5d2a90c0aa1d9,efb5d2a90c0aa1d9.jpg,f16,satellite,train
efb5d2a90c0aa1d9,efb5d2a90c0aa1d9.jpg,f16,satellite,train
efba6618e29944b2,efba6618e29944b2.jpg,rafale,_multi,train
efba6618e29944b2,efba6618e29944b2.jpg,rafale,_multi,train
efba6618e29944b2,efba6618e29944b2.jpg,f18,_multi,train
efba6618e29944b2,efba6618e29944b2.jpg,rafale,_multi,train
efba6618e29944b2,efba6618e29944b2.jpg,rafale,_multi,train
efba6618e29944b2,efba6618e29944b2.jpg,rafale,_multi,train
efba6618e29944b2,efba6618e29944b2.jpg,rafale,_multi,train
efba6618e29944b2,efba6618e29944b2.jpg,rafale,_multi,train
efba6618e29944b2,efba6618e29944b2.jpg,f18,_multi,train
efba6618e29944b2,efba6618e29944b2.jpg,rafale,_multi,train
efba6618e29944b2,efba6618e29944b2.jpg,f18,_multi,train
efba6618e29944b2,efba6618e29944b2.jpg,f18,_multi,train
efba6618e29944b2,efba6618e29944b2.jpg,rafale,_multi,train
efba6618e29946b0,efba6618e29946b0.jpg,rafale,_multi,train
efba6618e29946b0,efba6618e29946b0.jpg,f18,_multi,train
efba6618e29946b0,efba6618e29946b0.jpg,f18,_multi,train
efba6618e29946b0,efba6618e29946b0.jpg,rafale,_multi,train
efba6618e29946b0,efba6618e29946b0.jpg,f18,_multi,train
efba6618e29946b0,efba6618e29946b0.jpg,rafale,_multi,train
efba6618e29946b0,efba6618e29946b0.jpg,rafale,_multi,train
efba6618e29946b0,efba6618e29946b0.jpg,rafale,_multi,train
efba6618e29946b0,efba6618e29946b0.jpg,rafale,_multi,train
efba6618e29946b0,efba6618e29946b0.jpg,rafale,_multi,train
efba6618e29946b0,efba6618e29946b0.jpg,f18,_multi,train
efba6618e29946b0,efba6618e29946b0.jpg,rafale,_multi,train
efba6618e29946b0,efba6618e29946b0.jpg,rafale,_multi,train
f0272f7c449f5e20,f0272f7c449f5e20.jpg,unknown,_multi,train
f0272f7c449f5e20,f0272f7c449f5e20.jpg,unknown,_multi,train
f0272f7c449f5e20,f0272f7c449f5e20.jpg,f16,_multi,train
f0272f7c449f5e20,f0272f7c449f5e20.jpg,unknown,_multi,train
f0272f7c449f5e20,f0272f7c449f5e20.jpg,f16,_multi,train
f0272f7c449f5e20,f0272f7c449f5e20.jpg,f16,_multi,train
f0272f7c449f5e20,f0272f7c449f5e20.jpg,f16,_multi,train
f0272f7c449f5e20,f0272f7c449f5e20.jpg,f16,_multi,train
f0272f7c449f5e20,f0272f7c449f5e20.jpg,unknown,_multi,train
f0272f7c449f5e20,f0272f7c449f5e20.jpg,unknown,_multi,train
f0272f7c449f5e20,f0272f7c449f5e20.jpg,f16,_multi,train
f0272f7c449f5e20,f0272f7c449f5e20.jpg,unknown,_multi,train
f0272f7c449f5e20,f0272f7c449f5e20.jpg,unknown,_multi,train
f14a65352a21cef3,f14a65352a21cef3.jpg,f15,satellite,train
f14a65352a21cef3,f14a65352a21cef3.jpg,f15,satellite,train
f14a65352a21cef3,f14a65352a21cef3.jpg,f15,satellite,train
f14a65352a21cef3,f14a65352a21cef3.jpg,f15,satellite,train
f14a65352a21cef3,f14a65352a21cef3.jpg,f15,satellite,train
f14a65352a21cef3,f14a65352a21cef3.jpg,f15,satellite,train
f14a65352a21cef3,f14a65352a21cef3.jpg,f15,satellite,train
f14a65352a21cef3,f14a65352a21cef3.jpg,f15,satellite,train
f14a65352a21cef3,f14a65352a21cef3.jpg,f15,satellite,train
f14a65352a21cef3,f14a65352a21cef3.jpg,f15,satellite,train
f14a65352a21cef3,f14a65352a21cef3.jpg,f15,satellite,train
f14a65352a21cef3,f14a65352a21cef3.jpg,f15,satellite,train
f14a65352a21cef3,f14a65352a21cef3.jpg,f15,satellite,train
f14f8d30c69930f9,f14f8d30c69930f9.jpg,jaguar,jaguar,train
f14f8d30c69930f9,f14f8d30c69930f9.jpg,jaguar,jaguar,train
f14f8d30c69930f9,f14f8d30c69930f9.jpg,jaguar,jaguar,train
f14f8d30c69930f9,f14f8d30c69930f9.jpg,jaguar,jaguar,train
f14f8d30c69930f9,f14f8d30c69930f9.jpg,jaguar,jaguar,train
f14f8d30c69930f9,f14f8d30c69930f9.jpg,jaguar,jaguar,train
f14f8d30c69930f9,f14f8d30c69930f9.jpg,jaguar,jaguar,train
f14f8d30c69930f9,f14f8d30c69930f9.jpg,jaguar,jaguar,train
f14f8d30c69930f9,f14f8d30c69930f9.jpg,jaguar,jaguar,train
f14f8d30c69930f9,f14f8d30c69930f9.jpg,jaguar,jaguar,train
f14f8d30c69930f9,f14f8d30c69930f9.jpg,jaguar,jaguar,train
f14f8d30c69930f9,f14f8d30c69930f9.jpg,jaguar,jaguar,train
f14f8d30c69930f9,f14f8d30c69930f9.jpg,jaguar,jaguar,train
f195b470af0ecc1a,f195b470af0ecc1a.jpg,f15,satellite,train
f195b470af0ecc1a,f195b470af0ecc1a.jpg,f15,satellite,train
f195b470af0ecc1a,f195b470af0ecc1a.jpg,f22,satellite,train
f195b470af0ecc1a,f195b470af0ecc1a.jpg,f22,satellite,train
f195b470af0ecc1a,f195b470af0ecc1a.jpg,f22,satellite,train
f195b470af0ecc1a,f195b470af0ecc1a.jpg,f15,satellite,train
f195b470af0ecc1a,f195b470af0ecc1a.jpg,f22,satellite,train
f195b470af0ecc1a,f195b470af0ecc1a.jpg,f22,satellite,train
f195b470af0ecc1a,f195b470af0ecc1a.jpg,f22,satellite,train
f195b470af0ecc1a,f195b470af0ecc1a.jpg,f22,satellite,train
f195b470af0ecc1a,f195b470af0ecc1a.jpg,f15,satellite,train
f195b470af0ecc1a,f195b470af0ecc1a.jpg,f15,satellite,train
f195b470af0ecc1a,f195b470af0ecc1a.jpg,f15,satellite,train
f19966cc31dc20d7,f19966cc31dc20d7.jpg,unknown,satellite,val
f19966cc31dc20d7,f19966cc31dc20d7.jpg,unknown,satellite,val
f19966cc31dc20d7,f19966cc31dc20d7.jpg,unknown,satellite,val
f19966cc31dc20d7,f19966cc31dc20d7.jpg,unknown,satellite,val
f19966cc31dc20d7,f19966cc31dc20d7.jpg,unknown,satellite,val
f19966cc31dc20d7,f19966cc31dc20d7.jpg,unknown,satellite,val
f19966cc31dc20d7,f19966cc31dc20d7.jpg,unknown,satellite,val
f19966cc31dc20d7,f19966cc31dc20d7.jpg,unknown,satellite,val
f19966cc31dc20d7,f19966cc31dc20d7.jpg,unknown,satellite,val
f19966cc31dc20d7,f19966cc31dc20d7.jpg,unknown,satellite,val
f19966cc31dc20d7,f19966cc31dc20d7.jpg,unknown,satellite,val
f19966cc31dc20d7,f19966cc31dc20d7.jpg,unknown,satellite,val
f19966cc31dc20d7,f19966cc31dc20d7.jpg,unknown,satellite,val
f3acbb00c5f9074a,f3acbb00c5f9074a.jpg,f15,satellite,train
f3acbb00c5f9074a,f3acbb00c5f9074a.jpg,f15,satellite,train
f3acbb00c5f9074a,f3acbb00c5f9074a.jpg,f15,satellite,train
f3acbb00c5f9074a,f3acbb00c5f9074a.jpg,f15,satellite,train
f3acbb00c5f9074a,f3acbb00c5f9074a.jpg,f15,satellite,train
f3acbb00c5f9074a,f3acbb00c5f9074a.jpg,f15,satellite,train
f3acbb00c5f9074a,f3acbb00c5f9074a.jpg,f15,satellite,train
f3acbb00c5f9074a,f3acbb00c5f9074a.jpg,f15,satellite,train
f3acbb00c5f9074a,f3acbb00c5f9074a.jpg,f15,satellite,train
f3acbb00c5f9074a,f3acbb00c5f9074a.jpg,f15,satellite,train
f3acbb00c5f9074a,f3acbb00c5f9074a.jpg,f15,satellite,train
f3acbb00c5f9074a,f3acbb00c5f9074a.jpg,f15,satellite,train
f3acbb00c5f9074a,f3acbb00c5f9074a.jpg,f15,satellite,train
f7b28261c0652fda,f7b28261c0652fda.jpg,f16,satellite,train
f7b28261c0652fda,f7b28261c0652fda.jpg,f16,satellite,train
f7b28261c0652fda,f7b28261c0652fda.jpg,f16,satellite,train
f7b28261c0652fda,f7b28261c0652fda.jpg,f16,satellite,train
f7b28261c0652fda,f7b28261c0652fda.jpg,f16,satellite,train
f7b28261c0652fda,f7b28261c0652fda.jpg,f16,satellite,train
f7b28261c0652fda,f7b28261c0652fda.jpg,f16,satellite,train
f7b28261c0652fda,f7b28261c0652fda.jpg,f16,satellite,train
f7b28261c0652fda,f7b28261c0652fda.jpg,f16,satellite,train
f7b28261c0652fda,f7b28261c0652fda.jpg,f16,satellite,train
f7b28261c0652fda,f7b28261c0652fda.jpg,f16,satellite,train
f7b28261c0652fda,f7b28261c0652fda.jpg,f16,satellite,train
f7b28261c0652fda,f7b28261c0652fda.jpg,f16,satellite,train
f885388faa2f58b2,f885388faa2f58b2.jpg,unknownA14,satellite,train
f885388faa2f58b2,f885388faa2f58b2.jpg,c130,satellite,train
f885388faa2f58b2,f885388faa2f58b2.jpg,c130,satellite,train
f885388faa2f58b2,f885388faa2f58b2.jpg,c130,satellite,train
f885388faa2f58b2,f885388faa2f58b2.jpg,unknownA14,satellite,train
f885388faa2f58b2,f885388faa2f58b2.jpg,c130,satellite,train
f885388faa2f58b2,f885388faa2f58b2.jpg,unknownA14,satellite,train
f885388faa2f58b2,f885388faa2f58b2.jpg,unknownA14,satellite,train
f885388faa2f58b2,f885388faa2f58b2.jpg,unknownA14,satellite,train
f885388faa2f58b2,f885388faa2f58b2.jpg,c130,satellite,train
f885388faa2f58b2,f885388faa2f58b2.jpg,c130,satellite,train
f885388faa2f58b2,f885388faa2f58b2.jpg,c130,satellite,train
f885388faa2f58b2,f885388faa2f58b2.jpg,unknownA14,satellite,train
fa956f847aa10770,fa956f847aa10770.jpg,unknown,satellite,val
fa956f847aa10770,fa956f847aa10770.jpg,unknown,satellite,val
fa956f847aa10770,fa956f847aa10770.jpg,unknown,satellite,val
fa956f847aa10770,fa956f847aa10770.jpg,unknown,satellite,val
fa956f847aa10770,fa956f847aa10770.jpg,unknown,satellite,val
fa956f847aa10770,fa956f847aa10770.jpg,unknown,satellite,val
fa956f847aa10770,fa956f847aa10770.jpg,unknown,satellite,val
fa956f847aa10770,fa956f847aa10770.jpg,unknown,satellite,val
fa956f847aa10770,fa956f847aa10770.jpg,unknown,satellite,val
fa956f847aa10770,fa956f847aa10770.jpg,unknown,satellite,val
fa956f847aa10770,fa956f847aa10770.jpg,unknown,satellite,val
fa956f847aa10770,fa956f847aa10770.jpg,unknown,satellite,val
fa956f847aa10770,fa956f847aa10770.jpg,unknown,satellite,val
fd1d20d1cf8a95a8,fd1d20d1cf8a95a8.jpg,c5,satellite,train
fd1d20d1cf8a95a8,fd1d20d1cf8a95a8.jpg,c5,satellite,train
fd1d20d1cf8a95a8,fd1d20d1cf8a95a8.jpg,c5,satellite,train
fd1d20d1cf8a95a8,fd1d20d1cf8a95a8.jpg,c5,satellite,train
fd1d20d1cf8a95a8,fd1d20d1cf8a95a8.jpg,c5,satellite,train
fd1d20d1cf8a95a8,fd1d20d1cf8a95a8.jpg,c5,satellite,train
fd1d20d1cf8a95a8,fd1d20d1cf8a95a8.jpg,c5,satellite,train
fd1d20d1cf8a95a8,fd1d20d1cf8a95a8.jpg,c5,satellite,train
fd1d20d1cf8a95a8,fd1d20d1cf8a95a8.jpg,c5,satellite,train
fd1d20d1cf8a95a8,fd1d20d1cf8a95a8.jpg,c5,satellite,train
fd1d20d1cf8a95a8,fd1d20d1cf8a95a8.jpg,c5,satellite,train
fd1d20d1cf8a95a8,fd1d20d1cf8a95a8.jpg,c5,satellite,train
fd1d20d1cf8a95a8,fd1d20d1cf8a95a8.jpg,c5,satellite,train
fdf92820e43e8be0,fdf92820e43e8be0.jpg,f18,satellite,train
fdf92820e43e8be0,fdf92820e43e8be0.jpg,f18,satellite,train
fdf92820e43e8be0,fdf92820e43e8be0.jpg,f18,satellite,train
fdf92820e43e8be0,fdf92820e43e8be0.jpg,f18,satellite,train
fdf92820e43e8be0,fdf92820e43e8be0.jpg,f18,satellite,train
fdf92820e43e8be0,fdf92820e43e8be0.jpg,f18,satellite,train
fdf92820e43e8be0,fdf92820e43e8be0.jpg,f18,satellite,train
fdf92820e43e8be0,fdf92820e43e8be0.jpg,f18,satellite,train
fdf92820e43e8be0,fdf92820e43e8be0.jpg,f18,satellite,train
fdf92820e43e8be0,fdf92820e43e8be0.jpg,f18,satellite,train
fdf92820e43e8be0,fdf92820e43e8be0.jpg,f18,satellite,train
fdf92820e43e8be0,fdf92820e43e8be0.jpg,f18,satellite,train
fdf92820e43e8be0,fdf92820e43e8be0.jpg,f18,satellite,train
fed0ea0040073eff,fed0ea0040073eff.jpg,unknown,satellite,val
fed0ea0040073eff,fed0ea0040073eff.jpg,unknown,satellite,val
fed0ea0040073eff,fed0ea0040073eff.jpg,unknown,satellite,val
fed0ea0040073eff,fed0ea0040073eff.jpg,unknown,satellite,val
fed0ea0040073eff,fed0ea0040073eff.jpg,unknown,satellite,val
fed0ea0040073eff,fed0ea0040073eff.jpg,unknown,satellite,val
fed0ea0040073eff,fed0ea0040073eff.jpg,unknown,satellite,val
fed0ea0040073eff,fed0ea0040073eff.jpg,unknown,satellite,val
fed0ea0040073eff,fed0ea0040073eff.jpg,unknown,satellite,val
fed0ea0040073eff,fed0ea0040073eff.jpg,unknown,satellite,val
fed0ea0040073eff,fed0ea0040073eff.jpg,unknown,satellite,val
fed0ea0040073eff,fed0ea0040073eff.jpg,unknown,satellite,val
fed0ea0040073eff,fed0ea0040073eff.jpg,unknown,satellite,val
